goal_code	goal_labelEN	goal_descEN	target_code	target_descEN	indicator_code	indicator_reference	indicator_descEN	series_release	series_tags	series	seriesDescription	geoAreaCode	geoAreaName	level	parentCode	parentName	type	X	Y	ISO3	UN_Member	Country_Profile	timeCoverage	geoInfoUrl	years	min_year	max_year	n_years	unitsCode	unitsDesc	reportingTypeCode	reportingTypeDesc	value_2018	latest_value	basePeriod	valueDetails	footnotes	sources	timeDetails	nature
17	Goal 17	Strengthen the means of implementation and revitalize the Global Partnership for Sustainable Development	17.16	Enhance the Global Partnership for Sustainable Development, complemented by multi-stakeholder partnerships that mobilize and share knowledge, expertise, technology and financial resources, to support the achievement of the Sustainable Development Goals in all countries, in particular developing countries	C171601	17.16.1	Number of countries reporting progress in multi-stakeholder development effectiveness monitoring frameworks that support the achievement of the sustainable development goals	2020.Q2.G.03	['means of implementation', 'programme evaluation']	SG_PLN_MSTKSDG	Progress in multi-stakeholder development effectiveness monitoring frameworks that support the achievement of the sustainable development goals (1 = YES; 0 = NO)	124	Canada	4	21	Northern America	Country	-101.6575058	57.72360191	CAN	1	1			[2018]	2018	2018	1	BOOL	Boolean or binary measure	G	Global	1.0	1.0			Provider	Organisation for Economic Co-operation and Development (OECD) and United Nations Development Programme (UNDP).		_X: Data nature not available
17	Goal 17	Strengthen the means of implementation and revitalize the Global Partnership for Sustainable Development	17.16	Enhance the Global Partnership for Sustainable Development, complemented by multi-stakeholder partnerships that mobilize and share knowledge, expertise, technology and financial resources, to support the achievement of the Sustainable Development Goals in all countries, in particular developing countries	C171601	17.16.1	Number of countries reporting progress in multi-stakeholder development effectiveness monitoring frameworks that support the achievement of the sustainable development goals	2020.Q2.G.03	['means of implementation', 'programme evaluation']	SG_PLN_MSTKSDG	Progress in multi-stakeholder development effectiveness monitoring frameworks that support the achievement of the sustainable development goals (1 = YES; 0 = NO)	132	Cabo Verde	5	11	Western Africa	Country	-23.63544151	15.07791834	CPV	1	1			[2018]	2018	2018	1	BOOL	Boolean or binary measure	G	Global	1.0	1.0			Recipient	Organisation for Economic Co-operation and Development (OECD) and United Nations Development Programme (UNDP).		_X: Data nature not available
17	Goal 17	Strengthen the means of implementation and revitalize the Global Partnership for Sustainable Development	17.16	Enhance the Global Partnership for Sustainable Development, complemented by multi-stakeholder partnerships that mobilize and share knowledge, expertise, technology and financial resources, to support the achievement of the Sustainable Development Goals in all countries, in particular developing countries	C171601	17.16.1	Number of countries reporting progress in multi-stakeholder development effectiveness monitoring frameworks that support the achievement of the sustainable development goals	2020.Q2.G.03	['means of implementation', 'programme evaluation']	SG_PLN_MSTKSDG	Progress in multi-stakeholder development effectiveness monitoring frameworks that support the achievement of the sustainable development goals (1 = YES; 0 = NO)	148	Chad	5	17	Middle Africa	Country	18.66618401	15.36279341	TCD	1	1			[2018]	2018	2018	1	BOOL	Boolean or binary measure	G	Global	1.0	1.0			Recipient	Organisation for Economic Co-operation and Development (OECD) and United Nations Development Programme (UNDP).		_X: Data nature not available
17	Goal 17	Strengthen the means of implementation and revitalize the Global Partnership for Sustainable Development	17.16	Enhance the Global Partnership for Sustainable Development, complemented by multi-stakeholder partnerships that mobilize and share knowledge, expertise, technology and financial resources, to support the achievement of the Sustainable Development Goals in all countries, in particular developing countries	C171601	17.16.1	Number of countries reporting progress in multi-stakeholder development effectiveness monitoring frameworks that support the achievement of the sustainable development goals	2020.Q2.G.03	['means of implementation', 'programme evaluation']	SG_PLN_MSTKSDG	Progress in multi-stakeholder development effectiveness monitoring frameworks that support the achievement of the sustainable development goals (1 = YES; 0 = NO)	156	China	4	30	Eastern Asia	Country	104.1403375	32.30955217	CHN	1	1			[2018]	2018	2018	1	BOOL	Boolean or binary measure	G	Global	1.0	1.0			Provider	Organisation for Economic Co-operation and Development (OECD) and United Nations Development Programme (UNDP).		_X: Data nature not available
17	Goal 17	Strengthen the means of implementation and revitalize the Global Partnership for Sustainable Development	17.16	Enhance the Global Partnership for Sustainable Development, complemented by multi-stakeholder partnerships that mobilize and share knowledge, expertise, technology and financial resources, to support the achievement of the Sustainable Development Goals in all countries, in particular developing countries	C171601	17.16.1	Number of countries reporting progress in multi-stakeholder development effectiveness monitoring frameworks that support the achievement of the sustainable development goals	2020.Q2.G.03	['means of implementation', 'programme evaluation']	SG_PLN_MSTKSDG	Progress in multi-stakeholder development effectiveness monitoring frameworks that support the achievement of the sustainable development goals (1 = YES; 0 = NO)	174	Comoros	5	14	Eastern Africa	Country	43.34234565	-11.66121732	COM	1	1			[2018]	2018	2018	1	BOOL	Boolean or binary measure	G	Global	1.0	1.0			Recipient	Organisation for Economic Co-operation and Development (OECD) and United Nations Development Programme (UNDP).		_X: Data nature not available
17	Goal 17	Strengthen the means of implementation and revitalize the Global Partnership for Sustainable Development	17.16	Enhance the Global Partnership for Sustainable Development, complemented by multi-stakeholder partnerships that mobilize and share knowledge, expertise, technology and financial resources, to support the achievement of the Sustainable Development Goals in all countries, in particular developing countries	C171601	17.16.1	Number of countries reporting progress in multi-stakeholder development effectiveness monitoring frameworks that support the achievement of the sustainable development goals	2020.Q2.G.03	['means of implementation', 'programme evaluation']	SG_PLN_MSTKSDG	Progress in multi-stakeholder development effectiveness monitoring frameworks that support the achievement of the sustainable development goals (1 = YES; 0 = NO)	178	Congo	5	11	Western Africa	Country	15.22052612	-0.840544119	COG	1	1			[2018]	2018	2018	1	BOOL	Boolean or binary measure	G	Global	1.0	1.0			Recipient	Organisation for Economic Co-operation and Development (OECD) and United Nations Development Programme (UNDP).		_X: Data nature not available
17	Goal 17	Strengthen the means of implementation and revitalize the Global Partnership for Sustainable Development	17.16	Enhance the Global Partnership for Sustainable Development, complemented by multi-stakeholder partnerships that mobilize and share knowledge, expertise, technology and financial resources, to support the achievement of the Sustainable Development Goals in all countries, in particular developing countries	C171601	17.16.1	Number of countries reporting progress in multi-stakeholder development effectiveness monitoring frameworks that support the achievement of the sustainable development goals	2020.Q2.G.03	['means of implementation', 'programme evaluation']	SG_PLN_MSTKSDG	Progress in multi-stakeholder development effectiveness monitoring frameworks that support the achievement of the sustainable development goals (1 = YES; 0 = NO)	184	Cook Islands	4	61	Polynesia	Country	-159.7711391	-21.22696458	COK	0	1			[2018]	2018	2018	1	BOOL	Boolean or binary measure	G	Global	1.0	1.0			Recipient	Organisation for Economic Co-operation and Development (OECD) and United Nations Development Programme (UNDP).		_X: Data nature not available
17	Goal 17	Strengthen the means of implementation and revitalize the Global Partnership for Sustainable Development	17.16	Enhance the Global Partnership for Sustainable Development, complemented by multi-stakeholder partnerships that mobilize and share knowledge, expertise, technology and financial resources, to support the achievement of the Sustainable Development Goals in all countries, in particular developing countries	C171601	17.16.1	Number of countries reporting progress in multi-stakeholder development effectiveness monitoring frameworks that support the achievement of the sustainable development goals	2020.Q2.G.03	['means of implementation', 'programme evaluation']	SG_PLN_MSTKSDG	Progress in multi-stakeholder development effectiveness monitoring frameworks that support the achievement of the sustainable development goals (1 = YES; 0 = NO)	188	Costa Rica	5	13	Central America	Country	-84.19712782	9.970998683	CRI	1	1			[2018]	2018	2018	1	BOOL	Boolean or binary measure	G	Global	1.0	1.0			Recipient	Organisation for Economic Co-operation and Development (OECD) and United Nations Development Programme (UNDP).		_X: Data nature not available
17	Goal 17	Strengthen the means of implementation and revitalize the Global Partnership for Sustainable Development	17.16	Enhance the Global Partnership for Sustainable Development, complemented by multi-stakeholder partnerships that mobilize and share knowledge, expertise, technology and financial resources, to support the achievement of the Sustainable Development Goals in all countries, in particular developing countries	C171601	17.16.1	Number of countries reporting progress in multi-stakeholder development effectiveness monitoring frameworks that support the achievement of the sustainable development goals	2020.Q2.G.03	['means of implementation', 'programme evaluation']	SG_PLN_MSTKSDG	Progress in multi-stakeholder development effectiveness monitoring frameworks that support the achievement of the sustainable development goals (1 = YES; 0 = NO)	204	Benin	5	11	Western Africa	Country	2.339933594	9.65401646	BEN	1	1			[2018]	2018	2018	1	BOOL	Boolean or binary measure	G	Global	1.0	1.0			Recipient	Organisation for Economic Co-operation and Development (OECD) and United Nations Development Programme (UNDP).		_X: Data nature not available
17	Goal 17	Strengthen the means of implementation and revitalize the Global Partnership for Sustainable Development	17.16	Enhance the Global Partnership for Sustainable Development, complemented by multi-stakeholder partnerships that mobilize and share knowledge, expertise, technology and financial resources, to support the achievement of the Sustainable Development Goals in all countries, in particular developing countries	C171601	17.16.1	Number of countries reporting progress in multi-stakeholder development effectiveness monitoring frameworks that support the achievement of the sustainable development goals	2020.Q2.G.03	['means of implementation', 'programme evaluation']	SG_PLN_MSTKSDG	Progress in multi-stakeholder development effectiveness monitoring frameworks that support the achievement of the sustainable development goals (1 = YES; 0 = NO)	231	Ethiopia	5	14	Eastern Africa	Country	39.63505296	8.631223181	ETH	1	1			[2018]	2018	2018	1	BOOL	Boolean or binary measure	G	Global	1.0	1.0			Recipient	Organisation for Economic Co-operation and Development (OECD) and United Nations Development Programme (UNDP).		_X: Data nature not available
17	Goal 17	Strengthen the means of implementation and revitalize the Global Partnership for Sustainable Development	17.16	Enhance the Global Partnership for Sustainable Development, complemented by multi-stakeholder partnerships that mobilize and share knowledge, expertise, technology and financial resources, to support the achievement of the Sustainable Development Goals in all countries, in particular developing countries	C171601	17.16.1	Number of countries reporting progress in multi-stakeholder development effectiveness monitoring frameworks that support the achievement of the sustainable development goals	2020.Q2.G.03	['means of implementation', 'programme evaluation']	SG_PLN_MSTKSDG	Progress in multi-stakeholder development effectiveness monitoring frameworks that support the achievement of the sustainable development goals (1 = YES; 0 = NO)	246	Finland	4	154	Northern Europe	Country	23.308447	61.91586738	FIN	1	1			[2018]	2018	2018	1	BOOL	Boolean or binary measure	G	Global	1.0	1.0			Provider	Organisation for Economic Co-operation and Development (OECD) and United Nations Development Programme (UNDP).		_X: Data nature not available
17	Goal 17	Strengthen the means of implementation and revitalize the Global Partnership for Sustainable Development	17.16	Enhance the Global Partnership for Sustainable Development, complemented by multi-stakeholder partnerships that mobilize and share knowledge, expertise, technology and financial resources, to support the achievement of the Sustainable Development Goals in all countries, in particular developing countries	C171601	17.16.1	Number of countries reporting progress in multi-stakeholder development effectiveness monitoring frameworks that support the achievement of the sustainable development goals	2020.Q2.G.03	['means of implementation', 'programme evaluation']	SG_PLN_MSTKSDG	Progress in multi-stakeholder development effectiveness monitoring frameworks that support the achievement of the sustainable development goals (1 = YES; 0 = NO)	276	Germany	4	155	Western Europe	Country	10.3806066	51.08862743	DEU	1	1			[2018]	2018	2018	1	BOOL	Boolean or binary measure	G	Global	1.0	1.0			Provider	Organisation for Economic Co-operation and Development (OECD) and United Nations Development Programme (UNDP).		_X: Data nature not available
17	Goal 17	Strengthen the means of implementation and revitalize the Global Partnership for Sustainable Development	17.16	Enhance the Global Partnership for Sustainable Development, complemented by multi-stakeholder partnerships that mobilize and share knowledge, expertise, technology and financial resources, to support the achievement of the Sustainable Development Goals in all countries, in particular developing countries	C171601	17.16.1	Number of countries reporting progress in multi-stakeholder development effectiveness monitoring frameworks that support the achievement of the sustainable development goals	2020.Q2.G.03	['means of implementation', 'programme evaluation']	SG_PLN_MSTKSDG	Progress in multi-stakeholder development effectiveness monitoring frameworks that support the achievement of the sustainable development goals (1 = YES; 0 = NO)	300	Greece	4	39	Southern Europe	Country	22.58307827	39.47301873	GRC	1	1			[2018]	2018	2018	1	BOOL	Boolean or binary measure	G	Global	1.0	1.0			Provider	Organisation for Economic Co-operation and Development (OECD) and United Nations Development Programme (UNDP).		_X: Data nature not available
17	Goal 17	Strengthen the means of implementation and revitalize the Global Partnership for Sustainable Development	17.16	Enhance the Global Partnership for Sustainable Development, complemented by multi-stakeholder partnerships that mobilize and share knowledge, expertise, technology and financial resources, to support the achievement of the Sustainable Development Goals in all countries, in particular developing countries	C171601	17.16.1	Number of countries reporting progress in multi-stakeholder development effectiveness monitoring frameworks that support the achievement of the sustainable development goals	2020.Q2.G.03	['means of implementation', 'programme evaluation']	SG_PLN_MSTKSDG	Progress in multi-stakeholder development effectiveness monitoring frameworks that support the achievement of the sustainable development goals (1 = YES; 0 = NO)	332	Haiti	5	29	Caribbean	Country	-72.33640958	18.40426539	HTI	1	1			[2018]	2018	2018	1	BOOL	Boolean or binary measure	G	Global	1.0	1.0			Recipient	Organisation for Economic Co-operation and Development (OECD) and United Nations Development Programme (UNDP).		_X: Data nature not available
17	Goal 17	Strengthen the means of implementation and revitalize the Global Partnership for Sustainable Development	17.16	Enhance the Global Partnership for Sustainable Development, complemented by multi-stakeholder partnerships that mobilize and share knowledge, expertise, technology and financial resources, to support the achievement of the Sustainable Development Goals in all countries, in particular developing countries	C171601	17.16.1	Number of countries reporting progress in multi-stakeholder development effectiveness monitoring frameworks that support the achievement of the sustainable development goals	2020.Q2.G.03	['means of implementation', 'programme evaluation']	SG_PLN_MSTKSDG	Progress in multi-stakeholder development effectiveness monitoring frameworks that support the achievement of the sustainable development goals (1 = YES; 0 = NO)	352	Iceland	4	154	Northern Europe	Country	-19.02116966	64.79134763	ISL	1	1			[2018]	2018	2018	1	BOOL	Boolean or binary measure	G	Global	1.0	1.0			Provider	Organisation for Economic Co-operation and Development (OECD) and United Nations Development Programme (UNDP).		_X: Data nature not available
17	Goal 17	Strengthen the means of implementation and revitalize the Global Partnership for Sustainable Development	17.16	Enhance the Global Partnership for Sustainable Development, complemented by multi-stakeholder partnerships that mobilize and share knowledge, expertise, technology and financial resources, to support the achievement of the Sustainable Development Goals in all countries, in particular developing countries	C171601	17.16.1	Number of countries reporting progress in multi-stakeholder development effectiveness monitoring frameworks that support the achievement of the sustainable development goals	2020.Q2.G.03	['means of implementation', 'programme evaluation']	SG_PLN_MSTKSDG	Progress in multi-stakeholder development effectiveness monitoring frameworks that support the achievement of the sustainable development goals (1 = YES; 0 = NO)	36	Australia	4	53	Australia and New Zealand	Country	134.3499412	-25.57717202	AUS	1	1			[2018]	2018	2018	1	BOOL	Boolean or binary measure	G	Global	1.0	1.0			Provider	Organisation for Economic Co-operation and Development (OECD) and United Nations Development Programme (UNDP).		_X: Data nature not available
17	Goal 17	Strengthen the means of implementation and revitalize the Global Partnership for Sustainable Development	17.16	Enhance the Global Partnership for Sustainable Development, complemented by multi-stakeholder partnerships that mobilize and share knowledge, expertise, technology and financial resources, to support the achievement of the Sustainable Development Goals in all countries, in particular developing countries	C171601	17.16.1	Number of countries reporting progress in multi-stakeholder development effectiveness monitoring frameworks that support the achievement of the sustainable development goals	2020.Q2.G.03	['means of implementation', 'programme evaluation']	SG_PLN_MSTKSDG	Progress in multi-stakeholder development effectiveness monitoring frameworks that support the achievement of the sustainable development goals (1 = YES; 0 = NO)	372	Ireland	4	154	Northern Europe	Country	-7.121425272	53.25274054	IRL	1	1			[2018]	2018	2018	1	BOOL	Boolean or binary measure	G	Global	1.0	1.0			Provider	Organisation for Economic Co-operation and Development (OECD) and United Nations Development Programme (UNDP).		_X: Data nature not available
17	Goal 17	Strengthen the means of implementation and revitalize the Global Partnership for Sustainable Development	17.16	Enhance the Global Partnership for Sustainable Development, complemented by multi-stakeholder partnerships that mobilize and share knowledge, expertise, technology and financial resources, to support the achievement of the Sustainable Development Goals in all countries, in particular developing countries	C171601	17.16.1	Number of countries reporting progress in multi-stakeholder development effectiveness monitoring frameworks that support the achievement of the sustainable development goals	2020.Q2.G.03	['means of implementation', 'programme evaluation']	SG_PLN_MSTKSDG	Progress in multi-stakeholder development effectiveness monitoring frameworks that support the achievement of the sustainable development goals (1 = YES; 0 = NO)	384	CÃ´te d'Ivoire	5	11	Western Africa	Country	-5.552690016	7.62211586	CIV	1	1			[2018]	2018	2018	1	BOOL	Boolean or binary measure	G	Global	1.0	1.0			Recipient	Organisation for Economic Co-operation and Development (OECD) and United Nations Development Programme (UNDP).		_X: Data nature not available
17	Goal 17	Strengthen the means of implementation and revitalize the Global Partnership for Sustainable Development	17.16	Enhance the Global Partnership for Sustainable Development, complemented by multi-stakeholder partnerships that mobilize and share knowledge, expertise, technology and financial resources, to support the achievement of the Sustainable Development Goals in all countries, in particular developing countries	C171601	17.16.1	Number of countries reporting progress in multi-stakeholder development effectiveness monitoring frameworks that support the achievement of the sustainable development goals	2020.Q2.G.03	['means of implementation', 'programme evaluation']	SG_PLN_MSTKSDG	Progress in multi-stakeholder development effectiveness monitoring frameworks that support the achievement of the sustainable development goals (1 = YES; 0 = NO)	392	Japan	4	30	Eastern Asia	Country	139.2716103	36.6554539	JPN	1	1			[2018]	2018	2018	1	BOOL	Boolean or binary measure	G	Global	1.0	1.0			Provider	Organisation for Economic Co-operation and Development (OECD) and United Nations Development Programme (UNDP).		_X: Data nature not available
17	Goal 17	Strengthen the means of implementation and revitalize the Global Partnership for Sustainable Development	17.16	Enhance the Global Partnership for Sustainable Development, complemented by multi-stakeholder partnerships that mobilize and share knowledge, expertise, technology and financial resources, to support the achievement of the Sustainable Development Goals in all countries, in particular developing countries	C171601	17.16.1	Number of countries reporting progress in multi-stakeholder development effectiveness monitoring frameworks that support the achievement of the sustainable development goals	2020.Q2.G.03	['means of implementation', 'programme evaluation']	SG_PLN_MSTKSDG	Progress in multi-stakeholder development effectiveness monitoring frameworks that support the achievement of the sustainable development goals (1 = YES; 0 = NO)	40	Austria	4	155	Western Europe	Country	14.14172472	47.58704857	AUT	1	1			[2018]	2018	2018	1	BOOL	Boolean or binary measure	G	Global	1.0	1.0			Provider	Organisation for Economic Co-operation and Development (OECD) and United Nations Development Programme (UNDP).		_X: Data nature not available
17	Goal 17	Strengthen the means of implementation and revitalize the Global Partnership for Sustainable Development	17.16	Enhance the Global Partnership for Sustainable Development, complemented by multi-stakeholder partnerships that mobilize and share knowledge, expertise, technology and financial resources, to support the achievement of the Sustainable Development Goals in all countries, in particular developing countries	C171601	17.16.1	Number of countries reporting progress in multi-stakeholder development effectiveness monitoring frameworks that support the achievement of the sustainable development goals	2020.Q2.G.03	['means of implementation', 'programme evaluation']	SG_PLN_MSTKSDG	Progress in multi-stakeholder development effectiveness monitoring frameworks that support the achievement of the sustainable development goals (1 = YES; 0 = NO)	412	Kosovo	4	151	Eastern Europe	Country								[2018]	2018	2018	1	BOOL	Boolean or binary measure	G	Global	1.0	1.0			Recipient	Organisation for Economic Co-operation and Development (OECD) and United Nations Development Programme (UNDP).		_X: Data nature not available
17	Goal 17	Strengthen the means of implementation and revitalize the Global Partnership for Sustainable Development	17.16	Enhance the Global Partnership for Sustainable Development, complemented by multi-stakeholder partnerships that mobilize and share knowledge, expertise, technology and financial resources, to support the achievement of the Sustainable Development Goals in all countries, in particular developing countries	C171601	17.16.1	Number of countries reporting progress in multi-stakeholder development effectiveness monitoring frameworks that support the achievement of the sustainable development goals	2020.Q2.G.03	['means of implementation', 'programme evaluation']	SG_PLN_MSTKSDG	Progress in multi-stakeholder development effectiveness monitoring frameworks that support the achievement of the sustainable development goals (1 = YES; 0 = NO)	414	Kuwait	4	145	Western Asia	Country	47.49305029	29.53949468	KWT	1	1			[2018]	2018	2018	1	BOOL	Boolean or binary measure	G	Global	1.0	1.0			Provider	Organisation for Economic Co-operation and Development (OECD) and United Nations Development Programme (UNDP).		_X: Data nature not available
17	Goal 17	Strengthen the means of implementation and revitalize the Global Partnership for Sustainable Development	17.16	Enhance the Global Partnership for Sustainable Development, complemented by multi-stakeholder partnerships that mobilize and share knowledge, expertise, technology and financial resources, to support the achievement of the Sustainable Development Goals in all countries, in particular developing countries	C171601	17.16.1	Number of countries reporting progress in multi-stakeholder development effectiveness monitoring frameworks that support the achievement of the sustainable development goals	2020.Q2.G.03	['means of implementation', 'programme evaluation']	SG_PLN_MSTKSDG	Progress in multi-stakeholder development effectiveness monitoring frameworks that support the achievement of the sustainable development goals (1 = YES; 0 = NO)	430	Liberia	5	11	Western Africa	Country	-9.311879038	6.448381009	LBR	1	1			[2018]	2018	2018	1	BOOL	Boolean or binary measure	G	Global	1.0	1.0			Recipient	Organisation for Economic Co-operation and Development (OECD) and United Nations Development Programme (UNDP).		_X: Data nature not available
17	Goal 17	Strengthen the means of implementation and revitalize the Global Partnership for Sustainable Development	17.16	Enhance the Global Partnership for Sustainable Development, complemented by multi-stakeholder partnerships that mobilize and share knowledge, expertise, technology and financial resources, to support the achievement of the Sustainable Development Goals in all countries, in particular developing countries	C171601	17.16.1	Number of countries reporting progress in multi-stakeholder development effectiveness monitoring frameworks that support the achievement of the sustainable development goals	2020.Q2.G.03	['means of implementation', 'programme evaluation']	SG_PLN_MSTKSDG	Progress in multi-stakeholder development effectiveness monitoring frameworks that support the achievement of the sustainable development goals (1 = YES; 0 = NO)	484	Mexico	5	13	Central America	Country	-102.5148166	23.93378032	MEX	1	1			[2018]	2018	2018	1	BOOL	Boolean or binary measure	G	Global	1.0	1.0			Provider	Organisation for Economic Co-operation and Development (OECD) and United Nations Development Programme (UNDP).		_X: Data nature not available
17	Goal 17	Strengthen the means of implementation and revitalize the Global Partnership for Sustainable Development	17.16	Enhance the Global Partnership for Sustainable Development, complemented by multi-stakeholder partnerships that mobilize and share knowledge, expertise, technology and financial resources, to support the achievement of the Sustainable Development Goals in all countries, in particular developing countries	C171601	17.16.1	Number of countries reporting progress in multi-stakeholder development effectiveness monitoring frameworks that support the achievement of the sustainable development goals	2020.Q2.G.03	['means of implementation', 'programme evaluation']	SG_PLN_MSTKSDG	Progress in multi-stakeholder development effectiveness monitoring frameworks that support the achievement of the sustainable development goals (1 = YES; 0 = NO)	498	Republic of Moldova	4	151	Eastern Europe	Country	28.4650624	47.20236795	MDA	1	1			[2018]	2018	2018	1	BOOL	Boolean or binary measure	G	Global	1.0	1.0			Recipient	Organisation for Economic Co-operation and Development (OECD) and United Nations Development Programme (UNDP).		_X: Data nature not available
17	Goal 17	Strengthen the means of implementation and revitalize the Global Partnership for Sustainable Development	17.16	Enhance the Global Partnership for Sustainable Development, complemented by multi-stakeholder partnerships that mobilize and share knowledge, expertise, technology and financial resources, to support the achievement of the Sustainable Development Goals in all countries, in particular developing countries	C171601	17.16.1	Number of countries reporting progress in multi-stakeholder development effectiveness monitoring frameworks that support the achievement of the sustainable development goals	2020.Q2.G.03	['means of implementation', 'programme evaluation']	SG_PLN_MSTKSDG	Progress in multi-stakeholder development effectiveness monitoring frameworks that support the achievement of the sustainable development goals (1 = YES; 0 = NO)	524	Nepal	4	34	Southern Asia	Country	83.94678863	28.25866332	NPL	1	1			[2018]	2018	2018	1	BOOL	Boolean or binary measure	G	Global	1.0	1.0			Recipient	Organisation for Economic Co-operation and Development (OECD) and United Nations Development Programme (UNDP).		_X: Data nature not available
17	Goal 17	Strengthen the means of implementation and revitalize the Global Partnership for Sustainable Development	17.16	Enhance the Global Partnership for Sustainable Development, complemented by multi-stakeholder partnerships that mobilize and share knowledge, expertise, technology and financial resources, to support the achievement of the Sustainable Development Goals in all countries, in particular developing countries	C171601	17.16.1	Number of countries reporting progress in multi-stakeholder development effectiveness monitoring frameworks that support the achievement of the sustainable development goals	2020.Q2.G.03	['means of implementation', 'programme evaluation']	SG_PLN_MSTKSDG	Progress in multi-stakeholder development effectiveness monitoring frameworks that support the achievement of the sustainable development goals (1 = YES; 0 = NO)	578	Norway	4	154	Northern Europe	Country	11.47846389	61.34311134	NOR	1	1			[2018]	2018	2018	1	BOOL	Boolean or binary measure	G	Global	1.0	1.0			Provider	Organisation for Economic Co-operation and Development (OECD) and United Nations Development Programme (UNDP).		_X: Data nature not available
17	Goal 17	Strengthen the means of implementation and revitalize the Global Partnership for Sustainable Development	17.16	Enhance the Global Partnership for Sustainable Development, complemented by multi-stakeholder partnerships that mobilize and share knowledge, expertise, technology and financial resources, to support the achievement of the Sustainable Development Goals in all countries, in particular developing countries	C171601	17.16.1	Number of countries reporting progress in multi-stakeholder development effectiveness monitoring frameworks that support the achievement of the sustainable development goals	2020.Q2.G.03	['means of implementation', 'programme evaluation']	SG_PLN_MSTKSDG	Progress in multi-stakeholder development effectiveness monitoring frameworks that support the achievement of the sustainable development goals (1 = YES; 0 = NO)	585	Palau	4	57	Micronesia	Country	134.5733878	7.502307591	PLW	1	1			[2018]	2018	2018	1	BOOL	Boolean or binary measure	G	Global	1.0	1.0			Recipient	Organisation for Economic Co-operation and Development (OECD) and United Nations Development Programme (UNDP).		_X: Data nature not available
17	Goal 17	Strengthen the means of implementation and revitalize the Global Partnership for Sustainable Development	17.16	Enhance the Global Partnership for Sustainable Development, complemented by multi-stakeholder partnerships that mobilize and share knowledge, expertise, technology and financial resources, to support the achievement of the Sustainable Development Goals in all countries, in particular developing countries	C171601	17.16.1	Number of countries reporting progress in multi-stakeholder development effectiveness monitoring frameworks that support the achievement of the sustainable development goals	2020.Q2.G.03	['means of implementation', 'programme evaluation']	SG_PLN_MSTKSDG	Progress in multi-stakeholder development effectiveness monitoring frameworks that support the achievement of the sustainable development goals (1 = YES; 0 = NO)	598	Papua New Guinea	4	54	Melanesia	Country	145.8587761	-6.756057077	PNG	1	1			[2018]	2018	2018	1	BOOL	Boolean or binary measure	G	Global	1.0	1.0			Recipient	Organisation for Economic Co-operation and Development (OECD) and United Nations Development Programme (UNDP).		_X: Data nature not available
17	Goal 17	Strengthen the means of implementation and revitalize the Global Partnership for Sustainable Development	17.16	Enhance the Global Partnership for Sustainable Development, complemented by multi-stakeholder partnerships that mobilize and share knowledge, expertise, technology and financial resources, to support the achievement of the Sustainable Development Goals in all countries, in particular developing countries	C171601	17.16.1	Number of countries reporting progress in multi-stakeholder development effectiveness monitoring frameworks that support the achievement of the sustainable development goals	2020.Q2.G.03	['means of implementation', 'programme evaluation']	SG_PLN_MSTKSDG	Progress in multi-stakeholder development effectiveness monitoring frameworks that support the achievement of the sustainable development goals (1 = YES; 0 = NO)	600	Paraguay	5	5	South America	Country	-60.54854225	-21.70216237	PRY	1	1			[2018]	2018	2018	1	BOOL	Boolean or binary measure	G	Global	1.0	1.0			Recipient	Organisation for Economic Co-operation and Development (OECD) and United Nations Development Programme (UNDP).		_X: Data nature not available
17	Goal 17	Strengthen the means of implementation and revitalize the Global Partnership for Sustainable Development	17.16	Enhance the Global Partnership for Sustainable Development, complemented by multi-stakeholder partnerships that mobilize and share knowledge, expertise, technology and financial resources, to support the achievement of the Sustainable Development Goals in all countries, in particular developing countries	C171601	17.16.1	Number of countries reporting progress in multi-stakeholder development effectiveness monitoring frameworks that support the achievement of the sustainable development goals	2020.Q2.G.03	['means of implementation', 'programme evaluation']	SG_PLN_MSTKSDG	Progress in multi-stakeholder development effectiveness monitoring frameworks that support the achievement of the sustainable development goals (1 = YES; 0 = NO)	608	Philippines	4	35	South-Eastern Asia	Country	120.8601418	14.16591706	PHL	1	1			[2018]	2018	2018	1	BOOL	Boolean or binary measure	G	Global	1.0	1.0			Recipient	Organisation for Economic Co-operation and Development (OECD) and United Nations Development Programme (UNDP).		_X: Data nature not available
17	Goal 17	Strengthen the means of implementation and revitalize the Global Partnership for Sustainable Development	17.16	Enhance the Global Partnership for Sustainable Development, complemented by multi-stakeholder partnerships that mobilize and share knowledge, expertise, technology and financial resources, to support the achievement of the Sustainable Development Goals in all countries, in particular developing countries	C171601	17.16.1	Number of countries reporting progress in multi-stakeholder development effectiveness monitoring frameworks that support the achievement of the sustainable development goals	2020.Q2.G.03	['means of implementation', 'programme evaluation']	SG_PLN_MSTKSDG	Progress in multi-stakeholder development effectiveness monitoring frameworks that support the achievement of the sustainable development goals (1 = YES; 0 = NO)	616	Poland	4	151	Eastern Europe	Country	19.40660158	52.1226733	POL	1	1			[2018]	2018	2018	1	BOOL	Boolean or binary measure	G	Global	1.0	1.0			Provider	Organisation for Economic Co-operation and Development (OECD) and United Nations Development Programme (UNDP).		_X: Data nature not available
17	Goal 17	Strengthen the means of implementation and revitalize the Global Partnership for Sustainable Development	17.16	Enhance the Global Partnership for Sustainable Development, complemented by multi-stakeholder partnerships that mobilize and share knowledge, expertise, technology and financial resources, to support the achievement of the Sustainable Development Goals in all countries, in particular developing countries	C171601	17.16.1	Number of countries reporting progress in multi-stakeholder development effectiveness monitoring frameworks that support the achievement of the sustainable development goals	2020.Q2.G.03	['means of implementation', 'programme evaluation']	SG_PLN_MSTKSDG	Progress in multi-stakeholder development effectiveness monitoring frameworks that support the achievement of the sustainable development goals (1 = YES; 0 = NO)	626	Timor-Leste	4	35	South-Eastern Asia	Country	125.9451052	-8.797497247	TLS	1	1			[2018]	2018	2018	1	BOOL	Boolean or binary measure	G	Global	1.0	1.0			Recipient	Organisation for Economic Co-operation and Development (OECD) and United Nations Development Programme (UNDP).		_X: Data nature not available
17	Goal 17	Strengthen the means of implementation and revitalize the Global Partnership for Sustainable Development	17.16	Enhance the Global Partnership for Sustainable Development, complemented by multi-stakeholder partnerships that mobilize and share knowledge, expertise, technology and financial resources, to support the achievement of the Sustainable Development Goals in all countries, in particular developing countries	C171601	17.16.1	Number of countries reporting progress in multi-stakeholder development effectiveness monitoring frameworks that support the achievement of the sustainable development goals	2020.Q2.G.03	['means of implementation', 'programme evaluation']	SG_PLN_MSTKSDG	Progress in multi-stakeholder development effectiveness monitoring frameworks that support the achievement of the sustainable development goals (1 = YES; 0 = NO)	64	Bhutan	4	34	Southern Asia	Country	90.45098484	27.39598568	BTN	1	1			[2018]	2018	2018	1	BOOL	Boolean or binary measure	G	Global	1.0	1.0			Recipient	Organisation for Economic Co-operation and Development (OECD) and United Nations Development Programme (UNDP).		_X: Data nature not available
17	Goal 17	Strengthen the means of implementation and revitalize the Global Partnership for Sustainable Development	17.16	Enhance the Global Partnership for Sustainable Development, complemented by multi-stakeholder partnerships that mobilize and share knowledge, expertise, technology and financial resources, to support the achievement of the Sustainable Development Goals in all countries, in particular developing countries	C171601	17.16.1	Number of countries reporting progress in multi-stakeholder development effectiveness monitoring frameworks that support the achievement of the sustainable development goals	2020.Q2.G.03	['means of implementation', 'programme evaluation']	SG_PLN_MSTKSDG	Progress in multi-stakeholder development effectiveness monitoring frameworks that support the achievement of the sustainable development goals (1 = YES; 0 = NO)	678	Sao Tome and Principe	5	17	Middle Africa	Country	6.609772265	0.241554875	STP	1	1			[2018]	2018	2018	1	BOOL	Boolean or binary measure	G	Global	1.0	1.0			Recipient	Organisation for Economic Co-operation and Development (OECD) and United Nations Development Programme (UNDP).		_X: Data nature not available
17	Goal 17	Strengthen the means of implementation and revitalize the Global Partnership for Sustainable Development	17.16	Enhance the Global Partnership for Sustainable Development, complemented by multi-stakeholder partnerships that mobilize and share knowledge, expertise, technology and financial resources, to support the achievement of the Sustainable Development Goals in all countries, in particular developing countries	C171601	17.16.1	Number of countries reporting progress in multi-stakeholder development effectiveness monitoring frameworks that support the achievement of the sustainable development goals	2020.Q2.G.03	['means of implementation', 'programme evaluation']	SG_PLN_MSTKSDG	Progress in multi-stakeholder development effectiveness monitoring frameworks that support the achievement of the sustainable development goals (1 = YES; 0 = NO)	686	Senegal	5	11	Western Africa	Country	-14.46636926	14.35920905	SEN	1	1			[2018]	2018	2018	1	BOOL	Boolean or binary measure	G	Global	1.0	1.0			Recipient	Organisation for Economic Co-operation and Development (OECD) and United Nations Development Programme (UNDP).		_X: Data nature not available
17	Goal 17	Strengthen the means of implementation and revitalize the Global Partnership for Sustainable Development	17.16	Enhance the Global Partnership for Sustainable Development, complemented by multi-stakeholder partnerships that mobilize and share knowledge, expertise, technology and financial resources, to support the achievement of the Sustainable Development Goals in all countries, in particular developing countries	C171601	17.16.1	Number of countries reporting progress in multi-stakeholder development effectiveness monitoring frameworks that support the achievement of the sustainable development goals	2020.Q2.G.03	['means of implementation', 'programme evaluation']	SG_PLN_MSTKSDG	Progress in multi-stakeholder development effectiveness monitoring frameworks that support the achievement of the sustainable development goals (1 = YES; 0 = NO)	694	Sierra Leone	5	11	Western Africa	Country	-11.78306584	8.568604164	SLE	1	1			[2018]	2018	2018	1	BOOL	Boolean or binary measure	G	Global	1.0	1.0			Recipient	Organisation for Economic Co-operation and Development (OECD) and United Nations Development Programme (UNDP).		_X: Data nature not available
17	Goal 17	Strengthen the means of implementation and revitalize the Global Partnership for Sustainable Development	17.16	Enhance the Global Partnership for Sustainable Development, complemented by multi-stakeholder partnerships that mobilize and share knowledge, expertise, technology and financial resources, to support the achievement of the Sustainable Development Goals in all countries, in particular developing countries	C171601	17.16.1	Number of countries reporting progress in multi-stakeholder development effectiveness monitoring frameworks that support the achievement of the sustainable development goals	2020.Q2.G.03	['means of implementation', 'programme evaluation']	SG_PLN_MSTKSDG	Progress in multi-stakeholder development effectiveness monitoring frameworks that support the achievement of the sustainable development goals (1 = YES; 0 = NO)	703	Slovakia	4	151	Eastern Europe	Country	19.48495604	48.70741446	SVK	1	1			[2018]	2018	2018	1	BOOL	Boolean or binary measure	G	Global	1.0	1.0			Provider	Organisation for Economic Co-operation and Development (OECD) and United Nations Development Programme (UNDP).		_X: Data nature not available
17	Goal 17	Strengthen the means of implementation and revitalize the Global Partnership for Sustainable Development	17.16	Enhance the Global Partnership for Sustainable Development, complemented by multi-stakeholder partnerships that mobilize and share knowledge, expertise, technology and financial resources, to support the achievement of the Sustainable Development Goals in all countries, in particular developing countries	C171601	17.16.1	Number of countries reporting progress in multi-stakeholder development effectiveness monitoring frameworks that support the achievement of the sustainable development goals	2020.Q2.G.03	['means of implementation', 'programme evaluation']	SG_PLN_MSTKSDG	Progress in multi-stakeholder development effectiveness monitoring frameworks that support the achievement of the sustainable development goals (1 = YES; 0 = NO)	704	Viet Nam	4	35	South-Eastern Asia	Country	105.802499	10.09643079	VNM	1	1			[2018]	2018	2018	1	BOOL	Boolean or binary measure	G	Global	1.0	1.0			Recipient	Organisation for Economic Co-operation and Development (OECD) and United Nations Development Programme (UNDP).		_X: Data nature not available
17	Goal 17	Strengthen the means of implementation and revitalize the Global Partnership for Sustainable Development	17.16	Enhance the Global Partnership for Sustainable Development, complemented by multi-stakeholder partnerships that mobilize and share knowledge, expertise, technology and financial resources, to support the achievement of the Sustainable Development Goals in all countries, in particular developing countries	C171601	17.16.1	Number of countries reporting progress in multi-stakeholder development effectiveness monitoring frameworks that support the achievement of the sustainable development goals	2020.Q2.G.03	['means of implementation', 'programme evaluation']	SG_PLN_MSTKSDG	Progress in multi-stakeholder development effectiveness monitoring frameworks that support the achievement of the sustainable development goals (1 = YES; 0 = NO)	716	Zimbabwe	5	14	Eastern Africa	Country	29.86909584	-19.00075492	ZWE	1	1			[2018]	2018	2018	1	BOOL	Boolean or binary measure	G	Global	1.0	1.0			Recipient	Organisation for Economic Co-operation and Development (OECD) and United Nations Development Programme (UNDP).		_X: Data nature not available
17	Goal 17	Strengthen the means of implementation and revitalize the Global Partnership for Sustainable Development	17.16	Enhance the Global Partnership for Sustainable Development, complemented by multi-stakeholder partnerships that mobilize and share knowledge, expertise, technology and financial resources, to support the achievement of the Sustainable Development Goals in all countries, in particular developing countries	C171601	17.16.1	Number of countries reporting progress in multi-stakeholder development effectiveness monitoring frameworks that support the achievement of the sustainable development goals	2020.Q2.G.03	['means of implementation', 'programme evaluation']	SG_PLN_MSTKSDG	Progress in multi-stakeholder development effectiveness monitoring frameworks that support the achievement of the sustainable development goals (1 = YES; 0 = NO)	724	Spain	4	39	Southern Europe	Country	-3.554078296	40.39211472	ESP	1	1			[2018]	2018	2018	1	BOOL	Boolean or binary measure	G	Global	1.0	1.0			Provider	Organisation for Economic Co-operation and Development (OECD) and United Nations Development Programme (UNDP).		_X: Data nature not available
17	Goal 17	Strengthen the means of implementation and revitalize the Global Partnership for Sustainable Development	17.16	Enhance the Global Partnership for Sustainable Development, complemented by multi-stakeholder partnerships that mobilize and share knowledge, expertise, technology and financial resources, to support the achievement of the Sustainable Development Goals in all countries, in particular developing countries	C171601	17.16.1	Number of countries reporting progress in multi-stakeholder development effectiveness monitoring frameworks that support the achievement of the sustainable development goals	2020.Q2.G.03	['means of implementation', 'programme evaluation']	SG_PLN_MSTKSDG	Progress in multi-stakeholder development effectiveness monitoring frameworks that support the achievement of the sustainable development goals (1 = YES; 0 = NO)	729	Sudan	4	15	Northern Africa	Country	29.95650159	16.02643066	SDN	0	1			[2018]	2018	2018	1	BOOL	Boolean or binary measure	G	Global	1.0	1.0			Recipient	Organisation for Economic Co-operation and Development (OECD) and United Nations Development Programme (UNDP).		_X: Data nature not available
17	Goal 17	Strengthen the means of implementation and revitalize the Global Partnership for Sustainable Development	17.16	Enhance the Global Partnership for Sustainable Development, complemented by multi-stakeholder partnerships that mobilize and share knowledge, expertise, technology and financial resources, to support the achievement of the Sustainable Development Goals in all countries, in particular developing countries	C171601	17.16.1	Number of countries reporting progress in multi-stakeholder development effectiveness monitoring frameworks that support the achievement of the sustainable development goals	2020.Q2.G.03	['means of implementation', 'programme evaluation']	SG_PLN_MSTKSDG	Progress in multi-stakeholder development effectiveness monitoring frameworks that support the achievement of the sustainable development goals (1 = YES; 0 = NO)	752	Sweden	4	154	Northern Europe	Country	14.3775338	60.60103109	SWE	1	1			[2018]	2018	2018	1	BOOL	Boolean or binary measure	G	Global	1.0	1.0			Provider	Organisation for Economic Co-operation and Development (OECD) and United Nations Development Programme (UNDP).		_X: Data nature not available
17	Goal 17	Strengthen the means of implementation and revitalize the Global Partnership for Sustainable Development	17.16	Enhance the Global Partnership for Sustainable Development, complemented by multi-stakeholder partnerships that mobilize and share knowledge, expertise, technology and financial resources, to support the achievement of the Sustainable Development Goals in all countries, in particular developing countries	C171601	17.16.1	Number of countries reporting progress in multi-stakeholder development effectiveness monitoring frameworks that support the achievement of the sustainable development goals	2020.Q2.G.03	['means of implementation', 'programme evaluation']	SG_PLN_MSTKSDG	Progress in multi-stakeholder development effectiveness monitoring frameworks that support the achievement of the sustainable development goals (1 = YES; 0 = NO)	756	Switzerland	4	155	Western Europe	Country	8.223158	46.96617097	CHE	1	1			[2018]	2018	2018	1	BOOL	Boolean or binary measure	G	Global	1.0	1.0			Provider	Organisation for Economic Co-operation and Development (OECD) and United Nations Development Programme (UNDP).		_X: Data nature not available
17	Goal 17	Strengthen the means of implementation and revitalize the Global Partnership for Sustainable Development	17.16	Enhance the Global Partnership for Sustainable Development, complemented by multi-stakeholder partnerships that mobilize and share knowledge, expertise, technology and financial resources, to support the achievement of the Sustainable Development Goals in all countries, in particular developing countries	C171601	17.16.1	Number of countries reporting progress in multi-stakeholder development effectiveness monitoring frameworks that support the achievement of the sustainable development goals	2020.Q2.G.03	['means of implementation', 'programme evaluation']	SG_PLN_MSTKSDG	Progress in multi-stakeholder development effectiveness monitoring frameworks that support the achievement of the sustainable development goals (1 = YES; 0 = NO)	764	Thailand	4	35	South-Eastern Asia	Country	101.0202951	15.13089239	THA	1	1			[2018]	2018	2018	1	BOOL	Boolean or binary measure	G	Global	1.0	1.0			Provider	Organisation for Economic Co-operation and Development (OECD) and United Nations Development Programme (UNDP).		_X: Data nature not available
17	Goal 17	Strengthen the means of implementation and revitalize the Global Partnership for Sustainable Development	17.16	Enhance the Global Partnership for Sustainable Development, complemented by multi-stakeholder partnerships that mobilize and share knowledge, expertise, technology and financial resources, to support the achievement of the Sustainable Development Goals in all countries, in particular developing countries	C171601	17.16.1	Number of countries reporting progress in multi-stakeholder development effectiveness monitoring frameworks that support the achievement of the sustainable development goals	2020.Q2.G.03	['means of implementation', 'programme evaluation']	SG_PLN_MSTKSDG	Progress in multi-stakeholder development effectiveness monitoring frameworks that support the achievement of the sustainable development goals (1 = YES; 0 = NO)	784	United Arab Emirates	4	145	Western Asia	Country	53.98279159	23.43322219	ARE	1	1			[2018]	2018	2018	1	BOOL	Boolean or binary measure	G	Global	1.0	1.0			Provider	Organisation for Economic Co-operation and Development (OECD) and United Nations Development Programme (UNDP).		_X: Data nature not available
17	Goal 17	Strengthen the means of implementation and revitalize the Global Partnership for Sustainable Development	17.16	Enhance the Global Partnership for Sustainable Development, complemented by multi-stakeholder partnerships that mobilize and share knowledge, expertise, technology and financial resources, to support the achievement of the Sustainable Development Goals in all countries, in particular developing countries	C171601	17.16.1	Number of countries reporting progress in multi-stakeholder development effectiveness monitoring frameworks that support the achievement of the sustainable development goals	2020.Q2.G.03	['means of implementation', 'programme evaluation']	SG_PLN_MSTKSDG	Progress in multi-stakeholder development effectiveness monitoring frameworks that support the achievement of the sustainable development goals (1 = YES; 0 = NO)	800	Uganda	5	14	Eastern Africa	Country	32.39100438	1.279557331	UGA	1	1			[2018]	2018	2018	1	BOOL	Boolean or binary measure	G	Global	1.0	1.0			Recipient	Organisation for Economic Co-operation and Development (OECD) and United Nations Development Programme (UNDP).		_X: Data nature not available
17	Goal 17	Strengthen the means of implementation and revitalize the Global Partnership for Sustainable Development	17.16	Enhance the Global Partnership for Sustainable Development, complemented by multi-stakeholder partnerships that mobilize and share knowledge, expertise, technology and financial resources, to support the achievement of the Sustainable Development Goals in all countries, in particular developing countries	C171601	17.16.1	Number of countries reporting progress in multi-stakeholder development effectiveness monitoring frameworks that support the achievement of the sustainable development goals	2020.Q2.G.03	['means of implementation', 'programme evaluation']	SG_PLN_MSTKSDG	Progress in multi-stakeholder development effectiveness monitoring frameworks that support the achievement of the sustainable development goals (1 = YES; 0 = NO)	818	Egypt	4	15	Northern Africa	Country	29.77468534	26.57438204	EGY	1	1			[2018]	2018	2018	1	BOOL	Boolean or binary measure	G	Global	1.0	1.0			Recipient	Organisation for Economic Co-operation and Development (OECD) and United Nations Development Programme (UNDP).		_X: Data nature not available
17	Goal 17	Strengthen the means of implementation and revitalize the Global Partnership for Sustainable Development	17.16	Enhance the Global Partnership for Sustainable Development, complemented by multi-stakeholder partnerships that mobilize and share knowledge, expertise, technology and financial resources, to support the achievement of the Sustainable Development Goals in all countries, in particular developing countries	C171601	17.16.1	Number of countries reporting progress in multi-stakeholder development effectiveness monitoring frameworks that support the achievement of the sustainable development goals	2020.Q2.G.03	['means of implementation', 'programme evaluation']	SG_PLN_MSTKSDG	Progress in multi-stakeholder development effectiveness monitoring frameworks that support the achievement of the sustainable development goals (1 = YES; 0 = NO)	882	Samoa	4	61	Polynesia	Country	-172.4430749	-13.61541469	WSM	1	1			[2018]	2018	2018	1	BOOL	Boolean or binary measure	G	Global	1.0	1.0			Recipient	Organisation for Economic Co-operation and Development (OECD) and United Nations Development Programme (UNDP).		_X: Data nature not available
17	Goal 17	Strengthen the means of implementation and revitalize the Global Partnership for Sustainable Development	17.16	Enhance the Global Partnership for Sustainable Development, complemented by multi-stakeholder partnerships that mobilize and share knowledge, expertise, technology and financial resources, to support the achievement of the Sustainable Development Goals in all countries, in particular developing countries	C171601	17.16.1	Number of countries reporting progress in multi-stakeholder development effectiveness monitoring frameworks that support the achievement of the sustainable development goals	2020.Q2.G.03	['means of implementation', 'programme evaluation']	SG_PLN_MSTKSDG	Progress in multi-stakeholder development effectiveness monitoring frameworks that support the achievement of the sustainable development goals (1 = YES; 0 = NO)	887	Yemen	4	145	Western Asia	Country	45.22389143	15.22242099	YEM	1	1			[2018]	2018	2018	1	BOOL	Boolean or binary measure	G	Global	1.0	1.0			Recipient	Organisation for Economic Co-operation and Development (OECD) and United Nations Development Programme (UNDP).		_X: Data nature not available
17	Goal 17	Strengthen the means of implementation and revitalize the Global Partnership for Sustainable Development	17.16	Enhance the Global Partnership for Sustainable Development, complemented by multi-stakeholder partnerships that mobilize and share knowledge, expertise, technology and financial resources, to support the achievement of the Sustainable Development Goals in all countries, in particular developing countries	C171601	17.16.1	Number of countries reporting progress in multi-stakeholder development effectiveness monitoring frameworks that support the achievement of the sustainable development goals	2020.Q2.G.03	['means of implementation', 'programme evaluation']	SG_PLN_MSTKSDG	Progress in multi-stakeholder development effectiveness monitoring frameworks that support the achievement of the sustainable development goals (1 = YES; 0 = NO)	90	Solomon Islands	4	54	Melanesia	Country	160.1584117	-9.622391719	SLB	1	1			[2018]	2018	2018	1	BOOL	Boolean or binary measure	G	Global	1.0	1.0			Recipient	Organisation for Economic Co-operation and Development (OECD) and United Nations Development Programme (UNDP).		_X: Data nature not available
