goal_code,goal_labelEN,goal_descEN,target_code,target_descEN,indicator_code,indicator_reference,indicator_descEN,series_release,series_tags,series,seriesDescription,geoAreaCode,geoAreaName,level,parentCode,parentName,type,X,Y,ISO3,UN_Member,Country_Profile,timeCoverage,geoInfoUrl,years,min_year,max_year,n_years,unitsCode,unitsDesc,reportingTypeCode,reportingTypeDesc,value_2005,value_2006,value_2007,value_2008,value_2009,value_2010,value_2011,value_2012,value_2013,value_2014,value_2015,value_2016,value_2017,value_2018,latest_value,basePeriod,valueDetails,footnotes,sources,timeDetails,nature
13,Goal 13,Take urgent action to combat climate change and its impacts,13.1,Strengthen resilience and adaptive capacity to climate-related hazards and natural disasters in all countries,C200303,13.1.1,"Number of deaths, missing persons and directly affected persons attributed to disasters per 100,000 population",2020.Q1.G.02,"['disaster loss', 'disaster prevention', 'preparedness and relief', 'disaster victims']",VC_DSR_MISS,Number of missing persons due to disaster (number),104,Myanmar,4,35,South-Eastern Asia,Country,96.51752295,21.19332882,MMR,1,1,,,"[2006, 2007, 2008, 2009, 2011, 2013, 2017]",2006,2017,7,NUMBER,Number,G,Global,,1.0,15.0,53963.0,4.0,,47.0,,6.0,,,,201.0,,201.0,,,Disclaimer: the data being submitted by UNISDR has been extracted from two sources: (a) the Sendai Framework Monitoring System as provided by designated national focal points; and (b) Desinventar disaster loss databases. Some of the data has not finalized an official validation process and may be subject to revision at a later date.â,United Nations Office for Disaster Risk Reduction (2019),,C: Country data
13,Goal 13,Take urgent action to combat climate change and its impacts,13.1,Strengthen resilience and adaptive capacity to climate-related hazards and natural disasters in all countries,C200303,13.1.1,"Number of deaths, missing persons and directly affected persons attributed to disasters per 100,000 population",2020.Q1.G.02,"['disaster loss', 'disaster prevention', 'preparedness and relief', 'disaster victims']",VC_DSR_MISS,Number of missing persons due to disaster (number),108,Burundi,5,14,Eastern Africa,Country,29.89080992,-3.366387428,BDI,1,1,,,"[2015, 2016, 2017]",2015,2017,3,NUMBER,Number,G,Global,,,,,,,,,,,17.0,16.0,18.0,,18.0,,,Disclaimer: the data being submitted by UNISDR has been extracted from two sources: (a) the Sendai Framework Monitoring System as provided by designated national focal points; and (b) Desinventar disaster loss databases. Some of the data has not finalized an official validation process and may be subject to revision at a later date.â,United Nations Office for Disaster Risk Reduction (2019),,C: Country data
13,Goal 13,Take urgent action to combat climate change and its impacts,13.1,Strengthen resilience and adaptive capacity to climate-related hazards and natural disasters in all countries,C200303,13.1.1,"Number of deaths, missing persons and directly affected persons attributed to disasters per 100,000 population",2020.Q1.G.02,"['disaster loss', 'disaster prevention', 'preparedness and relief', 'disaster victims']",VC_DSR_MISS,Number of missing persons due to disaster (number),116,Cambodia,4,35,South-Eastern Asia,Country,104.922836,12.71163737,KHM,1,1,,,[2016],2016,2016,1,NUMBER,Number,G,Global,,,,,,,,,,,,1.0,,,1.0,,,Disclaimer: the data being submitted by UNISDR has been extracted from two sources: (a) the Sendai Framework Monitoring System as provided by designated national focal points; and (b) Desinventar disaster loss databases. Some of the data has not finalized an official validation process and may be subject to revision at a later date.â,United Nations Office for Disaster Risk Reduction (2019),,C: Country data
13,Goal 13,Take urgent action to combat climate change and its impacts,13.1,Strengthen resilience and adaptive capacity to climate-related hazards and natural disasters in all countries,C200303,13.1.1,"Number of deaths, missing persons and directly affected persons attributed to disasters per 100,000 population",2020.Q1.G.02,"['disaster loss', 'disaster prevention', 'preparedness and relief', 'disaster victims']",VC_DSR_MISS,Number of missing persons due to disaster (number),132,Cabo Verde,5,11,Western Africa,Country,-23.63544151,15.07791834,CPV,1,1,,,[2015],2015,2015,1,NUMBER,Number,G,Global,,,,,,,,,,,12.0,,,,12.0,,,Disclaimer: the data being submitted by UNISDR has been extracted from two sources: (a) the Sendai Framework Monitoring System as provided by designated national focal points; and (b) Desinventar disaster loss databases. Some of the data has not finalized an official validation process and may be subject to revision at a later date.â,United Nations Office for Disaster Risk Reduction (2019),,C: Country data
13,Goal 13,Take urgent action to combat climate change and its impacts,13.1,Strengthen resilience and adaptive capacity to climate-related hazards and natural disasters in all countries,C200303,13.1.1,"Number of deaths, missing persons and directly affected persons attributed to disasters per 100,000 population",2020.Q1.G.02,"['disaster loss', 'disaster prevention', 'preparedness and relief', 'disaster victims']",VC_DSR_MISS,Number of missing persons due to disaster (number),144,Sri Lanka,4,34,Southern Asia,Country,80.70489654,7.614693343,LKA,1,1,,,"[2005, 2006, 2007, 2008, 2009, 2010, 2011, 2012, 2013, 2014, 2015, 2016, 2018]",2005,2018,13,NUMBER,Number,G,Global,1.0,1.0,7.0,3.0,2.0,4.0,22.0,9.0,29.0,35.0,7.0,117.0,,24.0,24.0,,,Disclaimer: the data being submitted by UNISDR has been extracted from two sources: (a) the Sendai Framework Monitoring System as provided by designated national focal points; and (b) Desinventar disaster loss databases. Some of the data has not finalized an official validation process and may be subject to revision at a later date.â,United Nations Office for Disaster Risk Reduction (2019),,C: Country data
13,Goal 13,Take urgent action to combat climate change and its impacts,13.1,Strengthen resilience and adaptive capacity to climate-related hazards and natural disasters in all countries,C200303,13.1.1,"Number of deaths, missing persons and directly affected persons attributed to disasters per 100,000 population",2020.Q1.G.02,"['disaster loss', 'disaster prevention', 'preparedness and relief', 'disaster victims']",VC_DSR_MISS,Number of missing persons due to disaster (number),152,Chile,5,5,South America,Country,-71.23029019,-35.2652885,CHL,1,1,,,"[2010, 2012, 2014, 2015, 2016, 2017]",2010,2017,6,NUMBER,Number,G,Global,,,,,,56.0,,7.0,,1.0,7.0,1.0,2.0,,2.0,,,Disclaimer: the data being submitted by UNISDR has been extracted from two sources: (a) the Sendai Framework Monitoring System as provided by designated national focal points; and (b) Desinventar disaster loss databases. Some of the data has not finalized an official validation process and may be subject to revision at a later date.â,United Nations Office for Disaster Risk Reduction (2019),,C: Country data
13,Goal 13,Take urgent action to combat climate change and its impacts,13.1,Strengthen resilience and adaptive capacity to climate-related hazards and natural disasters in all countries,C200303,13.1.1,"Number of deaths, missing persons and directly affected persons attributed to disasters per 100,000 population",2020.Q1.G.02,"['disaster loss', 'disaster prevention', 'preparedness and relief', 'disaster victims']",VC_DSR_MISS,Number of missing persons due to disaster (number),156,China,4,30,Eastern Asia,Country,104.1403375,32.30955217,CHN,1,1,,,"[2015, 2016, 2017, 2018]",2015,2018,4,NUMBER,Number,G,Global,,,,,,,,,,,148.0,274.0,98.0,46.0,46.0,,,Disclaimer: the data being submitted by UNISDR has been extracted from two sources: (a) the Sendai Framework Monitoring System as provided by designated national focal points; and (b) Desinventar disaster loss databases. Some of the data has not finalized an official validation process and may be subject to revision at a later date.â,United Nations Office for Disaster Risk Reduction (2019),,C: Country data
13,Goal 13,Take urgent action to combat climate change and its impacts,13.1,Strengthen resilience and adaptive capacity to climate-related hazards and natural disasters in all countries,C200303,13.1.1,"Number of deaths, missing persons and directly affected persons attributed to disasters per 100,000 population",2020.Q1.G.02,"['disaster loss', 'disaster prevention', 'preparedness and relief', 'disaster victims']",VC_DSR_MISS,Number of missing persons due to disaster (number),170,Colombia,5,5,South America,Country,-73.07446751,3.888209046,COL,1,1,,,"[2005, 2006, 2007, 2008, 2009, 2010, 2011, 2012, 2013, 2014, 2015, 2016, 2017, 2018]",2005,2018,14,NUMBER,Number,G,Global,35.0,27.0,35.0,46.0,47.0,25.0,44.0,26.0,78.0,80.0,49.0,40.0,146.0,44.0,44.0,,,Disclaimer: the data being submitted by UNISDR has been extracted from two sources: (a) the Sendai Framework Monitoring System as provided by designated national focal points; and (b) Desinventar disaster loss databases. Some of the data has not finalized an official validation process and may be subject to revision at a later date.â,United Nations Office for Disaster Risk Reduction (2019),,C: Country data
13,Goal 13,Take urgent action to combat climate change and its impacts,13.1,Strengthen resilience and adaptive capacity to climate-related hazards and natural disasters in all countries,C200303,13.1.1,"Number of deaths, missing persons and directly affected persons attributed to disasters per 100,000 population",2020.Q1.G.02,"['disaster loss', 'disaster prevention', 'preparedness and relief', 'disaster victims']",VC_DSR_MISS,Number of missing persons due to disaster (number),174,Comoros,5,14,Eastern Africa,Country,43.34234565,-11.66121732,COM,1,1,,,"[2011, 2014, 2017]",2011,2017,3,NUMBER,Number,G,Global,,,,,,,66.0,,,5.0,,,14.0,,14.0,,,Disclaimer: the data being submitted by UNISDR has been extracted from two sources: (a) the Sendai Framework Monitoring System as provided by designated national focal points; and (b) Desinventar disaster loss databases. Some of the data has not finalized an official validation process and may be subject to revision at a later date.â,United Nations Office for Disaster Risk Reduction (2019),,C: Country data
13,Goal 13,Take urgent action to combat climate change and its impacts,13.1,Strengthen resilience and adaptive capacity to climate-related hazards and natural disasters in all countries,C200303,13.1.1,"Number of deaths, missing persons and directly affected persons attributed to disasters per 100,000 population",2020.Q1.G.02,"['disaster loss', 'disaster prevention', 'preparedness and relief', 'disaster victims']",VC_DSR_MISS,Number of missing persons due to disaster (number),188,Costa Rica,5,13,Central America,Country,-84.19712782,9.970998683,CRI,1,1,,,"[2005, 2007, 2008, 2009, 2010, 2012, 2014]",2005,2014,7,NUMBER,Number,G,Global,1.0,,2.0,3.0,7.0,2.0,,3.0,,2.0,,,,,2.0,,,Disclaimer: the data being submitted by UNISDR has been extracted from two sources: (a) the Sendai Framework Monitoring System as provided by designated national focal points; and (b) Desinventar disaster loss databases. Some of the data has not finalized an official validation process and may be subject to revision at a later date.â,United Nations Office for Disaster Risk Reduction (2019),,C: Country data
13,Goal 13,Take urgent action to combat climate change and its impacts,13.1,Strengthen resilience and adaptive capacity to climate-related hazards and natural disasters in all countries,C200303,13.1.1,"Number of deaths, missing persons and directly affected persons attributed to disasters per 100,000 population",2020.Q1.G.02,"['disaster loss', 'disaster prevention', 'preparedness and relief', 'disaster victims']",VC_DSR_MISS,Number of missing persons due to disaster (number),212,Dominica,5,29,Caribbean,Country,-61.3493756,15.43391378,DMA,1,1,,,[2010],2010,2010,1,NUMBER,Number,G,Global,,,,,,1.0,,,,,,,,,1.0,,,Disclaimer: the data being submitted by UNISDR has been extracted from two sources: (a) the Sendai Framework Monitoring System as provided by designated national focal points; and (b) Desinventar disaster loss databases. Some of the data has not finalized an official validation process and may be subject to revision at a later date.â,United Nations Office for Disaster Risk Reduction (2019),,C: Country data
13,Goal 13,Take urgent action to combat climate change and its impacts,13.1,Strengthen resilience and adaptive capacity to climate-related hazards and natural disasters in all countries,C200303,13.1.1,"Number of deaths, missing persons and directly affected persons attributed to disasters per 100,000 population",2020.Q1.G.02,"['disaster loss', 'disaster prevention', 'preparedness and relief', 'disaster victims']",VC_DSR_MISS,Number of missing persons due to disaster (number),218,Ecuador,5,5,South America,Country,-78.37005241,-1.447785891,ECU,1,1,,,"[2005, 2006, 2007, 2008, 2009, 2016]",2005,2016,6,NUMBER,Number,G,Global,4.0,31.0,6.0,21.0,11.0,,,,,,,1.0,,,1.0,,,Disclaimer: the data being submitted by UNISDR has been extracted from two sources: (a) the Sendai Framework Monitoring System as provided by designated national focal points; and (b) Desinventar disaster loss databases. Some of the data has not finalized an official validation process and may be subject to revision at a later date.â,United Nations Office for Disaster Risk Reduction (2019),,C: Country data
13,Goal 13,Take urgent action to combat climate change and its impacts,13.1,Strengthen resilience and adaptive capacity to climate-related hazards and natural disasters in all countries,C200303,13.1.1,"Number of deaths, missing persons and directly affected persons attributed to disasters per 100,000 population",2020.Q1.G.02,"['disaster loss', 'disaster prevention', 'preparedness and relief', 'disaster victims']",VC_DSR_MISS,Number of missing persons due to disaster (number),222,El Salvador,5,13,Central America,Country,-88.86862995,13.73603564,SLV,1,1,,,"[2005, 2007, 2008, 2010, 2011, 2012, 2013]",2005,2013,7,NUMBER,Number,G,Global,81.0,,1.0,7.0,,8.0,4.0,8.0,4.0,,,,,,4.0,,,Disclaimer: the data being submitted by UNISDR has been extracted from two sources: (a) the Sendai Framework Monitoring System as provided by designated national focal points; and (b) Desinventar disaster loss databases. Some of the data has not finalized an official validation process and may be subject to revision at a later date.â,United Nations Office for Disaster Risk Reduction (2019),,C: Country data
13,Goal 13,Take urgent action to combat climate change and its impacts,13.1,Strengthen resilience and adaptive capacity to climate-related hazards and natural disasters in all countries,C200303,13.1.1,"Number of deaths, missing persons and directly affected persons attributed to disasters per 100,000 population",2020.Q1.G.02,"['disaster loss', 'disaster prevention', 'preparedness and relief', 'disaster victims']",VC_DSR_MISS,Number of missing persons due to disaster (number),231,Ethiopia,5,14,Eastern Africa,Country,39.63505296,8.631223181,ETH,1,1,,,[2016],2016,2016,1,NUMBER,Number,G,Global,,,,,,,,,,,,15.0,,,15.0,,,Disclaimer: the data being submitted by UNISDR has been extracted from two sources: (a) the Sendai Framework Monitoring System as provided by designated national focal points; and (b) Desinventar disaster loss databases. Some of the data has not finalized an official validation process and may be subject to revision at a later date.â,United Nations Office for Disaster Risk Reduction (2019),,C: Country data
13,Goal 13,Take urgent action to combat climate change and its impacts,13.1,Strengthen resilience and adaptive capacity to climate-related hazards and natural disasters in all countries,C200303,13.1.1,"Number of deaths, missing persons and directly affected persons attributed to disasters per 100,000 population",2020.Q1.G.02,"['disaster loss', 'disaster prevention', 'preparedness and relief', 'disaster victims']",VC_DSR_MISS,Number of missing persons due to disaster (number),24,Angola,5,17,Middle Africa,Country,17.57817062,-12.33724746,AGO,1,1,,,"[2006, 2007, 2008, 2013, 2014, 2015]",2006,2015,6,NUMBER,Number,G,Global,,1.0,13.0,10.0,,,,,3.0,3.0,13.0,,,,13.0,,,Disclaimer: the data being submitted by UNISDR has been extracted from two sources: (a) the Sendai Framework Monitoring System as provided by designated national focal points; and (b) Desinventar disaster loss databases. Some of the data has not finalized an official validation process and may be subject to revision at a later date.â,United Nations Office for Disaster Risk Reduction (2019),,C: Country data
13,Goal 13,Take urgent action to combat climate change and its impacts,13.1,Strengthen resilience and adaptive capacity to climate-related hazards and natural disasters in all countries,C200303,13.1.1,"Number of deaths, missing persons and directly affected persons attributed to disasters per 100,000 population",2020.Q1.G.02,"['disaster loss', 'disaster prevention', 'preparedness and relief', 'disaster victims']",VC_DSR_MISS,Number of missing persons due to disaster (number),242,Fiji,4,54,Melanesia,Country,177.9660884,-17.83301566,FJI,1,1,,,"[2010, 2012, 2016, 2018]",2010,2018,4,NUMBER,Number,G,Global,,,,,,1.0,,3.0,,,,1.0,,1.0,1.0,,,Disclaimer: the data being submitted by UNISDR has been extracted from two sources: (a) the Sendai Framework Monitoring System as provided by designated national focal points; and (b) Desinventar disaster loss databases. Some of the data has not finalized an official validation process and may be subject to revision at a later date.â,United Nations Office for Disaster Risk Reduction (2019),,C: Country data
13,Goal 13,Take urgent action to combat climate change and its impacts,13.1,Strengthen resilience and adaptive capacity to climate-related hazards and natural disasters in all countries,C200303,13.1.1,"Number of deaths, missing persons and directly affected persons attributed to disasters per 100,000 population",2020.Q1.G.02,"['disaster loss', 'disaster prevention', 'preparedness and relief', 'disaster victims']",VC_DSR_MISS,Number of missing persons due to disaster (number),262,Djibouti,5,14,Eastern Africa,Country,42.18274707,11.56004161,DJI,1,1,,,"[2006, 2007, 2011]",2006,2011,3,NUMBER,Number,G,Global,,7.0,7.0,,,,20.0,,,,,,,,20.0,,,Disclaimer: the data being submitted by UNISDR has been extracted from two sources: (a) the Sendai Framework Monitoring System as provided by designated national focal points; and (b) Desinventar disaster loss databases. Some of the data has not finalized an official validation process and may be subject to revision at a later date.â,United Nations Office for Disaster Risk Reduction (2019),,C: Country data
13,Goal 13,Take urgent action to combat climate change and its impacts,13.1,Strengthen resilience and adaptive capacity to climate-related hazards and natural disasters in all countries,C200303,13.1.1,"Number of deaths, missing persons and directly affected persons attributed to disasters per 100,000 population",2020.Q1.G.02,"['disaster loss', 'disaster prevention', 'preparedness and relief', 'disaster victims']",VC_DSR_MISS,Number of missing persons due to disaster (number),288,Ghana,5,11,Western Africa,Country,-1.205623522,7.964825185,GHA,1,1,,,"[2017, 2018]",2017,2018,2,NUMBER,Number,G,Global,,,,,,,,,,,,,14.0,150.0,150.0,,,Disclaimer: the data being submitted by UNISDR has been extracted from two sources: (a) the Sendai Framework Monitoring System as provided by designated national focal points; and (b) Desinventar disaster loss databases. Some of the data has not finalized an official validation process and may be subject to revision at a later date.â,United Nations Office for Disaster Risk Reduction (2019),,C: Country data
13,Goal 13,Take urgent action to combat climate change and its impacts,13.1,Strengthen resilience and adaptive capacity to climate-related hazards and natural disasters in all countries,C200303,13.1.1,"Number of deaths, missing persons and directly affected persons attributed to disasters per 100,000 population",2020.Q1.G.02,"['disaster loss', 'disaster prevention', 'preparedness and relief', 'disaster victims']",VC_DSR_MISS,Number of missing persons due to disaster (number),32,Argentina,5,5,South America,Country,-65.14563274,-35.19446255,ARG,1,1,,,"[2005, 2006, 2007, 2008, 2010, 2011, 2014]",2005,2014,7,NUMBER,Number,G,Global,3.0,4.0,7.0,12.0,,10.0,2.0,,,18.0,,,,,18.0,,,Disclaimer: the data being submitted by UNISDR has been extracted from two sources: (a) the Sendai Framework Monitoring System as provided by designated national focal points; and (b) Desinventar disaster loss databases. Some of the data has not finalized an official validation process and may be subject to revision at a later date.â,United Nations Office for Disaster Risk Reduction (2019),,C: Country data
13,Goal 13,Take urgent action to combat climate change and its impacts,13.1,Strengthen resilience and adaptive capacity to climate-related hazards and natural disasters in all countries,C200303,13.1.1,"Number of deaths, missing persons and directly affected persons attributed to disasters per 100,000 population",2020.Q1.G.02,"['disaster loss', 'disaster prevention', 'preparedness and relief', 'disaster victims']",VC_DSR_MISS,Number of missing persons due to disaster (number),320,Guatemala,5,13,Central America,Country,-91.2312746,15.00273719,GTM,1,1,,,"[2005, 2006, 2007, 2008, 2009, 2010, 2011, 2013, 2014, 2015, 2016, 2017, 2018]",2005,2018,13,NUMBER,Number,G,Global,790.0,6.0,9.0,33.0,30.0,47.0,19.0,,5.0,3.0,73.0,6.0,300.0,233.0,233.0,,,Disclaimer: the data being submitted by UNISDR has been extracted from two sources: (a) the Sendai Framework Monitoring System as provided by designated national focal points; and (b) Desinventar disaster loss databases. Some of the data has not finalized an official validation process and may be subject to revision at a later date.â,United Nations Office for Disaster Risk Reduction (2019),,C: Country data
13,Goal 13,Take urgent action to combat climate change and its impacts,13.1,Strengthen resilience and adaptive capacity to climate-related hazards and natural disasters in all countries,C200303,13.1.1,"Number of deaths, missing persons and directly affected persons attributed to disasters per 100,000 population",2020.Q1.G.02,"['disaster loss', 'disaster prevention', 'preparedness and relief', 'disaster victims']",VC_DSR_MISS,Number of missing persons due to disaster (number),340,Honduras,5,13,Central America,Country,-86.59974381,14.82243161,HND,1,1,,,"[2005, 2006, 2007, 2008, 2009, 2010, 2011, 2012, 2013, 2014, 2015]",2005,2015,11,NUMBER,Number,G,Global,28.0,5.0,6.0,46.0,1.0,3.0,4.0,20.0,8.0,7.0,4.0,,,,4.0,,,Disclaimer: the data being submitted by UNISDR has been extracted from two sources: (a) the Sendai Framework Monitoring System as provided by designated national focal points; and (b) Desinventar disaster loss databases. Some of the data has not finalized an official validation process and may be subject to revision at a later date.â,United Nations Office for Disaster Risk Reduction (2019),,C: Country data
13,Goal 13,Take urgent action to combat climate change and its impacts,13.1,Strengthen resilience and adaptive capacity to climate-related hazards and natural disasters in all countries,C200303,13.1.1,"Number of deaths, missing persons and directly affected persons attributed to disasters per 100,000 population",2020.Q1.G.02,"['disaster loss', 'disaster prevention', 'preparedness and relief', 'disaster victims']",VC_DSR_MISS,Number of missing persons due to disaster (number),360,Indonesia,4,35,South-Eastern Asia,Country,113.9174,-0.994582204,IDN,1,1,,,"[2005, 2006, 2007, 2008, 2009, 2010, 2011, 2012, 2013, 2014, 2015, 2016, 2017, 2018]",2005,2018,14,NUMBER,Number,G,Global,35.0,115.0,59.0,40.0,153.0,277.0,69.0,38.0,44.0,72.0,57.0,96.0,69.0,1445.0,1445.0,,,Disclaimer: the data being submitted by UNISDR has been extracted from two sources: (a) the Sendai Framework Monitoring System as provided by designated national focal points; and (b) Desinventar disaster loss databases. Some of the data has not finalized an official validation process and may be subject to revision at a later date.â,United Nations Office for Disaster Risk Reduction (2019),,C: Country data
13,Goal 13,Take urgent action to combat climate change and its impacts,13.1,Strengthen resilience and adaptive capacity to climate-related hazards and natural disasters in all countries,C200303,13.1.1,"Number of deaths, missing persons and directly affected persons attributed to disasters per 100,000 population",2020.Q1.G.02,"['disaster loss', 'disaster prevention', 'preparedness and relief', 'disaster victims']",VC_DSR_MISS,Number of missing persons due to disaster (number),364,Iran (Islamic Republic of),4,34,Southern Asia,Country,54.19766348,32.74370885,IRN,1,1,,,"[2005, 2006, 2008, 2009, 2010]",2005,2010,5,NUMBER,Number,G,Global,12.0,7.0,,11.0,1.0,3.0,,,,,,,,,3.0,,,Disclaimer: the data being submitted by UNISDR has been extracted from two sources: (a) the Sendai Framework Monitoring System as provided by designated national focal points; and (b) Desinventar disaster loss databases. Some of the data has not finalized an official validation process and may be subject to revision at a later date.â,United Nations Office for Disaster Risk Reduction (2019),,C: Country data
13,Goal 13,Take urgent action to combat climate change and its impacts,13.1,Strengthen resilience and adaptive capacity to climate-related hazards and natural disasters in all countries,C200303,13.1.1,"Number of deaths, missing persons and directly affected persons attributed to disasters per 100,000 population",2020.Q1.G.02,"['disaster loss', 'disaster prevention', 'preparedness and relief', 'disaster victims']",VC_DSR_MISS,Number of missing persons due to disaster (number),380,Italy,4,39,Southern Europe,Country,12.57022427,42.79917282,ITA,1,1,,,[2018],2018,2018,1,NUMBER,Number,G,Global,,,,,,,,,,,,,,1.0,1.0,,,Disclaimer: the data being submitted by UNISDR has been extracted from two sources: (a) the Sendai Framework Monitoring System as provided by designated national focal points; and (b) Desinventar disaster loss databases. Some of the data has not finalized an official validation process and may be subject to revision at a later date.â,United Nations Office for Disaster Risk Reduction (2019),,C: Country data
13,Goal 13,Take urgent action to combat climate change and its impacts,13.1,Strengthen resilience and adaptive capacity to climate-related hazards and natural disasters in all countries,C200303,13.1.1,"Number of deaths, missing persons and directly affected persons attributed to disasters per 100,000 population",2020.Q1.G.02,"['disaster loss', 'disaster prevention', 'preparedness and relief', 'disaster victims']",VC_DSR_MISS,Number of missing persons due to disaster (number),392,Japan,4,30,Eastern Asia,Country,139.2716103,36.6554539,JPN,1,1,,,[2016],2016,2016,1,NUMBER,Number,G,Global,,,,,,,,,,,,4.0,,,4.0,,,Disclaimer: the data being submitted by UNISDR has been extracted from two sources: (a) the Sendai Framework Monitoring System as provided by designated national focal points; and (b) Desinventar disaster loss databases. Some of the data has not finalized an official validation process and may be subject to revision at a later date.â,United Nations Office for Disaster Risk Reduction (2019),,C: Country data
13,Goal 13,Take urgent action to combat climate change and its impacts,13.1,Strengthen resilience and adaptive capacity to climate-related hazards and natural disasters in all countries,C200303,13.1.1,"Number of deaths, missing persons and directly affected persons attributed to disasters per 100,000 population",2020.Q1.G.02,"['disaster loss', 'disaster prevention', 'preparedness and relief', 'disaster victims']",VC_DSR_MISS,Number of missing persons due to disaster (number),4,Afghanistan,4,34,Southern Asia,Country,66.02688198,33.83160199,AFG,1,1,,,[2017],2017,2017,1,NUMBER,Number,G,Global,,,,,,,,,,,,,1.0,,1.0,,,Disclaimer: the data being submitted by UNISDR has been extracted from two sources: (a) the Sendai Framework Monitoring System as provided by designated national focal points; and (b) Desinventar disaster loss databases. Some of the data has not finalized an official validation process and may be subject to revision at a later date.â,United Nations Office for Disaster Risk Reduction (2019),,C: Country data
13,Goal 13,Take urgent action to combat climate change and its impacts,13.1,Strengthen resilience and adaptive capacity to climate-related hazards and natural disasters in all countries,C200303,13.1.1,"Number of deaths, missing persons and directly affected persons attributed to disasters per 100,000 population",2020.Q1.G.02,"['disaster loss', 'disaster prevention', 'preparedness and relief', 'disaster victims']",VC_DSR_MISS,Number of missing persons due to disaster (number),400,Jordan,4,145,Western Asia,Country,37.13024774,30.65365973,JOR,1,1,,,"[2007, 2010, 2018]",2007,2018,3,NUMBER,Number,G,Global,,,1.0,,,34.0,,,,,,,,8.0,8.0,,,Disclaimer: the data being submitted by UNISDR has been extracted from two sources: (a) the Sendai Framework Monitoring System as provided by designated national focal points; and (b) Desinventar disaster loss databases. Some of the data has not finalized an official validation process and may be subject to revision at a later date.â,United Nations Office for Disaster Risk Reduction (2019),,C: Country data
13,Goal 13,Take urgent action to combat climate change and its impacts,13.1,Strengthen resilience and adaptive capacity to climate-related hazards and natural disasters in all countries,C200303,13.1.1,"Number of deaths, missing persons and directly affected persons attributed to disasters per 100,000 population",2020.Q1.G.02,"['disaster loss', 'disaster prevention', 'preparedness and relief', 'disaster victims']",VC_DSR_MISS,Number of missing persons due to disaster (number),404,Kenya,5,14,Eastern Africa,Country,37.86096816,0.534797278,KEN,1,1,,,"[2010, 2011, 2012, 2013, 2016]",2010,2016,5,NUMBER,Number,G,Global,,,,,,6.0,3.0,1.0,9.0,,,1.0,,,1.0,,,Disclaimer: the data being submitted by UNISDR has been extracted from two sources: (a) the Sendai Framework Monitoring System as provided by designated national focal points; and (b) Desinventar disaster loss databases. Some of the data has not finalized an official validation process and may be subject to revision at a later date.â,United Nations Office for Disaster Risk Reduction (2019),,C: Country data
13,Goal 13,Take urgent action to combat climate change and its impacts,13.1,Strengthen resilience and adaptive capacity to climate-related hazards and natural disasters in all countries,C200303,13.1.1,"Number of deaths, missing persons and directly affected persons attributed to disasters per 100,000 population",2020.Q1.G.02,"['disaster loss', 'disaster prevention', 'preparedness and relief', 'disaster victims']",VC_DSR_MISS,Number of missing persons due to disaster (number),410,Republic of Korea,4,30,Eastern Asia,Country,127.8610254,36.45201023,KOR,1,1,,,"[2015, 2016, 2017]",2015,2017,3,NUMBER,Number,G,Global,,,,,,,,,,,3.0,5.0,4.0,,4.0,,,Disclaimer: the data being submitted by UNISDR has been extracted from two sources: (a) the Sendai Framework Monitoring System as provided by designated national focal points; and (b) Desinventar disaster loss databases. Some of the data has not finalized an official validation process and may be subject to revision at a later date.â,United Nations Office for Disaster Risk Reduction (2019),,C: Country data
13,Goal 13,Take urgent action to combat climate change and its impacts,13.1,Strengthen resilience and adaptive capacity to climate-related hazards and natural disasters in all countries,C200303,13.1.1,"Number of deaths, missing persons and directly affected persons attributed to disasters per 100,000 population",2020.Q1.G.02,"['disaster loss', 'disaster prevention', 'preparedness and relief', 'disaster victims']",VC_DSR_MISS,Number of missing persons due to disaster (number),417,Kyrgyzstan,4,143,Central Asia,Country,74.52324839,41.46204516,KGZ,1,1,,,"[2016, 2017]",2016,2017,2,NUMBER,Number,G,Global,,,,,,,,,,,,1.0,16.0,,16.0,,,Disclaimer: the data being submitted by UNISDR has been extracted from two sources: (a) the Sendai Framework Monitoring System as provided by designated national focal points; and (b) Desinventar disaster loss databases. Some of the data has not finalized an official validation process and may be subject to revision at a later date.â,United Nations Office for Disaster Risk Reduction (2019),,C: Country data
13,Goal 13,Take urgent action to combat climate change and its impacts,13.1,Strengthen resilience and adaptive capacity to climate-related hazards and natural disasters in all countries,C200303,13.1.1,"Number of deaths, missing persons and directly affected persons attributed to disasters per 100,000 population",2020.Q1.G.02,"['disaster loss', 'disaster prevention', 'preparedness and relief', 'disaster victims']",VC_DSR_MISS,Number of missing persons due to disaster (number),418,Lao People's Democratic Republic,4,35,South-Eastern Asia,Country,101.9901968,20.27482773,LAO,1,1,,,"[2007, 2010, 2011, 2012]",2007,2012,4,NUMBER,Number,G,Global,,,3.0,,,2.0,2.0,31.0,,,,,,,31.0,,,Disclaimer: the data being submitted by UNISDR has been extracted from two sources: (a) the Sendai Framework Monitoring System as provided by designated national focal points; and (b) Desinventar disaster loss databases. Some of the data has not finalized an official validation process and may be subject to revision at a later date.â,United Nations Office for Disaster Risk Reduction (2019),,C: Country data
13,Goal 13,Take urgent action to combat climate change and its impacts,13.1,Strengthen resilience and adaptive capacity to climate-related hazards and natural disasters in all countries,C200303,13.1.1,"Number of deaths, missing persons and directly affected persons attributed to disasters per 100,000 population",2020.Q1.G.02,"['disaster loss', 'disaster prevention', 'preparedness and relief', 'disaster victims']",VC_DSR_MISS,Number of missing persons due to disaster (number),450,Madagascar,5,14,Eastern Africa,Country,46.6982339,-19.38514785,MDG,1,1,,,"[2005, 2006, 2007, 2008, 2010, 2011, 2012, 2013, 2014, 2015, 2017, 2018]",2005,2018,12,NUMBER,Number,G,Global,260.0,6.0,30.0,176.0,,34.0,7.0,3.0,18.0,10.0,9.0,,18.0,29.0,29.0,,,Disclaimer: the data being submitted by UNISDR has been extracted from two sources: (a) the Sendai Framework Monitoring System as provided by designated national focal points; and (b) Desinventar disaster loss databases. Some of the data has not finalized an official validation process and may be subject to revision at a later date.â,United Nations Office for Disaster Risk Reduction (2019),,C: Country data
13,Goal 13,Take urgent action to combat climate change and its impacts,13.1,Strengthen resilience and adaptive capacity to climate-related hazards and natural disasters in all countries,C200303,13.1.1,"Number of deaths, missing persons and directly affected persons attributed to disasters per 100,000 population",2020.Q1.G.02,"['disaster loss', 'disaster prevention', 'preparedness and relief', 'disaster victims']",VC_DSR_MISS,Number of missing persons due to disaster (number),454,Malawi,5,14,Eastern Africa,Country,33.4884625,-13.40819859,MWI,1,1,,,"[2015, 2017]",2015,2017,2,NUMBER,Number,G,Global,,,,,,,,,,,172.0,,20.0,,20.0,,,Disclaimer: the data being submitted by UNISDR has been extracted from two sources: (a) the Sendai Framework Monitoring System as provided by designated national focal points; and (b) Desinventar disaster loss databases. Some of the data has not finalized an official validation process and may be subject to revision at a later date.â,United Nations Office for Disaster Risk Reduction (2019),,C: Country data
13,Goal 13,Take urgent action to combat climate change and its impacts,13.1,Strengthen resilience and adaptive capacity to climate-related hazards and natural disasters in all countries,C200303,13.1.1,"Number of deaths, missing persons and directly affected persons attributed to disasters per 100,000 population",2020.Q1.G.02,"['disaster loss', 'disaster prevention', 'preparedness and relief', 'disaster victims']",VC_DSR_MISS,Number of missing persons due to disaster (number),458,Malaysia,4,35,South-Eastern Asia,Country,116.8346314,5.452415309,MYS,1,1,,,"[2014, 2017]",2014,2017,2,NUMBER,Number,G,Global,,,,,,,,,,5.0,,,4.0,,4.0,,,Disclaimer: the data being submitted by UNISDR has been extracted from two sources: (a) the Sendai Framework Monitoring System as provided by designated national focal points; and (b) Desinventar disaster loss databases. Some of the data has not finalized an official validation process and may be subject to revision at a later date.â,United Nations Office for Disaster Risk Reduction (2019),,C: Country data
13,Goal 13,Take urgent action to combat climate change and its impacts,13.1,Strengthen resilience and adaptive capacity to climate-related hazards and natural disasters in all countries,C200303,13.1.1,"Number of deaths, missing persons and directly affected persons attributed to disasters per 100,000 population",2020.Q1.G.02,"['disaster loss', 'disaster prevention', 'preparedness and relief', 'disaster victims']",VC_DSR_MISS,Number of missing persons due to disaster (number),466,Mali,5,11,Western Africa,Country,-3.522016039,17.35311254,MLI,1,1,,,"[2005, 2009, 2013, 2014]",2005,2014,4,NUMBER,Number,G,Global,3.0,,,,2.0,,,,18.0,10.0,,,,,10.0,,,Disclaimer: the data being submitted by UNISDR has been extracted from two sources: (a) the Sendai Framework Monitoring System as provided by designated national focal points; and (b) Desinventar disaster loss databases. Some of the data has not finalized an official validation process and may be subject to revision at a later date.â,United Nations Office for Disaster Risk Reduction (2019),,C: Country data
13,Goal 13,Take urgent action to combat climate change and its impacts,13.1,Strengthen resilience and adaptive capacity to climate-related hazards and natural disasters in all countries,C200303,13.1.1,"Number of deaths, missing persons and directly affected persons attributed to disasters per 100,000 population",2020.Q1.G.02,"['disaster loss', 'disaster prevention', 'preparedness and relief', 'disaster victims']",VC_DSR_MISS,Number of missing persons due to disaster (number),480,Mauritius,5,14,Eastern Africa,Country,57.568022,-20.28581998,MUS,1,1,,,"[2005, 2006, 2008, 2009, 2010]",2005,2010,5,NUMBER,Number,G,Global,2.0,1.0,,2.0,12.0,2.0,,,,,,,,,2.0,,,Disclaimer: the data being submitted by UNISDR has been extracted from two sources: (a) the Sendai Framework Monitoring System as provided by designated national focal points; and (b) Desinventar disaster loss databases. Some of the data has not finalized an official validation process and may be subject to revision at a later date.â,United Nations Office for Disaster Risk Reduction (2019),,C: Country data
13,Goal 13,Take urgent action to combat climate change and its impacts,13.1,Strengthen resilience and adaptive capacity to climate-related hazards and natural disasters in all countries,C200303,13.1.1,"Number of deaths, missing persons and directly affected persons attributed to disasters per 100,000 population",2020.Q1.G.02,"['disaster loss', 'disaster prevention', 'preparedness and relief', 'disaster victims']",VC_DSR_MISS,Number of missing persons due to disaster (number),484,Mexico,5,13,Central America,Country,-102.5148166,23.93378032,MEX,1,1,,,"[2005, 2006, 2007, 2008, 2009, 2010, 2011, 2012, 2013]",2005,2013,9,NUMBER,Number,G,Global,132.0,45.0,84.0,119.0,38.0,363.0,76.0,14.0,35.0,,,,,,35.0,,,Disclaimer: the data being submitted by UNISDR has been extracted from two sources: (a) the Sendai Framework Monitoring System as provided by designated national focal points; and (b) Desinventar disaster loss databases. Some of the data has not finalized an official validation process and may be subject to revision at a later date.â,United Nations Office for Disaster Risk Reduction (2019),,C: Country data
13,Goal 13,Take urgent action to combat climate change and its impacts,13.1,Strengthen resilience and adaptive capacity to climate-related hazards and natural disasters in all countries,C200303,13.1.1,"Number of deaths, missing persons and directly affected persons attributed to disasters per 100,000 population",2020.Q1.G.02,"['disaster loss', 'disaster prevention', 'preparedness and relief', 'disaster victims']",VC_DSR_MISS,Number of missing persons due to disaster (number),504,Morocco,4,15,Northern Africa,Country,-6.281942841,31.8440131,MAR,1,1,,,"[2008, 2010, 2011]",2008,2011,3,NUMBER,Number,G,Global,,,,1.0,,6.0,1.0,,,,,,,,1.0,,,Disclaimer: the data being submitted by UNISDR has been extracted from two sources: (a) the Sendai Framework Monitoring System as provided by designated national focal points; and (b) Desinventar disaster loss databases. Some of the data has not finalized an official validation process and may be subject to revision at a later date.â,United Nations Office for Disaster Risk Reduction (2019),,C: Country data
13,Goal 13,Take urgent action to combat climate change and its impacts,13.1,Strengthen resilience and adaptive capacity to climate-related hazards and natural disasters in all countries,C200303,13.1.1,"Number of deaths, missing persons and directly affected persons attributed to disasters per 100,000 population",2020.Q1.G.02,"['disaster loss', 'disaster prevention', 'preparedness and relief', 'disaster victims']",VC_DSR_MISS,Number of missing persons due to disaster (number),508,Mozambique,5,14,Eastern Africa,Country,38.18479941,-14.27963886,MOZ,1,1,,,"[2005, 2007, 2008, 2009]",2005,2009,4,NUMBER,Number,G,Global,26.0,,11.0,15.0,4.0,,,,,,,,,,4.0,,,Disclaimer: the data being submitted by UNISDR has been extracted from two sources: (a) the Sendai Framework Monitoring System as provided by designated national focal points; and (b) Desinventar disaster loss databases. Some of the data has not finalized an official validation process and may be subject to revision at a later date.â,United Nations Office for Disaster Risk Reduction (2019),,C: Country data
13,Goal 13,Take urgent action to combat climate change and its impacts,13.1,Strengthen resilience and adaptive capacity to climate-related hazards and natural disasters in all countries,C200303,13.1.1,"Number of deaths, missing persons and directly affected persons attributed to disasters per 100,000 population",2020.Q1.G.02,"['disaster loss', 'disaster prevention', 'preparedness and relief', 'disaster victims']",VC_DSR_MISS,Number of missing persons due to disaster (number),524,Nepal,4,34,Southern Asia,Country,83.94678863,28.25866332,NPL,1,1,,,"[2006, 2007, 2008, 2009, 2010, 2011, 2012, 2013, 2014, 2015, 2016, 2017, 2018]",2006,2018,13,NUMBER,Number,G,Global,,101.0,92.0,125.0,140.0,142.0,135.0,50.0,184.0,281.0,212.0,47.0,67.0,9.0,9.0,,,Disclaimer: the data being submitted by UNISDR has been extracted from two sources: (a) the Sendai Framework Monitoring System as provided by designated national focal points; and (b) Desinventar disaster loss databases. Some of the data has not finalized an official validation process and may be subject to revision at a later date.â,United Nations Office for Disaster Risk Reduction (2019),,C: Country data
13,Goal 13,Take urgent action to combat climate change and its impacts,13.1,Strengthen resilience and adaptive capacity to climate-related hazards and natural disasters in all countries,C200303,13.1.1,"Number of deaths, missing persons and directly affected persons attributed to disasters per 100,000 population",2020.Q1.G.02,"['disaster loss', 'disaster prevention', 'preparedness and relief', 'disaster victims']",VC_DSR_MISS,Number of missing persons due to disaster (number),548,Vanuatu,4,54,Melanesia,Country,167.0679779,-15.34445547,VUT,1,1,,,[2014],2014,2014,1,NUMBER,Number,G,Global,,,,,,,,,,2.0,,,,,2.0,,,Disclaimer: the data being submitted by UNISDR has been extracted from two sources: (a) the Sendai Framework Monitoring System as provided by designated national focal points; and (b) Desinventar disaster loss databases. Some of the data has not finalized an official validation process and may be subject to revision at a later date.â,United Nations Office for Disaster Risk Reduction (2019),,C: Country data
13,Goal 13,Take urgent action to combat climate change and its impacts,13.1,Strengthen resilience and adaptive capacity to climate-related hazards and natural disasters in all countries,C200303,13.1.1,"Number of deaths, missing persons and directly affected persons attributed to disasters per 100,000 population",2020.Q1.G.02,"['disaster loss', 'disaster prevention', 'preparedness and relief', 'disaster victims']",VC_DSR_MISS,Number of missing persons due to disaster (number),558,Nicaragua,5,13,Central America,Country,-85.03060315,12.84210839,NIC,1,1,,,"[2006, 2007, 2008, 2009, 2010]",2006,2010,5,NUMBER,Number,G,Global,,1.0,1003.0,5.0,1.0,3.0,,,,,,,,,3.0,,,Disclaimer: the data being submitted by UNISDR has been extracted from two sources: (a) the Sendai Framework Monitoring System as provided by designated national focal points; and (b) Desinventar disaster loss databases. Some of the data has not finalized an official validation process and may be subject to revision at a later date.â,United Nations Office for Disaster Risk Reduction (2019),,C: Country data
13,Goal 13,Take urgent action to combat climate change and its impacts,13.1,Strengthen resilience and adaptive capacity to climate-related hazards and natural disasters in all countries,C200303,13.1.1,"Number of deaths, missing persons and directly affected persons attributed to disasters per 100,000 population",2020.Q1.G.02,"['disaster loss', 'disaster prevention', 'preparedness and relief', 'disaster victims']",VC_DSR_MISS,Number of missing persons due to disaster (number),586,Pakistan,4,34,Southern Asia,Country,68.80479684,29.36491634,PAK,1,1,,,"[2005, 2006, 2007, 2008, 2009, 2010, 2011, 2012, 2013, 2014]",2005,2014,10,NUMBER,Number,G,Global,1475.0,834.0,313.0,723.0,139.0,315.0,114.0,195.0,403.0,133.0,,,,,133.0,,,Disclaimer: the data being submitted by UNISDR has been extracted from two sources: (a) the Sendai Framework Monitoring System as provided by designated national focal points; and (b) Desinventar disaster loss databases. Some of the data has not finalized an official validation process and may be subject to revision at a later date.â,United Nations Office for Disaster Risk Reduction (2019),,C: Country data
13,Goal 13,Take urgent action to combat climate change and its impacts,13.1,Strengthen resilience and adaptive capacity to climate-related hazards and natural disasters in all countries,C200303,13.1.1,"Number of deaths, missing persons and directly affected persons attributed to disasters per 100,000 population",2020.Q1.G.02,"['disaster loss', 'disaster prevention', 'preparedness and relief', 'disaster victims']",VC_DSR_MISS,Number of missing persons due to disaster (number),591,Panama,5,13,Central America,Country,-81.26616623,8.450965746,PAN,1,1,,,"[2007, 2008, 2009, 2011, 2012, 2014, 2015, 2016, 2018]",2007,2018,9,NUMBER,Number,G,Global,,,2.0,19.0,14.0,,1.0,1.0,,3.0,1.0,1.0,,17.0,17.0,,,Disclaimer: the data being submitted by UNISDR has been extracted from two sources: (a) the Sendai Framework Monitoring System as provided by designated national focal points; and (b) Desinventar disaster loss databases. Some of the data has not finalized an official validation process and may be subject to revision at a later date.â,United Nations Office for Disaster Risk Reduction (2019),,C: Country data
13,Goal 13,Take urgent action to combat climate change and its impacts,13.1,Strengthen resilience and adaptive capacity to climate-related hazards and natural disasters in all countries,C200303,13.1.1,"Number of deaths, missing persons and directly affected persons attributed to disasters per 100,000 population",2020.Q1.G.02,"['disaster loss', 'disaster prevention', 'preparedness and relief', 'disaster victims']",VC_DSR_MISS,Number of missing persons due to disaster (number),598,Papua New Guinea,4,54,Melanesia,Country,145.8587761,-6.756057077,PNG,1,1,,,[2012],2012,2012,1,NUMBER,Number,G,Global,,,,,,,,35.0,,,,,,,35.0,,,Disclaimer: the data being submitted by UNISDR has been extracted from two sources: (a) the Sendai Framework Monitoring System as provided by designated national focal points; and (b) Desinventar disaster loss databases. Some of the data has not finalized an official validation process and may be subject to revision at a later date.â,United Nations Office for Disaster Risk Reduction (2019),,C: Country data
13,Goal 13,Take urgent action to combat climate change and its impacts,13.1,Strengthen resilience and adaptive capacity to climate-related hazards and natural disasters in all countries,C200303,13.1.1,"Number of deaths, missing persons and directly affected persons attributed to disasters per 100,000 population",2020.Q1.G.02,"['disaster loss', 'disaster prevention', 'preparedness and relief', 'disaster victims']",VC_DSR_MISS,Number of missing persons due to disaster (number),600,Paraguay,5,5,South America,Country,-60.54854225,-21.70216237,PRY,1,1,,,"[2008, 2010, 2012]",2008,2012,3,NUMBER,Number,G,Global,,,,5.0,,2.0,,1.0,,,,,,,1.0,,,Disclaimer: the data being submitted by UNISDR has been extracted from two sources: (a) the Sendai Framework Monitoring System as provided by designated national focal points; and (b) Desinventar disaster loss databases. Some of the data has not finalized an official validation process and may be subject to revision at a later date.â,United Nations Office for Disaster Risk Reduction (2019),,C: Country data
13,Goal 13,Take urgent action to combat climate change and its impacts,13.1,Strengthen resilience and adaptive capacity to climate-related hazards and natural disasters in all countries,C200303,13.1.1,"Number of deaths, missing persons and directly affected persons attributed to disasters per 100,000 population",2020.Q1.G.02,"['disaster loss', 'disaster prevention', 'preparedness and relief', 'disaster victims']",VC_DSR_MISS,Number of missing persons due to disaster (number),604,Peru,5,5,South America,Country,-71.82093277,-13.58939705,PER,1,1,,,"[2005, 2006, 2007, 2008, 2009, 2010, 2011, 2012, 2013, 2014, 2015, 2016, 2017, 2018]",2005,2018,14,NUMBER,Number,G,Global,17.0,6.0,11.0,34.0,39.0,53.0,19.0,31.0,18.0,17.0,18.0,5.0,23.0,6.0,6.0,,,Disclaimer: the data being submitted by UNISDR has been extracted from two sources: (a) the Sendai Framework Monitoring System as provided by designated national focal points; and (b) Desinventar disaster loss databases. Some of the data has not finalized an official validation process and may be subject to revision at a later date.â,United Nations Office for Disaster Risk Reduction (2019),,C: Country data
13,Goal 13,Take urgent action to combat climate change and its impacts,13.1,Strengthen resilience and adaptive capacity to climate-related hazards and natural disasters in all countries,C200303,13.1.1,"Number of deaths, missing persons and directly affected persons attributed to disasters per 100,000 population",2020.Q1.G.02,"['disaster loss', 'disaster prevention', 'preparedness and relief', 'disaster victims']",VC_DSR_MISS,Number of missing persons due to disaster (number),608,Philippines,4,35,South-Eastern Asia,Country,120.8601418,14.16591706,PHL,1,1,,,"[2015, 2016, 2017, 2018]",2015,2018,4,NUMBER,Number,G,Global,,,,,,,,,,,86.0,52.0,220.0,4.0,4.0,,,Disclaimer: the data being submitted by UNISDR has been extracted from two sources: (a) the Sendai Framework Monitoring System as provided by designated national focal points; and (b) Desinventar disaster loss databases. Some of the data has not finalized an official validation process and may be subject to revision at a later date.â,United Nations Office for Disaster Risk Reduction (2019),,C: Country data
13,Goal 13,Take urgent action to combat climate change and its impacts,13.1,Strengthen resilience and adaptive capacity to climate-related hazards and natural disasters in all countries,C200303,13.1.1,"Number of deaths, missing persons and directly affected persons attributed to disasters per 100,000 population",2020.Q1.G.02,"['disaster loss', 'disaster prevention', 'preparedness and relief', 'disaster victims']",VC_DSR_MISS,Number of missing persons due to disaster (number),624,Guinea-Bissau,5,11,Western Africa,Country,-14.40182514,12.11760394,GNB,1,1,,,[2017],2017,2017,1,NUMBER,Number,G,Global,,,,,,,,,,,,,13.0,,13.0,,,Disclaimer: the data being submitted by UNISDR has been extracted from two sources: (a) the Sendai Framework Monitoring System as provided by designated national focal points; and (b) Desinventar disaster loss databases. Some of the data has not finalized an official validation process and may be subject to revision at a later date.â,United Nations Office for Disaster Risk Reduction (2019),,C: Country data
13,Goal 13,Take urgent action to combat climate change and its impacts,13.1,Strengthen resilience and adaptive capacity to climate-related hazards and natural disasters in all countries,C200303,13.1.1,"Number of deaths, missing persons and directly affected persons attributed to disasters per 100,000 population",2020.Q1.G.02,"['disaster loss', 'disaster prevention', 'preparedness and relief', 'disaster victims']",VC_DSR_MISS,Number of missing persons due to disaster (number),626,Timor-Leste,4,35,South-Eastern Asia,Country,125.9451052,-8.797497247,TLS,1,1,,,[2015],2015,2015,1,NUMBER,Number,G,Global,,,,,,,,,,,26.0,,,,26.0,,,Disclaimer: the data being submitted by UNISDR has been extracted from two sources: (a) the Sendai Framework Monitoring System as provided by designated national focal points; and (b) Desinventar disaster loss databases. Some of the data has not finalized an official validation process and may be subject to revision at a later date.â,United Nations Office for Disaster Risk Reduction (2019),,C: Country data
13,Goal 13,Take urgent action to combat climate change and its impacts,13.1,Strengthen resilience and adaptive capacity to climate-related hazards and natural disasters in all countries,C200303,13.1.1,"Number of deaths, missing persons and directly affected persons attributed to disasters per 100,000 population",2020.Q1.G.02,"['disaster loss', 'disaster prevention', 'preparedness and relief', 'disaster victims']",VC_DSR_MISS,Number of missing persons due to disaster (number),64,Bhutan,4,34,Southern Asia,Country,90.45098484,27.39598568,BTN,1,1,,,"[2011, 2017, 2018]",2011,2018,3,NUMBER,Number,G,Global,,,,,,,5.0,,,,,,8.0,5.0,5.0,,,Disclaimer: the data being submitted by UNISDR has been extracted from two sources: (a) the Sendai Framework Monitoring System as provided by designated national focal points; and (b) Desinventar disaster loss databases. Some of the data has not finalized an official validation process and may be subject to revision at a later date.â,United Nations Office for Disaster Risk Reduction (2019),,C: Country data
13,Goal 13,Take urgent action to combat climate change and its impacts,13.1,Strengthen resilience and adaptive capacity to climate-related hazards and natural disasters in all countries,C200303,13.1.1,"Number of deaths, missing persons and directly affected persons attributed to disasters per 100,000 population",2020.Q1.G.02,"['disaster loss', 'disaster prevention', 'preparedness and relief', 'disaster victims']",VC_DSR_MISS,Number of missing persons due to disaster (number),662,Saint Lucia,5,29,Caribbean,Country,-60.96529553,13.89405601,LCA,1,1,,,"[2010, 2011]",2010,2011,2,NUMBER,Number,G,Global,,,,,,5.0,2.0,,,,,,,,2.0,,,Disclaimer: the data being submitted by UNISDR has been extracted from two sources: (a) the Sendai Framework Monitoring System as provided by designated national focal points; and (b) Desinventar disaster loss databases. Some of the data has not finalized an official validation process and may be subject to revision at a later date.â,United Nations Office for Disaster Risk Reduction (2019),,C: Country data
13,Goal 13,Take urgent action to combat climate change and its impacts,13.1,Strengthen resilience and adaptive capacity to climate-related hazards and natural disasters in all countries,C200303,13.1.1,"Number of deaths, missing persons and directly affected persons attributed to disasters per 100,000 population",2020.Q1.G.02,"['disaster loss', 'disaster prevention', 'preparedness and relief', 'disaster victims']",VC_DSR_MISS,Number of missing persons due to disaster (number),670,Saint Vincent and the Grenadines,5,29,Caribbean,Country,-61.19024321,13.24627968,VCT,1,1,,,[2013],2013,2013,1,NUMBER,Number,G,Global,,,,,,,,,3.0,,,,,,3.0,,,Disclaimer: the data being submitted by UNISDR has been extracted from two sources: (a) the Sendai Framework Monitoring System as provided by designated national focal points; and (b) Desinventar disaster loss databases. Some of the data has not finalized an official validation process and may be subject to revision at a later date.â,United Nations Office for Disaster Risk Reduction (2019),,C: Country data
13,Goal 13,Take urgent action to combat climate change and its impacts,13.1,Strengthen resilience and adaptive capacity to climate-related hazards and natural disasters in all countries,C200303,13.1.1,"Number of deaths, missing persons and directly affected persons attributed to disasters per 100,000 population",2020.Q1.G.02,"['disaster loss', 'disaster prevention', 'preparedness and relief', 'disaster victims']",VC_DSR_MISS,Number of missing persons due to disaster (number),68,Bolivia (Plurinational State of),5,5,South America,Country,-64.66224284,-16.71273412,BOL,1,1,,,"[2005, 2006, 2007, 2008, 2009, 2010, 2017]",2005,2017,7,NUMBER,Number,G,Global,19.0,4.0,3.0,18.0,2.0,1.0,,,,,,,2.0,,2.0,,,Disclaimer: the data being submitted by UNISDR has been extracted from two sources: (a) the Sendai Framework Monitoring System as provided by designated national focal points; and (b) Desinventar disaster loss databases. Some of the data has not finalized an official validation process and may be subject to revision at a later date.â,United Nations Office for Disaster Risk Reduction (2019),,C: Country data
13,Goal 13,Take urgent action to combat climate change and its impacts,13.1,Strengthen resilience and adaptive capacity to climate-related hazards and natural disasters in all countries,C200303,13.1.1,"Number of deaths, missing persons and directly affected persons attributed to disasters per 100,000 population",2020.Q1.G.02,"['disaster loss', 'disaster prevention', 'preparedness and relief', 'disaster victims']",VC_DSR_MISS,Number of missing persons due to disaster (number),686,Senegal,5,11,Western Africa,Country,-14.46636926,14.35920905,SEN,1,1,,,"[2005, 2006, 2009, 2010, 2011, 2012, 2013, 2014, 2015]",2005,2015,9,NUMBER,Number,G,Global,4.0,22.0,,,4.0,2.0,4.0,8.0,73.0,43.0,3.0,,,,3.0,,,Disclaimer: the data being submitted by UNISDR has been extracted from two sources: (a) the Sendai Framework Monitoring System as provided by designated national focal points; and (b) Desinventar disaster loss databases. Some of the data has not finalized an official validation process and may be subject to revision at a later date.â,United Nations Office for Disaster Risk Reduction (2019),,C: Country data
13,Goal 13,Take urgent action to combat climate change and its impacts,13.1,Strengthen resilience and adaptive capacity to climate-related hazards and natural disasters in all countries,C200303,13.1.1,"Number of deaths, missing persons and directly affected persons attributed to disasters per 100,000 population",2020.Q1.G.02,"['disaster loss', 'disaster prevention', 'preparedness and relief', 'disaster victims']",VC_DSR_MISS,Number of missing persons due to disaster (number),688,Serbia,4,39,Southern Europe,Country,20.805876,44.03145697,SRB,1,1,,,[2012],2012,2012,1,NUMBER,Number,G,Global,,,,,,,,2.0,,,,,,,2.0,,,Disclaimer: the data being submitted by UNISDR has been extracted from two sources: (a) the Sendai Framework Monitoring System as provided by designated national focal points; and (b) Desinventar disaster loss databases. Some of the data has not finalized an official validation process and may be subject to revision at a later date.â,United Nations Office for Disaster Risk Reduction (2019),,C: Country data
13,Goal 13,Take urgent action to combat climate change and its impacts,13.1,Strengthen resilience and adaptive capacity to climate-related hazards and natural disasters in all countries,C200303,13.1.1,"Number of deaths, missing persons and directly affected persons attributed to disasters per 100,000 population",2020.Q1.G.02,"['disaster loss', 'disaster prevention', 'preparedness and relief', 'disaster victims']",VC_DSR_MISS,Number of missing persons due to disaster (number),704,Viet Nam,4,35,South-Eastern Asia,Country,105.802499,10.09643079,VNM,1,1,,,"[2005, 2006, 2007, 2008, 2009, 2010]",2005,2010,6,NUMBER,Number,G,Global,23.0,268.0,34.0,65.0,14.0,32.0,,,,,,,,,32.0,,,Disclaimer: the data being submitted by UNISDR has been extracted from two sources: (a) the Sendai Framework Monitoring System as provided by designated national focal points; and (b) Desinventar disaster loss databases. Some of the data has not finalized an official validation process and may be subject to revision at a later date.â,United Nations Office for Disaster Risk Reduction (2019),,C: Country data
13,Goal 13,Take urgent action to combat climate change and its impacts,13.1,Strengthen resilience and adaptive capacity to climate-related hazards and natural disasters in all countries,C200303,13.1.1,"Number of deaths, missing persons and directly affected persons attributed to disasters per 100,000 population",2020.Q1.G.02,"['disaster loss', 'disaster prevention', 'preparedness and relief', 'disaster victims']",VC_DSR_MISS,Number of missing persons due to disaster (number),728,South Sudan,5,14,Eastern Africa,Country,30.32618773,7.290839152,SSD,1,1,,,[2016],2016,2016,1,NUMBER,Number,G,Global,,,,,,,,,,,,15.0,,,15.0,,,Disclaimer: the data being submitted by UNISDR has been extracted from two sources: (a) the Sendai Framework Monitoring System as provided by designated national focal points; and (b) Desinventar disaster loss databases. Some of the data has not finalized an official validation process and may be subject to revision at a later date.â,United Nations Office for Disaster Risk Reduction (2019),,C: Country data
13,Goal 13,Take urgent action to combat climate change and its impacts,13.1,Strengthen resilience and adaptive capacity to climate-related hazards and natural disasters in all countries,C200303,13.1.1,"Number of deaths, missing persons and directly affected persons attributed to disasters per 100,000 population",2020.Q1.G.02,"['disaster loss', 'disaster prevention', 'preparedness and relief', 'disaster victims']",VC_DSR_MISS,Number of missing persons due to disaster (number),764,Thailand,4,35,South-Eastern Asia,Country,101.0202951,15.13089239,THA,1,1,,,"[2015, 2016, 2017, 2018]",2015,2018,4,NUMBER,Number,G,Global,,,,,,,,,,,2.0,1.0,1.0,8.0,8.0,,,Disclaimer: the data being submitted by UNISDR has been extracted from two sources: (a) the Sendai Framework Monitoring System as provided by designated national focal points; and (b) Desinventar disaster loss databases. Some of the data has not finalized an official validation process and may be subject to revision at a later date.â,United Nations Office for Disaster Risk Reduction (2019),,C: Country data
13,Goal 13,Take urgent action to combat climate change and its impacts,13.1,Strengthen resilience and adaptive capacity to climate-related hazards and natural disasters in all countries,C200303,13.1.1,"Number of deaths, missing persons and directly affected persons attributed to disasters per 100,000 population",2020.Q1.G.02,"['disaster loss', 'disaster prevention', 'preparedness and relief', 'disaster victims']",VC_DSR_MISS,Number of missing persons due to disaster (number),768,Togo,5,11,Western Africa,Country,0.97835765,8.532096072,TGO,1,1,,,"[2007, 2008]",2007,2008,2,NUMBER,Number,G,Global,,,8.0,7.0,,,,,,,,,,,7.0,,,Disclaimer: the data being submitted by UNISDR has been extracted from two sources: (a) the Sendai Framework Monitoring System as provided by designated national focal points; and (b) Desinventar disaster loss databases. Some of the data has not finalized an official validation process and may be subject to revision at a later date.â,United Nations Office for Disaster Risk Reduction (2019),,C: Country data
13,Goal 13,Take urgent action to combat climate change and its impacts,13.1,Strengthen resilience and adaptive capacity to climate-related hazards and natural disasters in all countries,C200303,13.1.1,"Number of deaths, missing persons and directly affected persons attributed to disasters per 100,000 population",2020.Q1.G.02,"['disaster loss', 'disaster prevention', 'preparedness and relief', 'disaster victims']",VC_DSR_MISS,Number of missing persons due to disaster (number),788,Tunisia,4,15,Northern Africa,Country,9.572737411,34.11439971,TUN,1,1,,,[2009],2009,2009,1,NUMBER,Number,G,Global,,,,,105.0,,,,,,,,,,105.0,,,Disclaimer: the data being submitted by UNISDR has been extracted from two sources: (a) the Sendai Framework Monitoring System as provided by designated national focal points; and (b) Desinventar disaster loss databases. Some of the data has not finalized an official validation process and may be subject to revision at a later date.â,United Nations Office for Disaster Risk Reduction (2019),,C: Country data
13,Goal 13,Take urgent action to combat climate change and its impacts,13.1,Strengthen resilience and adaptive capacity to climate-related hazards and natural disasters in all countries,C200303,13.1.1,"Number of deaths, missing persons and directly affected persons attributed to disasters per 100,000 population",2020.Q1.G.02,"['disaster loss', 'disaster prevention', 'preparedness and relief', 'disaster victims']",VC_DSR_MISS,Number of missing persons due to disaster (number),8,Albania,4,39,Southern Europe,Country,20.06660928,41.13897007,ALB,1,1,,,"[2011, 2012, 2015]",2011,2015,3,NUMBER,Number,G,Global,,,,,,,8.0,1.0,,,2.0,,,,2.0,,,Disclaimer: the data being submitted by UNISDR has been extracted from two sources: (a) the Sendai Framework Monitoring System as provided by designated national focal points; and (b) Desinventar disaster loss databases. Some of the data has not finalized an official validation process and may be subject to revision at a later date.â,United Nations Office for Disaster Risk Reduction (2019),,C: Country data
13,Goal 13,Take urgent action to combat climate change and its impacts,13.1,Strengthen resilience and adaptive capacity to climate-related hazards and natural disasters in all countries,C200303,13.1.1,"Number of deaths, missing persons and directly affected persons attributed to disasters per 100,000 population",2020.Q1.G.02,"['disaster loss', 'disaster prevention', 'preparedness and relief', 'disaster victims']",VC_DSR_MISS,Number of missing persons due to disaster (number),800,Uganda,5,14,Eastern Africa,Country,32.39100438,1.279557331,UGA,1,1,,,"[2005, 2006, 2007, 2010, 2011, 2012, 2013, 2017, 2018]",2005,2018,9,NUMBER,Number,G,Global,2.0,7.0,1.0,,,962.0,45.0,19.0,4.0,,,,51.0,4.0,4.0,,,Disclaimer: the data being submitted by UNISDR has been extracted from two sources: (a) the Sendai Framework Monitoring System as provided by designated national focal points; and (b) Desinventar disaster loss databases. Some of the data has not finalized an official validation process and may be subject to revision at a later date.â,United Nations Office for Disaster Risk Reduction (2019),,C: Country data
13,Goal 13,Take urgent action to combat climate change and its impacts,13.1,Strengthen resilience and adaptive capacity to climate-related hazards and natural disasters in all countries,C200303,13.1.1,"Number of deaths, missing persons and directly affected persons attributed to disasters per 100,000 population",2020.Q1.G.02,"['disaster loss', 'disaster prevention', 'preparedness and relief', 'disaster victims']",VC_DSR_MISS,Number of missing persons due to disaster (number),834,United Republic of Tanzania,5,14,Eastern Africa,Country,34.80521182,-6.265332606,TZA,1,1,,,"[2007, 2011, 2012, 2014, 2015, 2016, 2017, 2018]",2007,2018,8,NUMBER,Number,G,Global,,,1.0,,,,1370.0,212.0,,18.0,10.0,4.0,4.0,6.0,6.0,,,Disclaimer: the data being submitted by UNISDR has been extracted from two sources: (a) the Sendai Framework Monitoring System as provided by designated national focal points; and (b) Desinventar disaster loss databases. Some of the data has not finalized an official validation process and may be subject to revision at a later date.â,United Nations Office for Disaster Risk Reduction (2019),,C: Country data
13,Goal 13,Take urgent action to combat climate change and its impacts,13.1,Strengthen resilience and adaptive capacity to climate-related hazards and natural disasters in all countries,C200303,13.1.1,"Number of deaths, missing persons and directly affected persons attributed to disasters per 100,000 population",2020.Q1.G.02,"['disaster loss', 'disaster prevention', 'preparedness and relief', 'disaster victims']",VC_DSR_MISS,Number of missing persons due to disaster (number),854,Burkina Faso,5,11,Western Africa,Country,-1.742843829,12.27491081,BFA,1,1,,,"[2008, 2009]",2008,2009,2,NUMBER,Number,G,Global,,,,1214.0,1.0,,,,,,,,,,1.0,,,Disclaimer: the data being submitted by UNISDR has been extracted from two sources: (a) the Sendai Framework Monitoring System as provided by designated national focal points; and (b) Desinventar disaster loss databases. Some of the data has not finalized an official validation process and may be subject to revision at a later date.â,United Nations Office for Disaster Risk Reduction (2019),,C: Country data
13,Goal 13,Take urgent action to combat climate change and its impacts,13.1,Strengthen resilience and adaptive capacity to climate-related hazards and natural disasters in all countries,C200303,13.1.1,"Number of deaths, missing persons and directly affected persons attributed to disasters per 100,000 population",2020.Q1.G.02,"['disaster loss', 'disaster prevention', 'preparedness and relief', 'disaster victims']",VC_DSR_MISS,Number of missing persons due to disaster (number),858,Uruguay,5,5,South America,Country,-56.01387025,-32.8002838,URY,1,1,,,"[2006, 2007, 2010, 2012]",2006,2012,4,NUMBER,Number,G,Global,,2.0,5.0,,,1.0,,1.0,,,,,,,1.0,,,Disclaimer: the data being submitted by UNISDR has been extracted from two sources: (a) the Sendai Framework Monitoring System as provided by designated national focal points; and (b) Desinventar disaster loss databases. Some of the data has not finalized an official validation process and may be subject to revision at a later date.â,United Nations Office for Disaster Risk Reduction (2019),,C: Country data
13,Goal 13,Take urgent action to combat climate change and its impacts,13.1,Strengthen resilience and adaptive capacity to climate-related hazards and natural disasters in all countries,C200303,13.1.1,"Number of deaths, missing persons and directly affected persons attributed to disasters per 100,000 population",2020.Q1.G.02,"['disaster loss', 'disaster prevention', 'preparedness and relief', 'disaster victims']",VC_DSR_MISS,Number of missing persons due to disaster (number),862,Venezuela (Bolivarian Republic of),5,5,South America,Country,-66.15642084,7.121324748,VEN,1,1,,,"[2005, 2006, 2007, 2009, 2010, 2012, 2013, 2014, 2015]",2005,2015,9,NUMBER,Number,G,Global,96.0,8.0,8.0,,3.0,16.0,,2.0,4.0,7.0,3.0,,,,3.0,,,Disclaimer: the data being submitted by UNISDR has been extracted from two sources: (a) the Sendai Framework Monitoring System as provided by designated national focal points; and (b) Desinventar disaster loss databases. Some of the data has not finalized an official validation process and may be subject to revision at a later date.â,United Nations Office for Disaster Risk Reduction (2019),,C: Country data
13,Goal 13,Take urgent action to combat climate change and its impacts,13.1,Strengthen resilience and adaptive capacity to climate-related hazards and natural disasters in all countries,C200303,13.1.1,"Number of deaths, missing persons and directly affected persons attributed to disasters per 100,000 population",2020.Q1.G.02,"['disaster loss', 'disaster prevention', 'preparedness and relief', 'disaster victims']",VC_DSR_MISS,Number of missing persons due to disaster (number),882,Samoa,4,61,Polynesia,Country,-172.4430749,-13.61541469,WSM,1,1,,,[2009],2009,2009,1,NUMBER,Number,G,Global,,,,,18.0,,,,,,,,,,18.0,,,Disclaimer: the data being submitted by UNISDR has been extracted from two sources: (a) the Sendai Framework Monitoring System as provided by designated national focal points; and (b) Desinventar disaster loss databases. Some of the data has not finalized an official validation process and may be subject to revision at a later date.â,United Nations Office for Disaster Risk Reduction (2019),,C: Country data
13,Goal 13,Take urgent action to combat climate change and its impacts,13.1,Strengthen resilience and adaptive capacity to climate-related hazards and natural disasters in all countries,C200303,13.1.1,"Number of deaths, missing persons and directly affected persons attributed to disasters per 100,000 population",2020.Q1.G.02,"['disaster loss', 'disaster prevention', 'preparedness and relief', 'disaster victims']",VC_DSR_MISS,Number of missing persons due to disaster (number),887,Yemen,4,145,Western Asia,Country,45.22389143,15.22242099,YEM,1,1,,,"[2006, 2007, 2008, 2010]",2006,2010,4,NUMBER,Number,G,Global,,1.0,1.0,35.0,,21.0,,,,,,,,,21.0,,,Disclaimer: the data being submitted by UNISDR has been extracted from two sources: (a) the Sendai Framework Monitoring System as provided by designated national focal points; and (b) Desinventar disaster loss databases. Some of the data has not finalized an official validation process and may be subject to revision at a later date.â,United Nations Office for Disaster Risk Reduction (2019),,C: Country data
13,Goal 13,Take urgent action to combat climate change and its impacts,13.1,Strengthen resilience and adaptive capacity to climate-related hazards and natural disasters in all countries,C200303,13.1.1,"Number of deaths, missing persons and directly affected persons attributed to disasters per 100,000 population",2020.Q1.G.02,"['disaster loss', 'disaster prevention', 'preparedness and relief', 'disaster victims']",VC_DSR_MISS,Number of missing persons due to disaster (number),90,Solomon Islands,4,54,Melanesia,Country,160.1584117,-9.622391719,SLB,1,1,,,"[2007, 2009, 2010, 2013]",2007,2013,4,NUMBER,Number,G,Global,,,6.0,,11.0,2.0,,,4.0,,,,,,4.0,,,Disclaimer: the data being submitted by UNISDR has been extracted from two sources: (a) the Sendai Framework Monitoring System as provided by designated national focal points; and (b) Desinventar disaster loss databases. Some of the data has not finalized an official validation process and may be subject to revision at a later date.â,United Nations Office for Disaster Risk Reduction (2019),,C: Country data
