goal_code,goal_labelEN,goal_descEN,target_code,target_descEN,indicator_code,indicator_reference,indicator_descEN,series_release,series_tags,series,seriesDescription,geoAreaCode,geoAreaName,level,parentCode,parentName,type,X,Y,ISO3,UN_Member,Country_Profile,timeCoverage,geoInfoUrl,samplingStations_code,samplingStations_desc,years,min_year,max_year,n_years,unitsCode,unitsDesc,reportingTypeCode,reportingTypeDesc,value_2010,lowerbound_2010,upperbound_2010,value_2011,lowerbound_2011,upperbound_2011,value_2012,lowerbound_2012,upperbound_2012,value_2013,lowerbound_2013,upperbound_2013,value_2014,lowerbound_2014,upperbound_2014,value_2015,lowerbound_2015,upperbound_2015,value_2016,lowerbound_2016,upperbound_2016,value_2017,lowerbound_2017,upperbound_2017,value_2018,lowerbound_2018,upperbound_2018,value_2019,lowerbound_2019,upperbound_2019,latest_value,basePeriod,valueDetails,lowerBoundDetails,upperBoundDetails,footnotes,sources,timeDetails,nature
14,Goal 14,"Conserve and sustainably use the oceans, seas and marine resources for sustainable development",14.3,"Minimize and address the impacts of ocean acidification, including through enhanced scientific cooperation at all levels",C140301,14.3.1,Average marine acidity (pH) measured at agreed suite of representative sampling stations,2020.Q1.G.02,"['marine resources', 'acidification', 'oceans']",ER_OAW_MNACD,Average marine acidity (pH) measured at agreed suite of representative sampling stations,124,Canada,4,21,Northern America,Country,-101.6575058,57.72360191,CAN,1,1,,,SS_QU39,QU39,"[2016, 2017, 2018, 2019]",2016,2019,4,PH,pH,G,Global,,,,,,,,,,,,,,,,,,,8.00922,7.67,8.59,7.99471,7.73,8.33,7.93789,7.7,8.46,7.9131,7.61,8.23,7.9131,,,,,[2016]: Mooring Name: QU39 | LATITUDE: 50.03028709 | LONGITUDE: -125.0985391 // [2017]: Mooring Name: QU39 | LATITUDE: 50.03057833 | LONGITUDE: -125.0991235 // [2018]: Mooring Name: QU39 | LATITUDE: 50.03006073 | LONGITUDE: -125.0990938 // [2019]: Mooring Name: QU39 | LATITUDE: 50.03097037 | LONGITUDE: -125.1001985,Intergovernmental Oceanographic Commission (IOC) of UNESCO,,C: Country data
14,Goal 14,"Conserve and sustainably use the oceans, seas and marine resources for sustainable development",14.3,"Minimize and address the impacts of ocean acidification, including through enhanced scientific cooperation at all levels",C140301,14.3.1,Average marine acidity (pH) measured at agreed suite of representative sampling stations,2020.Q1.G.02,"['marine resources', 'acidification', 'oceans']",ER_OAW_MNACD,Average marine acidity (pH) measured at agreed suite of representative sampling stations,124,Canada,4,21,Northern America,Country,-101.6575058,57.72360191,CAN,1,1,,,SS_KC10,KC10,"[2016, 2017, 2018, 2019]",2016,2019,4,PH,pH,G,Global,,,,,,,,,,,,,,,,,,,8.03428,7.6653,8.3522,8.07271,7.5953,8.5594,8.04389,7.5588,8.4414,8.06445,7.831,8.3559,8.06445,,,,,[2016]: Mooring Name: KC10 | LATITUDE: 51.65025086 | LONGITUDE: -127.9518806 // [2017]: Mooring Name: KC10 | LATITUDE: 51.65223739 | LONGITUDE: -127.9531854 // [2018]: Mooring Name: KC10 | LATITUDE: 51.64986667 | LONGITUDE: -127.9492667 // [2019]: Mooring Name: KC10 | LATITUDE: 51.65047946 | LONGITUDE: -127.9512468,Intergovernmental Oceanographic Commission (IOC) of UNESCO,,C: Country data
14,Goal 14,"Conserve and sustainably use the oceans, seas and marine resources for sustainable development",14.3,"Minimize and address the impacts of ocean acidification, including through enhanced scientific cooperation at all levels",C140301,14.3.1,Average marine acidity (pH) measured at agreed suite of representative sampling stations,2020.Q1.G.02,"['marine resources', 'acidification', 'oceans']",ER_OAW_MNACD,Average marine acidity (pH) measured at agreed suite of representative sampling stations,250,France,4,155,Western Europe,Country,2.457288129,46.62660861,FRA,1,1,,,SS_OISO-18,OISO-18,[2010],2010,2010,1,PH,pH,G,Global,8.07836,8.019,8.162,,,,,,,,,,,,,,,,,,,,,,,,,,,,8.07836,,,,,Mooring Name: OISO-18 | LATITUDE: -29.46254 | LONGITUDE: 62.89292,Intergovernmental Oceanographic Commission (IOC) of UNESCO,,C: Country data
14,Goal 14,"Conserve and sustainably use the oceans, seas and marine resources for sustainable development",14.3,"Minimize and address the impacts of ocean acidification, including through enhanced scientific cooperation at all levels",C140301,14.3.1,Average marine acidity (pH) measured at agreed suite of representative sampling stations,2020.Q1.G.02,"['marine resources', 'acidification', 'oceans']",ER_OAW_MNACD,Average marine acidity (pH) measured at agreed suite of representative sampling stations,250,France,4,155,Western Europe,Country,2.457288129,46.62660861,FRA,1,1,,,SS_OVIDE-2010,OVIDE-2010,[2010],2010,2010,1,PH,pH,G,Global,8.11953,8.087,8.193,,,,,,,,,,,,,,,,,,,,,,,,,,,,8.11953,,,,,Mooring Name: OVIDE-2010 | LATITUDE: 59.818 | LONGITUDE: -42.313,Intergovernmental Oceanographic Commission (IOC) of UNESCO,,C: Country data
14,Goal 14,"Conserve and sustainably use the oceans, seas and marine resources for sustainable development",14.3,"Minimize and address the impacts of ocean acidification, including through enhanced scientific cooperation at all levels",C140301,14.3.1,Average marine acidity (pH) measured at agreed suite of representative sampling stations,2020.Q1.G.02,"['marine resources', 'acidification', 'oceans']",ER_OAW_MNACD,Average marine acidity (pH) measured at agreed suite of representative sampling stations,250,France,4,155,Western Europe,Country,2.457288129,46.62660861,FRA,1,1,,,SS_OISO-19,OISO-19,[2011],2011,2011,1,PH,pH,G,Global,,,,8.07389,8.007,8.148,,,,,,,,,,,,,,,,,,,,,,,,,8.07389,,,,,Mooring Name: OISO-19 | LATITUDE: -25.99984 | LONGITUDE: 57.49987,Intergovernmental Oceanographic Commission (IOC) of UNESCO,,C: Country data
14,Goal 14,"Conserve and sustainably use the oceans, seas and marine resources for sustainable development",14.3,"Minimize and address the impacts of ocean acidification, including through enhanced scientific cooperation at all levels",C140301,14.3.1,Average marine acidity (pH) measured at agreed suite of representative sampling stations,2020.Q1.G.02,"['marine resources', 'acidification', 'oceans']",ER_OAW_MNACD,Average marine acidity (pH) measured at agreed suite of representative sampling stations,250,France,4,155,Western Europe,Country,2.457288129,46.62660861,FRA,1,1,,,SS_OISO-21,OISO-21,[2012],2012,2012,1,PH,pH,G,Global,,,,,,,8.07947,8.029,8.165,,,,,,,,,,,,,,,,,,,,,,8.07947,,,,,Mooring Name: OISO-21 | LATITUDE: -29.947392 | LONGITUDE: 66.553348,Intergovernmental Oceanographic Commission (IOC) of UNESCO,,C: Country data
14,Goal 14,"Conserve and sustainably use the oceans, seas and marine resources for sustainable development",14.3,"Minimize and address the impacts of ocean acidification, including through enhanced scientific cooperation at all levels",C140301,14.3.1,Average marine acidity (pH) measured at agreed suite of representative sampling stations,2020.Q1.G.02,"['marine resources', 'acidification', 'oceans']",ER_OAW_MNACD,Average marine acidity (pH) measured at agreed suite of representative sampling stations,250,France,4,155,Western Europe,Country,2.457288129,46.62660861,FRA,1,1,,,SS_OVIDE-2012,OVIDE-2012,[2012],2012,2012,1,PH,pH,G,Global,,,,,,,8.08541,8.023,8.211,,,,,,,,,,,,,,,,,,,,,,8.08541,,,,,Mooring Name: OVIDE-2012 | LATITUDE: 59.8306 | LONGITUDE: -42.5196,Intergovernmental Oceanographic Commission (IOC) of UNESCO,,C: Country data
14,Goal 14,"Conserve and sustainably use the oceans, seas and marine resources for sustainable development",14.3,"Minimize and address the impacts of ocean acidification, including through enhanced scientific cooperation at all levels",C140301,14.3.1,Average marine acidity (pH) measured at agreed suite of representative sampling stations,2020.Q1.G.02,"['marine resources', 'acidification', 'oceans']",ER_OAW_MNACD,Average marine acidity (pH) measured at agreed suite of representative sampling stations,250,France,4,155,Western Europe,Country,2.457288129,46.62660861,FRA,1,1,,,SS_OISO-22,OISO-22,[2013],2013,2013,1,PH,pH,G,Global,,,,,,,,,,8.0732,8.018,8.133,,,,,,,,,,,,,,,,,,,8.0732,,,,,Mooring Name: OISO-22 | LATITUDE: -26.08294 | LONGITUDE: 58.09203,Intergovernmental Oceanographic Commission (IOC) of UNESCO,,C: Country data
14,Goal 14,"Conserve and sustainably use the oceans, seas and marine resources for sustainable development",14.3,"Minimize and address the impacts of ocean acidification, including through enhanced scientific cooperation at all levels",C140301,14.3.1,Average marine acidity (pH) measured at agreed suite of representative sampling stations,2020.Q1.G.02,"['marine resources', 'acidification', 'oceans']",ER_OAW_MNACD,Average marine acidity (pH) measured at agreed suite of representative sampling stations,250,France,4,155,Western Europe,Country,2.457288129,46.62660861,FRA,1,1,,,SS_OVIDE-2014,OVIDE-2014,[2014],2014,2014,1,PH,pH,G,Global,,,,,,,,,,,,,8.13682,8.077,8.368,,,,,,,,,,,,,,,,8.13682,,,,,Mooring Name: OVIDE-2014 | LATITUDE: 52.5004599999999 | LONGITUDE: -52.5001,Intergovernmental Oceanographic Commission (IOC) of UNESCO,,C: Country data
14,Goal 14,"Conserve and sustainably use the oceans, seas and marine resources for sustainable development",14.3,"Minimize and address the impacts of ocean acidification, including through enhanced scientific cooperation at all levels",C140301,14.3.1,Average marine acidity (pH) measured at agreed suite of representative sampling stations,2020.Q1.G.02,"['marine resources', 'acidification', 'oceans']",ER_OAW_MNACD,Average marine acidity (pH) measured at agreed suite of representative sampling stations,250,France,4,155,Western Europe,Country,2.457288129,46.62660861,FRA,1,1,,,SS_OISO-24,OISO-24,[2015],2015,2015,1,PH,pH,G,Global,,,,,,,,,,,,,,,,8.0679,7.922,8.172,,,,,,,,,,,,,8.0679,,,,,Mooring Name: OISO-24 | LATITUDE: -28.7757 | LONGITUDE: 63.7984,Intergovernmental Oceanographic Commission (IOC) of UNESCO,,C: Country data
14,Goal 14,"Conserve and sustainably use the oceans, seas and marine resources for sustainable development",14.3,"Minimize and address the impacts of ocean acidification, including through enhanced scientific cooperation at all levels",C140301,14.3.1,Average marine acidity (pH) measured at agreed suite of representative sampling stations,2020.Q1.G.02,"['marine resources', 'acidification', 'oceans']",ER_OAW_MNACD,Average marine acidity (pH) measured at agreed suite of representative sampling stations,250,France,4,155,Western Europe,Country,2.457288129,46.62660861,FRA,1,1,,,SS_OISO-26,OISO-26,[2016],2016,2016,1,PH,pH,G,Global,,,,,,,,,,,,,,,,,,,8.07032,7.997,8.153,,,,,,,,,,8.07032,,,,,Mooring Name: OISO-26 | LATITUDE: -32.5243 | LONGITUDE: 61.9208,Intergovernmental Oceanographic Commission (IOC) of UNESCO,,C: Country data
14,Goal 14,"Conserve and sustainably use the oceans, seas and marine resources for sustainable development",14.3,"Minimize and address the impacts of ocean acidification, including through enhanced scientific cooperation at all levels",C140301,14.3.1,Average marine acidity (pH) measured at agreed suite of representative sampling stations,2020.Q1.G.02,"['marine resources', 'acidification', 'oceans']",ER_OAW_MNACD,Average marine acidity (pH) measured at agreed suite of representative sampling stations,250,France,4,155,Western Europe,Country,2.457288129,46.62660861,FRA,1,1,,,SS_OISO-27,OISO-27,[2017],2017,2017,1,PH,pH,G,Global,,,,,,,,,,,,,,,,,,,,,,8.25367,8.088,8.4721,,,,,,,8.25367,,,,,Mooring Name: OISO-27 | LATITUDE: -27 | LONGITUDE: 65.8321,Intergovernmental Oceanographic Commission (IOC) of UNESCO,,C: Country data
14,Goal 14,"Conserve and sustainably use the oceans, seas and marine resources for sustainable development",14.3,"Minimize and address the impacts of ocean acidification, including through enhanced scientific cooperation at all levels",C140301,14.3.1,Average marine acidity (pH) measured at agreed suite of representative sampling stations,2020.Q1.G.02,"['marine resources', 'acidification', 'oceans']",ER_OAW_MNACD,Average marine acidity (pH) measured at agreed suite of representative sampling stations,250,France,4,155,Western Europe,Country,2.457288129,46.62660861,FRA,1,1,,,SS_OISO-28,OISO-28,[2018],2018,2018,1,PH,pH,G,Global,,,,,,,,,,,,,,,,,,,,,,,,,8.0689,8.006,8.163,,,,8.0689,,,,,Mooring Name: OISO-28 | LATITUDE: -29.2872 | LONGITUDE: 66.5952,Intergovernmental Oceanographic Commission (IOC) of UNESCO,,C: Country data
14,Goal 14,"Conserve and sustainably use the oceans, seas and marine resources for sustainable development",14.3,"Minimize and address the impacts of ocean acidification, including through enhanced scientific cooperation at all levels",C140301,14.3.1,Average marine acidity (pH) measured at agreed suite of representative sampling stations,2020.Q1.G.02,"['marine resources', 'acidification', 'oceans']",ER_OAW_MNACD,Average marine acidity (pH) measured at agreed suite of representative sampling stations,36,Australia,4,53,Australia and New Zealand,Country,134.3499412,-25.57717202,AUS,1,1,,,SS_NRSNSI,NRSNSI,"[2010, 2011, 2012, 2013, 2014, 2015, 2016, 2017, 2018, 2019]",2010,2019,10,PH,pH,G,Global,8.08383,8.036,8.124,8.09022,8.054,8.121,8.087,8.054,8.12,8.07473,8.047,8.122,8.0802,8.051,8.106,8.076,8.042,8.111,8.07476,8.053,8.097,8.07553,8.035,8.102,8.08285,8.053,8.117,8.0905,8.09,8.091,8.0905,,,,,[2010]: Mooring Name: NRSNSI | LATITUDE: -27.39 | LONGITUDE: 153.58 // [2011-2016]: Mooring Name: NRSNSI | LATITUDE: -27.34 | LONGITUDE: 153.56 // [2017-2018]: Mooring Name: NRSNSI | LATITUDE: -27.35 | LONGITUDE: 153.56 // [2019]: Mooring Name: NRSNSI | LATITUDE: -27.345 | LONGITUDE: 153.562,Intergovernmental Oceanographic Commission (IOC) of UNESCO,,C: Country data
14,Goal 14,"Conserve and sustainably use the oceans, seas and marine resources for sustainable development",14.3,"Minimize and address the impacts of ocean acidification, including through enhanced scientific cooperation at all levels",C140301,14.3.1,Average marine acidity (pH) measured at agreed suite of representative sampling stations,2020.Q1.G.02,"['marine resources', 'acidification', 'oceans']",ER_OAW_MNACD,Average marine acidity (pH) measured at agreed suite of representative sampling stations,36,Australia,4,53,Australia and New Zealand,Country,134.3499412,-25.57717202,AUS,1,1,,,SS_NRSKAI,NRSKAI,"[2010, 2011, 2012, 2013, 2014, 2015, 2016, 2017, 2018]",2010,2018,9,PH,pH,G,Global,8.072,8.047,8.108,8.07983,8.059,8.099,8.062,8.056,8.067,8.067,8.04,8.095,8.067,8.053,8.084,8.06867,8.042,8.085,8.0626,8.04,8.079,8.0605,8.036,8.08,8.06233,8.047,8.09,,,,8.06233,,,,,"[2010]: Mooring Name: NRSKAI | LATITUDE: -35.833 | LONGITUDE: 136.433 // [2011,2013]: Mooring Name: NRSKAI | LATITUDE: -35.835 | LONGITUDE: 136.448 // [2012]: Mooring Name: NRSKAI | LATITUDE: -35.837 | LONGITUDE: 136.448 // [2014]: Mooring Name: NRSKAI | LATITUDE: -35.837 | LONGITUDE: 136.447 // [2015]: Mooring Name: NRSKAI | LATITUDE: -35.838 | LONGITUDE: 136.445 // [2016]: Mooring Name: NRSKAI | LATITUDE: -35.839 | LONGITUDE: 136.445 // [2017]: Mooring Name: NRSKAI | LATITUDE: -35.838 | LONGITUDE: 136.444 // [2018]: Mooring Name: NRSKAI | LATITUDE: -35.835 | LONGITUDE: 136.453",Intergovernmental Oceanographic Commission (IOC) of UNESCO,,C: Country data
14,Goal 14,"Conserve and sustainably use the oceans, seas and marine resources for sustainable development",14.3,"Minimize and address the impacts of ocean acidification, including through enhanced scientific cooperation at all levels",C140301,14.3.1,Average marine acidity (pH) measured at agreed suite of representative sampling stations,2020.Q1.G.02,"['marine resources', 'acidification', 'oceans']",ER_OAW_MNACD,Average marine acidity (pH) measured at agreed suite of representative sampling stations,36,Australia,4,53,Australia and New Zealand,Country,134.3499412,-25.57717202,AUS,1,1,,,SS_NRSYON,NRSYON,"[2010, 2011, 2012, 2013, 2014, 2015, 2016, 2017, 2018]",2010,2018,9,PH,pH,G,Global,8.06292,8.026,8.104,8.05165,8.014,8.094,8.05782,8.013,8.1,8.05633,8.01,8.094,8.0581,8.014,8.099,8.0513,8.013,8.088,8.0358,7.994,8.077,8.049,8.001,8.086,8.06046,8.024,8.087,,,,8.06046,,,,,[2010]: Mooring Name: NRSYON | LATITUDE: -19.3065 | LONGITUDE: 147.6202 // [2011]: Mooring Name: NRSYON | LATITUDE: -19.3036 | LONGITUDE: 147.6216 // [2012]: Mooring Name: NRSYON | LATITUDE: -19.3056 | LONGITUDE: 147.621 // [2013]: Mooring Name: NRSYON | LATITUDE: -19.3096 | LONGITUDE: 147.624 // [2014]: Mooring Name: NRSYON | LATITUDE: -19.3058 | LONGITUDE: 147.62 // [2015]: Mooring Name: NRSYON | LATITUDE: -19.3027 | LONGITUDE: 147.6187 // [2016]: Mooring Name: NRSYON | LATITUDE: -19.3047 | LONGITUDE: 147.6201 // [2017-2018]: Mooring Name: NRSYON | LATITUDE: -19.3085 | LONGITUDE: 147.6184,Intergovernmental Oceanographic Commission (IOC) of UNESCO,,C: Country data
14,Goal 14,"Conserve and sustainably use the oceans, seas and marine resources for sustainable development",14.3,"Minimize and address the impacts of ocean acidification, including through enhanced scientific cooperation at all levels",C140301,14.3.1,Average marine acidity (pH) measured at agreed suite of representative sampling stations,2020.Q1.G.02,"['marine resources', 'acidification', 'oceans']",ER_OAW_MNACD,Average marine acidity (pH) measured at agreed suite of representative sampling stations,36,Australia,4,53,Australia and New Zealand,Country,134.3499412,-25.57717202,AUS,1,1,,,SS_NRSROT,NRSROT,"[2010, 2011, 2012, 2013, 2014, 2015, 2016, 2017, 2018, 2019]",2010,2019,10,PH,pH,G,Global,8.092,8.071,8.111,8.09036,8.051,8.121,8.07756,8.06,8.111,8.0775,8.051,8.11,8.0851,8.059,8.115,8.08,8.056,8.099,8.06933,8.019,8.107,8.0732,8.051,8.099,8.08318,8.046,8.112,8.0714,8.055,8.083,8.0714,,,,,[2010]: Mooring Name: NRSROT | LATITUDE: -32.0025 | LONGITUDE: 115.402 // [2011]: Mooring Name: NRSROT | LATITUDE: -31.9985333333333 | LONGITUDE: 115.407566666667 // [2012-2017]: Mooring Name: NRSROT | LATITUDE: -31.9999166666667 | LONGITUDE: 115.4156 // [2018-2019]: Mooring Name: NRSROT | LATITUDE: -31.9998333333333 | LONGITUDE: 115.4155,Intergovernmental Oceanographic Commission (IOC) of UNESCO,,C: Country data
14,Goal 14,"Conserve and sustainably use the oceans, seas and marine resources for sustainable development",14.3,"Minimize and address the impacts of ocean acidification, including through enhanced scientific cooperation at all levels",C140301,14.3.1,Average marine acidity (pH) measured at agreed suite of representative sampling stations,2020.Q1.G.02,"['marine resources', 'acidification', 'oceans']",ER_OAW_MNACD,Average marine acidity (pH) measured at agreed suite of representative sampling stations,36,Australia,4,53,Australia and New Zealand,Country,134.3499412,-25.57717202,AUS,1,1,,,SS_NRSPHB,NRSPHB,"[2010, 2011, 2012, 2013, 2014, 2015, 2016, 2017, 2018]",2010,2018,9,PH,pH,G,Global,8.0992,8.039,8.13,8.1131,8.072,8.138,8.1026,8.078,8.116,8.09444,8.081,8.104,8.09918,8.068,8.123,8.08557,8.06,8.105,8.09317,8.075,8.104,8.07675,8.052,8.103,8.077,8.052,8.116,,,,8.077,,,,,"[2010]: Mooring Name: NRSPHB | LATITUDE: -34.12 | LONGITUDE: 151.23 // [2011]: Mooring Name: NRSPHB | LATITUDE: -34.12 | LONGITUDE: 151.21 // [2012-2013,2015,2017]: Mooring Name: NRSPHB | LATITUDE: -34.12 | LONGITUDE: 151.22 // [2014,2018]: Mooring Name: NRSPHB | LATITUDE: -34.11 | LONGITUDE: 151.22 // [2016]: Mooring Name: NRSPHB | LATITUDE: -34.13 | LONGITUDE: 151.21",Intergovernmental Oceanographic Commission (IOC) of UNESCO,,C: Country data
14,Goal 14,"Conserve and sustainably use the oceans, seas and marine resources for sustainable development",14.3,"Minimize and address the impacts of ocean acidification, including through enhanced scientific cooperation at all levels",C140301,14.3.1,Average marine acidity (pH) measured at agreed suite of representative sampling stations,2020.Q1.G.02,"['marine resources', 'acidification', 'oceans']",ER_OAW_MNACD,Average marine acidity (pH) measured at agreed suite of representative sampling stations,36,Australia,4,53,Australia and New Zealand,Country,134.3499412,-25.57717202,AUS,1,1,,,SS_NRSMAI,NRSMAI,"[2010, 2011, 2012, 2013, 2014, 2015, 2016, 2017, 2018, 2019]",2010,2019,10,PH,pH,G,Global,8.09379,8.058,8.155,8.0883,8.074,8.121,8.09021,8.063,8.107,8.0878,8.062,8.106,8.07607,8.06,8.098,8.087,8.042,8.137,8.08594,8.046,8.127,8.07957,8.061,8.093,8.0852,8.069,8.133,8.084,8.08,8.089,8.084,,,,,[2010]: Mooring Name: NRSMAI | LATITUDE: -42.6 | LONGITUDE: 148.233 // [2011]: Mooring Name: NRSMAI | LATITUDE: -42.6 | LONGITUDE: 148.234 // [2012]: Mooring Name: NRSMAI | LATITUDE: -42.598 | LONGITUDE: 148.236 // [2013]: Mooring Name: NRSMAI | LATITUDE: -42.597 | LONGITUDE: 148.233 // [2014]: Mooring Name: NRSMAI | LATITUDE: -42.598 | LONGITUDE: 148.234 // [2015-2016]: Mooring Name: NRSMAI | LATITUDE: -42.599 | LONGITUDE: 148.233 // [2017-2019]: Mooring Name: NRSMAI | LATITUDE: -42.6 | LONGITUDE: 148.25,Intergovernmental Oceanographic Commission (IOC) of UNESCO,,C: Country data
14,Goal 14,"Conserve and sustainably use the oceans, seas and marine resources for sustainable development",14.3,"Minimize and address the impacts of ocean acidification, including through enhanced scientific cooperation at all levels",C140301,14.3.1,Average marine acidity (pH) measured at agreed suite of representative sampling stations,2020.Q1.G.02,"['marine resources', 'acidification', 'oceans']",ER_OAW_MNACD,Average marine acidity (pH) measured at agreed suite of representative sampling stations,36,Australia,4,53,Australia and New Zealand,Country,134.3499412,-25.57717202,AUS,1,1,,,SS_NRSDAR,NRSDAR,"[2012, 2014, 2015, 2016, 2017, 2018]",2012,2018,6,PH,pH,G,Global,,,,,,,8.04813,7.966,8.089,,,,7.97258,7.928,8.029,7.98728,7.926,8.061,7.9547,7.933,8.002,7.98106,7.935,8.012,7.98194,7.915,8.022,,,,7.98194,,,,,[2012]: Mooring Name: NRSDAR | LATITUDE: -12.333 | LONGITUDE: 130.69 // [2014]: Mooring Name: NRSDAR | LATITUDE: -12.337 | LONGITUDE: 130.697 // [2015]: Mooring Name: NRSDAR | LATITUDE: -12.344 | LONGITUDE: 130.713 // [2016]: Mooring Name: NRSDAR | LATITUDE: -12.345 | LONGITUDE: 130.713 // [2017]: Mooring Name: NRSDAR | LATITUDE: -12.381 | LONGITUDE: 130.756 // [2018]: Mooring Name: NRSDAR | LATITUDE: -12.227 | LONGITUDE: 130.842,Intergovernmental Oceanographic Commission (IOC) of UNESCO,,C: Country data
14,Goal 14,"Conserve and sustainably use the oceans, seas and marine resources for sustainable development",14.3,"Minimize and address the impacts of ocean acidification, including through enhanced scientific cooperation at all levels",C140301,14.3.1,Average marine acidity (pH) measured at agreed suite of representative sampling stations,2020.Q1.G.02,"['marine resources', 'acidification', 'oceans']",ER_OAW_MNACD,Average marine acidity (pH) measured at agreed suite of representative sampling stations,554,New Zealand,4,53,Australia and New Zealand,Country,170.4755673,-43.98721568,NZL,1,1,,,SS_DUNEDINPYLON,Dunedin Pylon,"[2015, 2016, 2017, 2018, 2019]",2015,2019,5,PH,pH,G,Global,,,,,,,,,,,,,,,,8.07683,7.855,8.202,8.03988,7.912,8.139,8.04075,7.808,8.114,8.07817,8.035,8.146,8.03375,8.023,8.04,8.03375,,,,,Mooring Name: Dunedin Pylon | LATITUDE: -45.78 | LONGITUDE: 170.72,Intergovernmental Oceanographic Commission (IOC) of UNESCO,,C: Country data
14,Goal 14,"Conserve and sustainably use the oceans, seas and marine resources for sustainable development",14.3,"Minimize and address the impacts of ocean acidification, including through enhanced scientific cooperation at all levels",C140301,14.3.1,Average marine acidity (pH) measured at agreed suite of representative sampling stations,2020.Q1.G.02,"['marine resources', 'acidification', 'oceans']",ER_OAW_MNACD,Average marine acidity (pH) measured at agreed suite of representative sampling stations,554,New Zealand,4,53,Australia and New Zealand,Country,170.4755673,-43.98721568,NZL,1,1,,,SS_CHATHAMISLANDS,Chatham Islands,"[2015, 2016, 2017, 2018, 2019]",2015,2019,5,PH,pH,G,Global,,,,,,,,,,,,,,,,8.07715,7.941,8.318,8.00743,7.813,8.093,8.00886,7.887,8.197,8.03157,7.945,8.083,7.99629,7.97,8.034,7.99629,,,,,Mooring Name: Chatham Islands | LATITUDE: -43.946 | LONGITUDE: 176.56,Intergovernmental Oceanographic Commission (IOC) of UNESCO,,C: Country data
14,Goal 14,"Conserve and sustainably use the oceans, seas and marine resources for sustainable development",14.3,"Minimize and address the impacts of ocean acidification, including through enhanced scientific cooperation at all levels",C140301,14.3.1,Average marine acidity (pH) measured at agreed suite of representative sampling stations,2020.Q1.G.02,"['marine resources', 'acidification', 'oceans']",ER_OAW_MNACD,Average marine acidity (pH) measured at agreed suite of representative sampling stations,554,New Zealand,4,53,Australia and New Zealand,Country,170.4755673,-43.98721568,NZL,1,1,,,SS_STEWARTISLAND,Stewart Island,"[2015, 2016, 2017, 2018]",2015,2018,4,PH,pH,G,Global,,,,,,,,,,,,,,,,8.04744,7.972,8.152,8.04891,7.96,8.164,8.024,7.768,8.137,8.05356,8.024,8.113,,,,8.05356,,,,,Mooring Name: Stewart Island | LATITUDE: -46.925 | LONGITUDE: 168.131,Intergovernmental Oceanographic Commission (IOC) of UNESCO,,C: Country data
14,Goal 14,"Conserve and sustainably use the oceans, seas and marine resources for sustainable development",14.3,"Minimize and address the impacts of ocean acidification, including through enhanced scientific cooperation at all levels",C140301,14.3.1,Average marine acidity (pH) measured at agreed suite of representative sampling stations,2020.Q1.G.02,"['marine resources', 'acidification', 'oceans']",ER_OAW_MNACD,Average marine acidity (pH) measured at agreed suite of representative sampling stations,554,New Zealand,4,53,Australia and New Zealand,Country,170.4755673,-43.98721568,NZL,1,1,,,SS_TASMANBAY,Tasman Bay,"[2015, 2016, 2017, 2018, 2019]",2015,2019,5,PH,pH,G,Global,,,,,,,,,,,,,,,,8.03011,7.938,8.122,8.01504,7.931,8.117,8.00904,7.839,8.15,8.02088,7.946,8.101,7.988,7.97,8.006,7.988,,,,,Mooring Name: Tasman Bay | LATITUDE: -41.191 | LONGITUDE: 173.349,Intergovernmental Oceanographic Commission (IOC) of UNESCO,,C: Country data
14,Goal 14,"Conserve and sustainably use the oceans, seas and marine resources for sustainable development",14.3,"Minimize and address the impacts of ocean acidification, including through enhanced scientific cooperation at all levels",C140301,14.3.1,Average marine acidity (pH) measured at agreed suite of representative sampling stations,2020.Q1.G.02,"['marine resources', 'acidification', 'oceans']",ER_OAW_MNACD,Average marine acidity (pH) measured at agreed suite of representative sampling stations,554,New Zealand,4,53,Australia and New Zealand,Country,170.4755673,-43.98721568,NZL,1,1,,,SS_AUCKLAND,Auckland,"[2015, 2016, 2017, 2018]",2015,2018,4,PH,pH,G,Global,,,,,,,,,,,,,,,,7.9381,7.806,8.009,7.95817,7.869,8.083,7.93983,7.87,8.012,7.95262,7.857,8.026,,,,7.95262,,,,,Mooring Name: Auckland | LATITUDE: -36.823 | LONGITUDE: 174.724,Intergovernmental Oceanographic Commission (IOC) of UNESCO,,C: Country data
14,Goal 14,"Conserve and sustainably use the oceans, seas and marine resources for sustainable development",14.3,"Minimize and address the impacts of ocean acidification, including through enhanced scientific cooperation at all levels",C140301,14.3.1,Average marine acidity (pH) measured at agreed suite of representative sampling stations,2020.Q1.G.02,"['marine resources', 'acidification', 'oceans']",ER_OAW_MNACD,Average marine acidity (pH) measured at agreed suite of representative sampling stations,554,New Zealand,4,53,Australia and New Zealand,Country,170.4755673,-43.98721568,NZL,1,1,,,SS_BAYOFPLENTY,Bay of Plenty,"[2015, 2016, 2017, 2018, 2019]",2015,2019,5,PH,pH,G,Global,,,,,,,,,,,,,,,,8.04517,7.898,8.298,8.03071,7.944,8.168,8.03067,7.974,8.128,8.00845,7.932,8.057,7.9324,7.827,8.004,7.9324,,,,,Mooring Name: Bay of Plenty | LATITUDE: -37.669 | LONGITUDE: 176.1774,Intergovernmental Oceanographic Commission (IOC) of UNESCO,,C: Country data
14,Goal 14,"Conserve and sustainably use the oceans, seas and marine resources for sustainable development",14.3,"Minimize and address the impacts of ocean acidification, including through enhanced scientific cooperation at all levels",C140301,14.3.1,Average marine acidity (pH) measured at agreed suite of representative sampling stations,2020.Q1.G.02,"['marine resources', 'acidification', 'oceans']",ER_OAW_MNACD,Average marine acidity (pH) measured at agreed suite of representative sampling stations,554,New Zealand,4,53,Australia and New Zealand,Country,170.4755673,-43.98721568,NZL,1,1,,,SS_WELLINGTON,Wellington,"[2015, 2016, 2017, 2018, 2019]",2015,2019,5,PH,pH,G,Global,,,,,,,,,,,,,,,,8.03817,7.963,8.121,8.00793,7.956,8.096,8.0065,7.906,8.145,8.01058,7.905,8.103,7.90542,7.838,8.006,7.90542,,,,,Mooring Name: Wellington | LATITUDE: -41.301 | LONGITUDE: 174.808,Intergovernmental Oceanographic Commission (IOC) of UNESCO,,C: Country data
14,Goal 14,"Conserve and sustainably use the oceans, seas and marine resources for sustainable development",14.3,"Minimize and address the impacts of ocean acidification, including through enhanced scientific cooperation at all levels",C140301,14.3.1,Average marine acidity (pH) measured at agreed suite of representative sampling stations,2020.Q1.G.02,"['marine resources', 'acidification', 'oceans']",ER_OAW_MNACD,Average marine acidity (pH) measured at agreed suite of representative sampling stations,554,New Zealand,4,53,Australia and New Zealand,Country,170.4755673,-43.98721568,NZL,1,1,,,SS_GOLDENBAY,Golden Bay,"[2015, 2016, 2017, 2018, 2019]",2015,2019,5,PH,pH,G,Global,,,,,,,,,,,,,,,,8.02504,7.939,8.093,7.98835,7.809,8.109,8.0058,7.878,8.109,8.0235,7.937,8.126,7.99208,7.947,8.029,7.99208,,,,,Mooring Name: Golden Bay | LATITUDE: -40.63 | LONGITUDE: 172.716,Intergovernmental Oceanographic Commission (IOC) of UNESCO,,C: Country data
14,Goal 14,"Conserve and sustainably use the oceans, seas and marine resources for sustainable development",14.3,"Minimize and address the impacts of ocean acidification, including through enhanced scientific cooperation at all levels",C140301,14.3.1,Average marine acidity (pH) measured at agreed suite of representative sampling stations,2020.Q1.G.02,"['marine resources', 'acidification', 'oceans']",ER_OAW_MNACD,Average marine acidity (pH) measured at agreed suite of representative sampling stations,554,New Zealand,4,53,Australia and New Zealand,Country,170.4755673,-43.98721568,NZL,1,1,,,SS_MARLBOROUGHSOUNDS,Marlborough Sounds,"[2015, 2016, 2017, 2018, 2019]",2015,2019,5,PH,pH,G,Global,,,,,,,,,,,,,,,,8.06415,8.003,8.134,7.95211,7.814,8.051,8.02717,7.984,8.136,8.03139,7.939,8.095,7.97883,7.924,8.022,7.97883,,,,,[2015]: Mooring Name: Marlborough Sounds | LATITUDE: -41.033 | LONGITUDE: 174.017 // [2016-2019]: Mooring Name: Marlborough Sounds | LATITUDE: -40.946 | LONGITUDE: 173.987,Intergovernmental Oceanographic Commission (IOC) of UNESCO,,C: Country data
14,Goal 14,"Conserve and sustainably use the oceans, seas and marine resources for sustainable development",14.3,"Minimize and address the impacts of ocean acidification, including through enhanced scientific cooperation at all levels",C140301,14.3.1,Average marine acidity (pH) measured at agreed suite of representative sampling stations,2020.Q1.G.02,"['marine resources', 'acidification', 'oceans']",ER_OAW_MNACD,Average marine acidity (pH) measured at agreed suite of representative sampling stations,554,New Zealand,4,53,Australia and New Zealand,Country,170.4755673,-43.98721568,NZL,1,1,,,SS_WESTCOAST-JACKSONBAY,Westcoast-Jackson Bay,"[2015, 2016, 2017, 2018, 2019]",2015,2019,5,PH,pH,G,Global,,,,,,,,,,,,,,,,8.044,7.88,8.147,8.05008,7.951,8.175,8.07056,7.965,8.123,8.06786,7.99,8.164,8.0666,7.947,8.131,8.0666,,,,,Mooring Name: Westcoast/Jackson Bay | LATITUDE: -43.973 | LONGITUDE: 168.616,Intergovernmental Oceanographic Commission (IOC) of UNESCO,,C: Country data
