goal_code,goal_labelEN,goal_descEN,target_code,target_descEN,indicator_code,indicator_reference,indicator_descEN,series_release,series_tags,series,seriesDescription,geoAreaCode,geoAreaName,level,parentCode,parentName,type,X,Y,ISO3,UN_Member,Country_Profile,timeCoverage,geoInfoUrl,sex_code,sex_desc,years,min_year,max_year,n_years,unitsCode,unitsDesc,reportingTypeCode,reportingTypeDesc,value_2004,value_2005,value_2006,value_2007,value_2008,value_2009,value_2010,value_2011,value_2012,value_2013,value_2014,value_2015,value_2016,value_2017,latest_value,basePeriod,valueDetails,footnotes,sources,timeDetails,nature
16,Goal 16,"Promote peaceful and inclusive societies for sustainable development, provide access to justice for all and build effective, accountable and inclusive institutions at all levels",16.5,Substantially reduce corruption and bribery in all their forms,C160501,16.5.1,"Proportion of persons who had at least one contact with a public official and who paid a bribe to a public official, or were asked for a bribe by those public officials, during the previous 12 months",2020.Q1.G.02,"['rule of law', 'bribery', 'corruption', 'crime']",IU_COR_BRIB,"Prevalence rate of bribery, by sex (%)",108,Burundi,5,14,Eastern Africa,Country,29.89080992,-3.366387428,BDI,1,1,,,_T,Both sexes,[2014],2014,2014,1,PT,Percentage,G,Global,,,,,,,,,,,3.6,,,,3.6,,,,"Institut National de Statistique: Base de donnĂŠes de l'EnquĂŞte sur les conditions de vie des mĂŠnages de 2013/2014: Module Gouvernance, paix et sĂŠcuritĂŠ",,C: Country data
16,Goal 16,"Promote peaceful and inclusive societies for sustainable development, provide access to justice for all and build effective, accountable and inclusive institutions at all levels",16.5,Substantially reduce corruption and bribery in all their forms,C160501,16.5.1,"Proportion of persons who had at least one contact with a public official and who paid a bribe to a public official, or were asked for a bribe by those public officials, during the previous 12 months",2020.Q1.G.02,"['rule of law', 'bribery', 'corruption', 'crime']",IU_COR_BRIB,"Prevalence rate of bribery, by sex (%)",152,Chile,5,5,South America,Country,-71.23029019,-35.2652885,CHL,1,1,,,_T,Both sexes,"[2006, 2007, 2008, 2009, 2010, 2011, 2012, 2013, 2014]",2006,2014,9,PT,Percentage,G,Global,,,0.5,0.4,0.7,0.4,0.4,0.4,0.3,0.1,0.1,,,,0.1,,,,UN-CTS = United Nations Survey of Crime Trends and Criminal Justice Operations,,C: Country data
16,Goal 16,"Promote peaceful and inclusive societies for sustainable development, provide access to justice for all and build effective, accountable and inclusive institutions at all levels",16.5,Substantially reduce corruption and bribery in all their forms,C160501,16.5.1,"Proportion of persons who had at least one contact with a public official and who paid a bribe to a public official, or were asked for a bribe by those public officials, during the previous 12 months",2020.Q1.G.02,"['rule of law', 'bribery', 'corruption', 'crime']",IU_COR_BRIB,"Prevalence rate of bribery, by sex (%)",191,Croatia,4,39,Southern Europe,Country,17.95874553,45.45172212,HRV,1,1,,,_T,Both sexes,[2010],2010,2010,1,PT,Percentage,G,Global,,,,,,,11.2,,,,,,,,11.2,,,,UN-CTS = United Nations Survey of Crime Trends and Criminal Justice Operations,,C: Country data
16,Goal 16,"Promote peaceful and inclusive societies for sustainable development, provide access to justice for all and build effective, accountable and inclusive institutions at all levels",16.5,Substantially reduce corruption and bribery in all their forms,C160501,16.5.1,"Proportion of persons who had at least one contact with a public official and who paid a bribe to a public official, or were asked for a bribe by those public officials, during the previous 12 months",2020.Q1.G.02,"['rule of law', 'bribery', 'corruption', 'crime']",IU_COR_BRIB,"Prevalence rate of bribery, by sex (%)",191,Croatia,4,39,Southern Europe,Country,17.95874553,45.45172212,HRV,1,1,,,M,Male,[2010],2010,2010,1,PT,Percentage,G,Global,,,,,,,12.9,,,,,,,,12.9,,,,UN-CTS = United Nations Survey of Crime Trends and Criminal Justice Operations,,C: Country data
16,Goal 16,"Promote peaceful and inclusive societies for sustainable development, provide access to justice for all and build effective, accountable and inclusive institutions at all levels",16.5,Substantially reduce corruption and bribery in all their forms,C160501,16.5.1,"Proportion of persons who had at least one contact with a public official and who paid a bribe to a public official, or were asked for a bribe by those public officials, during the previous 12 months",2020.Q1.G.02,"['rule of law', 'bribery', 'corruption', 'crime']",IU_COR_BRIB,"Prevalence rate of bribery, by sex (%)",191,Croatia,4,39,Southern Europe,Country,17.95874553,45.45172212,HRV,1,1,,,F,Female,[2010],2010,2010,1,PT,Percentage,G,Global,,,,,,,9.6,,,,,,,,9.6,,,,UN-CTS = United Nations Survey of Crime Trends and Criminal Justice Operations,,C: Country data
16,Goal 16,"Promote peaceful and inclusive societies for sustainable development, provide access to justice for all and build effective, accountable and inclusive institutions at all levels",16.5,Substantially reduce corruption and bribery in all their forms,C160501,16.5.1,"Proportion of persons who had at least one contact with a public official and who paid a bribe to a public official, or were asked for a bribe by those public officials, during the previous 12 months",2020.Q1.G.02,"['rule of law', 'bribery', 'corruption', 'crime']",IU_COR_BRIB,"Prevalence rate of bribery, by sex (%)",233,Estonia,4,154,Northern Europe,Country,25.84093481,58.68487172,EST,1,1,,,_T,Both sexes,"[2004, 2009]",2004,2009,2,PT,Percentage,G,Global,3.3,,,,,0.5,,,,,,,,,0.5,,,,UN-CTS = United Nations Survey of Crime Trends and Criminal Justice Operations,,C: Country data
16,Goal 16,"Promote peaceful and inclusive societies for sustainable development, provide access to justice for all and build effective, accountable and inclusive institutions at all levels",16.5,Substantially reduce corruption and bribery in all their forms,C160501,16.5.1,"Proportion of persons who had at least one contact with a public official and who paid a bribe to a public official, or were asked for a bribe by those public officials, during the previous 12 months",2020.Q1.G.02,"['rule of law', 'bribery', 'corruption', 'crime']",IU_COR_BRIB,"Prevalence rate of bribery, by sex (%)",268,Georgia,4,145,Western Asia,Country,43.3713615,42.04813028,GEO,1,1,,,_T,Both sexes,[2010],2010,2010,1,PT,Percentage,G,Global,,,,,,,0.2,,,,,,,,0.2,,,,UN-CTS = United Nations Survey of Crime Trends and Criminal Justice Operations,,C: Country data
16,Goal 16,"Promote peaceful and inclusive societies for sustainable development, provide access to justice for all and build effective, accountable and inclusive institutions at all levels",16.5,Substantially reduce corruption and bribery in all their forms,C160501,16.5.1,"Proportion of persons who had at least one contact with a public official and who paid a bribe to a public official, or were asked for a bribe by those public officials, during the previous 12 months",2020.Q1.G.02,"['rule of law', 'bribery', 'corruption', 'crime']",IU_COR_BRIB,"Prevalence rate of bribery, by sex (%)",275,State of Palestine,4,145,Western Asia,Country,35.25694122,31.94347933,PSE,0,1,,,_T,Both sexes,"[2010, 2013]",2010,2013,2,PT,Percentage,G,Global,,,,,,,1.4,,,2.6,,,,,2.6,,,,"Palestinian Central Bureau of Statistics,Perceptions Survey of Individuals on the Prevalence of Corruption in Palestine, 2013",,C: Country data
16,Goal 16,"Promote peaceful and inclusive societies for sustainable development, provide access to justice for all and build effective, accountable and inclusive institutions at all levels",16.5,Substantially reduce corruption and bribery in all their forms,C160501,16.5.1,"Proportion of persons who had at least one contact with a public official and who paid a bribe to a public official, or were asked for a bribe by those public officials, during the previous 12 months",2020.Q1.G.02,"['rule of law', 'bribery', 'corruption', 'crime']",IU_COR_BRIB,"Prevalence rate of bribery, by sex (%)",32,Argentina,5,5,South America,Country,-65.14563274,-35.19446255,ARG,1,1,,,_T,Both sexes,[2016],2016,2016,1,PT,Percentage,G,Global,,,,,,,,,,,,,2.4,,2.4,,,,"INDEC, Encuesta Nacional de VictimizaciĂłn 2017 en Argentina",,C: Country data
16,Goal 16,"Promote peaceful and inclusive societies for sustainable development, provide access to justice for all and build effective, accountable and inclusive institutions at all levels",16.5,Substantially reduce corruption and bribery in all their forms,C160501,16.5.1,"Proportion of persons who had at least one contact with a public official and who paid a bribe to a public official, or were asked for a bribe by those public officials, during the previous 12 months",2020.Q1.G.02,"['rule of law', 'bribery', 'corruption', 'crime']",IU_COR_BRIB,"Prevalence rate of bribery, by sex (%)",32,Argentina,5,5,South America,Country,-65.14563274,-35.19446255,ARG,1,1,,,M,Male,[2016],2016,2016,1,PT,Percentage,G,Global,,,,,,,,,,,,,3.3,,3.3,,,,"INDEC, Encuesta Nacional de VictimizaciĂłn 2017 en Argentina",,C: Country data
16,Goal 16,"Promote peaceful and inclusive societies for sustainable development, provide access to justice for all and build effective, accountable and inclusive institutions at all levels",16.5,Substantially reduce corruption and bribery in all their forms,C160501,16.5.1,"Proportion of persons who had at least one contact with a public official and who paid a bribe to a public official, or were asked for a bribe by those public officials, during the previous 12 months",2020.Q1.G.02,"['rule of law', 'bribery', 'corruption', 'crime']",IU_COR_BRIB,"Prevalence rate of bribery, by sex (%)",32,Argentina,5,5,South America,Country,-65.14563274,-35.19446255,ARG,1,1,,,F,Female,[2016],2016,2016,1,PT,Percentage,G,Global,,,,,,,,,,,,,1.6,,1.6,,,,"INDEC, Encuesta Nacional de VictimizaciĂłn 2017 en Argentina",,C: Country data
16,Goal 16,"Promote peaceful and inclusive societies for sustainable development, provide access to justice for all and build effective, accountable and inclusive institutions at all levels",16.5,Substantially reduce corruption and bribery in all their forms,C160501,16.5.1,"Proportion of persons who had at least one contact with a public official and who paid a bribe to a public official, or were asked for a bribe by those public officials, during the previous 12 months",2020.Q1.G.02,"['rule of law', 'bribery', 'corruption', 'crime']",IU_COR_BRIB,"Prevalence rate of bribery, by sex (%)",328,Guyana,5,5,South America,Country,-58.97322037,4.788012784,GUY,1,1,,,_T,Both sexes,"[2010, 2017]",2010,2017,2,PT,Percentage,G,Global,,,,,,,10.1,,,,,,,2.5,2.5,,,,UN-CTS = United Nations Survey of Crime Trends and Criminal Justice Operations,,C: Country data
16,Goal 16,"Promote peaceful and inclusive societies for sustainable development, provide access to justice for all and build effective, accountable and inclusive institutions at all levels",16.5,Substantially reduce corruption and bribery in all their forms,C160501,16.5.1,"Proportion of persons who had at least one contact with a public official and who paid a bribe to a public official, or were asked for a bribe by those public officials, during the previous 12 months",2020.Q1.G.02,"['rule of law', 'bribery', 'corruption', 'crime']",IU_COR_BRIB,"Prevalence rate of bribery, by sex (%)",368,Iraq,4,145,Western Asia,Country,43.76606267,33.05013795,IRQ,1,1,,,_T,Both sexes,[2011],2011,2011,1,PT,Percentage,G,Global,,,,,,,,11.6,,,,,,,11.6,,,,"UNODC and Central Statistical Office, Kurdistan Region Statistical Office and Commission of Integrity (2012) Corruption and integrity challenges in the public sector of Iraq",,C: Country data
16,Goal 16,"Promote peaceful and inclusive societies for sustainable development, provide access to justice for all and build effective, accountable and inclusive institutions at all levels",16.5,Substantially reduce corruption and bribery in all their forms,C160501,16.5.1,"Proportion of persons who had at least one contact with a public official and who paid a bribe to a public official, or were asked for a bribe by those public officials, during the previous 12 months",2020.Q1.G.02,"['rule of law', 'bribery', 'corruption', 'crime']",IU_COR_BRIB,"Prevalence rate of bribery, by sex (%)",368,Iraq,4,145,Western Asia,Country,43.76606267,33.05013795,IRQ,1,1,,,M,Male,[2011],2011,2011,1,PT,Percentage,G,Global,,,,,,,,13.3,,,,,,,13.3,,,,"UNODC and Central Statistical Office, Kurdistan Region Statistical Office and Commission of Integrity (2012) Corruption and integrity challenges in the public sector of Iraq",,C: Country data
16,Goal 16,"Promote peaceful and inclusive societies for sustainable development, provide access to justice for all and build effective, accountable and inclusive institutions at all levels",16.5,Substantially reduce corruption and bribery in all their forms,C160501,16.5.1,"Proportion of persons who had at least one contact with a public official and who paid a bribe to a public official, or were asked for a bribe by those public officials, during the previous 12 months",2020.Q1.G.02,"['rule of law', 'bribery', 'corruption', 'crime']",IU_COR_BRIB,"Prevalence rate of bribery, by sex (%)",368,Iraq,4,145,Western Asia,Country,43.76606267,33.05013795,IRQ,1,1,,,F,Female,[2011],2011,2011,1,PT,Percentage,G,Global,,,,,,,,9.9,,,,,,,9.9,,,,"UNODC and Central Statistical Office, Kurdistan Region Statistical Office and Commission of Integrity (2012) Corruption and integrity challenges in the public sector of Iraq",,C: Country data
16,Goal 16,"Promote peaceful and inclusive societies for sustainable development, provide access to justice for all and build effective, accountable and inclusive institutions at all levels",16.5,Substantially reduce corruption and bribery in all their forms,C160501,16.5.1,"Proportion of persons who had at least one contact with a public official and who paid a bribe to a public official, or were asked for a bribe by those public officials, during the previous 12 months",2020.Q1.G.02,"['rule of law', 'bribery', 'corruption', 'crime']",IU_COR_BRIB,"Prevalence rate of bribery, by sex (%)",380,Italy,4,39,Southern Europe,Country,12.57022427,42.79917282,ITA,1,1,,,_T,Both sexes,[2016],2016,2016,1,PT,Percentage,G,Global,,,,,,,,,,,,,1.2,,1.2,,,,UN-CTS = United Nations Survey of Crime Trends and Criminal Justice Operations,,C: Country data
16,Goal 16,"Promote peaceful and inclusive societies for sustainable development, provide access to justice for all and build effective, accountable and inclusive institutions at all levels",16.5,Substantially reduce corruption and bribery in all their forms,C160501,16.5.1,"Proportion of persons who had at least one contact with a public official and who paid a bribe to a public official, or were asked for a bribe by those public officials, during the previous 12 months",2020.Q1.G.02,"['rule of law', 'bribery', 'corruption', 'crime']",IU_COR_BRIB,"Prevalence rate of bribery, by sex (%)",388,Jamaica,5,29,Caribbean,Country,-77.31068409,18.15616857,JAM,1,1,,,_T,Both sexes,[2009],2009,2009,1,PT,Percentage,G,Global,,,,,,4.3,,,,,,,,,4.3,,,,UN-CTS = United Nations Survey of Crime Trends and Criminal Justice Operations,,C: Country data
16,Goal 16,"Promote peaceful and inclusive societies for sustainable development, provide access to justice for all and build effective, accountable and inclusive institutions at all levels",16.5,Substantially reduce corruption and bribery in all their forms,C160501,16.5.1,"Proportion of persons who had at least one contact with a public official and who paid a bribe to a public official, or were asked for a bribe by those public officials, during the previous 12 months",2020.Q1.G.02,"['rule of law', 'bribery', 'corruption', 'crime']",IU_COR_BRIB,"Prevalence rate of bribery, by sex (%)",4,Afghanistan,4,34,Southern Asia,Country,66.02688198,33.83160199,AFG,1,1,,,_T,Both sexes,"[2009, 2012]",2009,2012,2,PT,Percentage,G,Global,,,,,,58.6,,,50.1,,,,,,50.1,,,,UNODC and Islamic Republic of Afghanistan High Office of Oversight and Anti-Corruption (2013) Corruption in Afghanistan: Recent patterns and trends,,C: Country data
16,Goal 16,"Promote peaceful and inclusive societies for sustainable development, provide access to justice for all and build effective, accountable and inclusive institutions at all levels",16.5,Substantially reduce corruption and bribery in all their forms,C160501,16.5.1,"Proportion of persons who had at least one contact with a public official and who paid a bribe to a public official, or were asked for a bribe by those public officials, during the previous 12 months",2020.Q1.G.02,"['rule of law', 'bribery', 'corruption', 'crime']",IU_COR_BRIB,"Prevalence rate of bribery, by sex (%)",4,Afghanistan,4,34,Southern Asia,Country,66.02688198,33.83160199,AFG,1,1,,,M,Male,[2012],2012,2012,1,PT,Percentage,G,Global,,,,,,,,,53.7,,,,,,53.7,,,,UNODC and Islamic Republic of Afghanistan High Office of Oversight and Anti-Corruption (2013) Corruption in Afghanistan: Recent patterns and trends,,C: Country data
16,Goal 16,"Promote peaceful and inclusive societies for sustainable development, provide access to justice for all and build effective, accountable and inclusive institutions at all levels",16.5,Substantially reduce corruption and bribery in all their forms,C160501,16.5.1,"Proportion of persons who had at least one contact with a public official and who paid a bribe to a public official, or were asked for a bribe by those public officials, during the previous 12 months",2020.Q1.G.02,"['rule of law', 'bribery', 'corruption', 'crime']",IU_COR_BRIB,"Prevalence rate of bribery, by sex (%)",4,Afghanistan,4,34,Southern Asia,Country,66.02688198,33.83160199,AFG,1,1,,,F,Female,[2012],2012,2012,1,PT,Percentage,G,Global,,,,,,,,,45.1,,,,,,45.1,,,,UNODC and Islamic Republic of Afghanistan High Office of Oversight and Anti-Corruption (2013) Corruption in Afghanistan: Recent patterns and trends,,C: Country data
16,Goal 16,"Promote peaceful and inclusive societies for sustainable development, provide access to justice for all and build effective, accountable and inclusive institutions at all levels",16.5,Substantially reduce corruption and bribery in all their forms,C160501,16.5.1,"Proportion of persons who had at least one contact with a public official and who paid a bribe to a public official, or were asked for a bribe by those public officials, during the previous 12 months",2020.Q1.G.02,"['rule of law', 'bribery', 'corruption', 'crime']",IU_COR_BRIB,"Prevalence rate of bribery, by sex (%)",410,Republic of Korea,4,30,Eastern Asia,Country,127.8610254,36.45201023,KOR,1,1,,,_T,Both sexes,"[2008, 2009, 2010, 2011, 2012, 2013, 2014]",2008,2014,7,PT,Percentage,G,Global,,,,,0.0,0.0,0.0,0.0,0.0,0.0,0.03,,,,0.03,,,,UN-CTS = United Nations Survey of Crime Trends and Criminal Justice Operations,,C: Country data
16,Goal 16,"Promote peaceful and inclusive societies for sustainable development, provide access to justice for all and build effective, accountable and inclusive institutions at all levels",16.5,Substantially reduce corruption and bribery in all their forms,C160501,16.5.1,"Proportion of persons who had at least one contact with a public official and who paid a bribe to a public official, or were asked for a bribe by those public officials, during the previous 12 months",2020.Q1.G.02,"['rule of law', 'bribery', 'corruption', 'crime']",IU_COR_BRIB,"Prevalence rate of bribery, by sex (%)",412,Kosovo,4,151,Eastern Europe,Country,,,,,,,,_T,Both sexes,[2010],2010,2010,1,PT,Percentage,G,Global,,,,,,,11.1,,,,,,,,11.1,,,,UNODC and Prism Research (2011) Corruption in Kosovo: Bribery as experienced by the population,,C: Country data
16,Goal 16,"Promote peaceful and inclusive societies for sustainable development, provide access to justice for all and build effective, accountable and inclusive institutions at all levels",16.5,Substantially reduce corruption and bribery in all their forms,C160501,16.5.1,"Proportion of persons who had at least one contact with a public official and who paid a bribe to a public official, or were asked for a bribe by those public officials, during the previous 12 months",2020.Q1.G.02,"['rule of law', 'bribery', 'corruption', 'crime']",IU_COR_BRIB,"Prevalence rate of bribery, by sex (%)",412,Kosovo,4,151,Eastern Europe,Country,,,,,,,,M,Male,[2010],2010,2010,1,PT,Percentage,G,Global,,,,,,,11.8,,,,,,,,11.8,,,,UNODC and Prism Research (2011) Corruption in Kosovo: Bribery as experienced by the population,,C: Country data
16,Goal 16,"Promote peaceful and inclusive societies for sustainable development, provide access to justice for all and build effective, accountable and inclusive institutions at all levels",16.5,Substantially reduce corruption and bribery in all their forms,C160501,16.5.1,"Proportion of persons who had at least one contact with a public official and who paid a bribe to a public official, or were asked for a bribe by those public officials, during the previous 12 months",2020.Q1.G.02,"['rule of law', 'bribery', 'corruption', 'crime']",IU_COR_BRIB,"Prevalence rate of bribery, by sex (%)",412,Kosovo,4,151,Eastern Europe,Country,,,,,,,,F,Female,[2010],2010,2010,1,PT,Percentage,G,Global,,,,,,,10.3,,,,,,,,10.3,,,,UNODC and Prism Research (2011) Corruption in Kosovo: Bribery as experienced by the population,,C: Country data
16,Goal 16,"Promote peaceful and inclusive societies for sustainable development, provide access to justice for all and build effective, accountable and inclusive institutions at all levels",16.5,Substantially reduce corruption and bribery in all their forms,C160501,16.5.1,"Proportion of persons who had at least one contact with a public official and who paid a bribe to a public official, or were asked for a bribe by those public officials, during the previous 12 months",2020.Q1.G.02,"['rule of law', 'bribery', 'corruption', 'crime']",IU_COR_BRIB,"Prevalence rate of bribery, by sex (%)",417,Kyrgyzstan,4,143,Central Asia,Country,74.52324839,41.46204516,KGZ,1,1,,,_T,Both sexes,[2015],2015,2015,1,PT,Percentage,G,Global,,,,,,,,,,,,14.21,,,14.21,,,,UN-CTS = United Nations Survey of Crime Trends and Criminal Justice Operations,,C: Country data
16,Goal 16,"Promote peaceful and inclusive societies for sustainable development, provide access to justice for all and build effective, accountable and inclusive institutions at all levels",16.5,Substantially reduce corruption and bribery in all their forms,C160501,16.5.1,"Proportion of persons who had at least one contact with a public official and who paid a bribe to a public official, or were asked for a bribe by those public officials, during the previous 12 months",2020.Q1.G.02,"['rule of law', 'bribery', 'corruption', 'crime']",IU_COR_BRIB,"Prevalence rate of bribery, by sex (%)",440,Lithuania,4,154,Northern Europe,Country,23.90517807,55.33680309,LTU,1,1,,,_T,Both sexes,"[2005, 2007, 2008, 2011, 2014, 2016, 2017]",2005,2017,7,PT,Percentage,G,Global,,27.0,,28.1,24.0,,,22.4,,,24.3,,15.5,11.6,11.6,,,,UN-CTS = United Nations Survey of Crime Trends and Criminal Justice Operations,,C: Country data
16,Goal 16,"Promote peaceful and inclusive societies for sustainable development, provide access to justice for all and build effective, accountable and inclusive institutions at all levels",16.5,Substantially reduce corruption and bribery in all their forms,C160501,16.5.1,"Proportion of persons who had at least one contact with a public official and who paid a bribe to a public official, or were asked for a bribe by those public officials, during the previous 12 months",2020.Q1.G.02,"['rule of law', 'bribery', 'corruption', 'crime']",IU_COR_BRIB,"Prevalence rate of bribery, by sex (%)",442,Luxembourg,4,155,Western Europe,Country,6.092656563,49.77679538,LUX,1,1,,,M,Male,[2013],2013,2013,1,PT,Percentage,G,Global,,,,,,,,,,1.0,,,,,1.0,,,,UN-CTS = United Nations Survey of Crime Trends and Criminal Justice Operations,,C: Country data
16,Goal 16,"Promote peaceful and inclusive societies for sustainable development, provide access to justice for all and build effective, accountable and inclusive institutions at all levels",16.5,Substantially reduce corruption and bribery in all their forms,C160501,16.5.1,"Proportion of persons who had at least one contact with a public official and who paid a bribe to a public official, or were asked for a bribe by those public officials, during the previous 12 months",2020.Q1.G.02,"['rule of law', 'bribery', 'corruption', 'crime']",IU_COR_BRIB,"Prevalence rate of bribery, by sex (%)",442,Luxembourg,4,155,Western Europe,Country,6.092656563,49.77679538,LUX,1,1,,,_T,Both sexes,[2013],2013,2013,1,PT,Percentage,G,Global,,,,,,,,,,0.6,,,,,0.6,,,,UN-CTS = United Nations Survey of Crime Trends and Criminal Justice Operations,,C: Country data
16,Goal 16,"Promote peaceful and inclusive societies for sustainable development, provide access to justice for all and build effective, accountable and inclusive institutions at all levels",16.5,Substantially reduce corruption and bribery in all their forms,C160501,16.5.1,"Proportion of persons who had at least one contact with a public official and who paid a bribe to a public official, or were asked for a bribe by those public officials, during the previous 12 months",2020.Q1.G.02,"['rule of law', 'bribery', 'corruption', 'crime']",IU_COR_BRIB,"Prevalence rate of bribery, by sex (%)",442,Luxembourg,4,155,Western Europe,Country,6.092656563,49.77679538,LUX,1,1,,,F,Female,[2013],2013,2013,1,PT,Percentage,G,Global,,,,,,,,,,0.3,,,,,0.3,,,,UN-CTS = United Nations Survey of Crime Trends and Criminal Justice Operations,,C: Country data
16,Goal 16,"Promote peaceful and inclusive societies for sustainable development, provide access to justice for all and build effective, accountable and inclusive institutions at all levels",16.5,Substantially reduce corruption and bribery in all their forms,C160501,16.5.1,"Proportion of persons who had at least one contact with a public official and who paid a bribe to a public official, or were asked for a bribe by those public officials, during the previous 12 months",2020.Q1.G.02,"['rule of law', 'bribery', 'corruption', 'crime']",IU_COR_BRIB,"Prevalence rate of bribery, by sex (%)",480,Mauritius,5,14,Eastern Africa,Country,57.568022,-20.28581998,MUS,1,1,,,_T,Both sexes,[2014],2014,2014,1,PT,Percentage,G,Global,,,,,,,,,,,13.0,,,,13.0,,,,National Statistical Office,,C: Country data
16,Goal 16,"Promote peaceful and inclusive societies for sustainable development, provide access to justice for all and build effective, accountable and inclusive institutions at all levels",16.5,Substantially reduce corruption and bribery in all their forms,C160501,16.5.1,"Proportion of persons who had at least one contact with a public official and who paid a bribe to a public official, or were asked for a bribe by those public officials, during the previous 12 months",2020.Q1.G.02,"['rule of law', 'bribery', 'corruption', 'crime']",IU_COR_BRIB,"Prevalence rate of bribery, by sex (%)",484,Mexico,5,13,Central America,Country,-102.5148166,23.93378032,MEX,1,1,,,_T,Both sexes,"[2013, 2015, 2017]",2013,2017,3,PT,Percentage,G,Global,,,,,,,,,,12.1,,12.6,,14.6,14.6,,,,UN-CTS = United Nations Survey of Crime Trends and Criminal Justice Operations,,C: Country data
16,Goal 16,"Promote peaceful and inclusive societies for sustainable development, provide access to justice for all and build effective, accountable and inclusive institutions at all levels",16.5,Substantially reduce corruption and bribery in all their forms,C160501,16.5.1,"Proportion of persons who had at least one contact with a public official and who paid a bribe to a public official, or were asked for a bribe by those public officials, during the previous 12 months",2020.Q1.G.02,"['rule of law', 'bribery', 'corruption', 'crime']",IU_COR_BRIB,"Prevalence rate of bribery, by sex (%)",499,Montenegro,4,39,Southern Europe,Country,19.25214024,42.78717043,MNE,1,1,,,_T,Both sexes,[2010],2010,2010,1,PT,Percentage,G,Global,,,,,,,9.7,,,,,,,,9.7,,,,UNODC and Prism Research (2011) Corruption in Montenegro: Bribery as experienced by the population,,C: Country data
16,Goal 16,"Promote peaceful and inclusive societies for sustainable development, provide access to justice for all and build effective, accountable and inclusive institutions at all levels",16.5,Substantially reduce corruption and bribery in all their forms,C160501,16.5.1,"Proportion of persons who had at least one contact with a public official and who paid a bribe to a public official, or were asked for a bribe by those public officials, during the previous 12 months",2020.Q1.G.02,"['rule of law', 'bribery', 'corruption', 'crime']",IU_COR_BRIB,"Prevalence rate of bribery, by sex (%)",499,Montenegro,4,39,Southern Europe,Country,19.25214024,42.78717043,MNE,1,1,,,F,Female,[2010],2010,2010,1,PT,Percentage,G,Global,,,,,,,9.0,,,,,,,,9.0,,,,UNODC and Prism Research (2011) Corruption in Montenegro: Bribery as experienced by the population,,C: Country data
16,Goal 16,"Promote peaceful and inclusive societies for sustainable development, provide access to justice for all and build effective, accountable and inclusive institutions at all levels",16.5,Substantially reduce corruption and bribery in all their forms,C160501,16.5.1,"Proportion of persons who had at least one contact with a public official and who paid a bribe to a public official, or were asked for a bribe by those public officials, during the previous 12 months",2020.Q1.G.02,"['rule of law', 'bribery', 'corruption', 'crime']",IU_COR_BRIB,"Prevalence rate of bribery, by sex (%)",499,Montenegro,4,39,Southern Europe,Country,19.25214024,42.78717043,MNE,1,1,,,M,Male,[2010],2010,2010,1,PT,Percentage,G,Global,,,,,,,10.4,,,,,,,,10.4,,,,UNODC and Prism Research (2011) Corruption in Montenegro: Bribery as experienced by the population,,C: Country data
16,Goal 16,"Promote peaceful and inclusive societies for sustainable development, provide access to justice for all and build effective, accountable and inclusive institutions at all levels",16.5,Substantially reduce corruption and bribery in all their forms,C160501,16.5.1,"Proportion of persons who had at least one contact with a public official and who paid a bribe to a public official, or were asked for a bribe by those public officials, during the previous 12 months",2020.Q1.G.02,"['rule of law', 'bribery', 'corruption', 'crime']",IU_COR_BRIB,"Prevalence rate of bribery, by sex (%)",504,Morocco,4,15,Northern Africa,Country,-6.281942841,31.8440131,MAR,1,1,,,_T,Both sexes,[2014],2014,2014,1,PT,Percentage,G,Global,,,,,,,,,,,32.4,,,,32.4,,,,Instance Centrale de PrĂŠvention de la Corruption. 2014 EnquĂŞte Nationale sur la Corruption.,,C: Country data
16,Goal 16,"Promote peaceful and inclusive societies for sustainable development, provide access to justice for all and build effective, accountable and inclusive institutions at all levels",16.5,Substantially reduce corruption and bribery in all their forms,C160501,16.5.1,"Proportion of persons who had at least one contact with a public official and who paid a bribe to a public official, or were asked for a bribe by those public officials, during the previous 12 months",2020.Q1.G.02,"['rule of law', 'bribery', 'corruption', 'crime']",IU_COR_BRIB,"Prevalence rate of bribery, by sex (%)",566,Nigeria,5,11,Western Africa,Country,8.097363256,9.585789025,NGA,1,1,,,_T,Both sexes,[2016],2016,2016,1,PT,Percentage,G,Global,,,,,,,,,,,,,32.3,,32.3,,,,UNODC and National Bureau of Statistics (2017) Corruption in Nigeria. Bribery: public experience and response,,C: Country data
16,Goal 16,"Promote peaceful and inclusive societies for sustainable development, provide access to justice for all and build effective, accountable and inclusive institutions at all levels",16.5,Substantially reduce corruption and bribery in all their forms,C160501,16.5.1,"Proportion of persons who had at least one contact with a public official and who paid a bribe to a public official, or were asked for a bribe by those public officials, during the previous 12 months",2020.Q1.G.02,"['rule of law', 'bribery', 'corruption', 'crime']",IU_COR_BRIB,"Prevalence rate of bribery, by sex (%)",566,Nigeria,5,11,Western Africa,Country,8.097363256,9.585789025,NGA,1,1,,,F,Female,[2016],2016,2016,1,PT,Percentage,G,Global,,,,,,,,,,,,,26.6,,26.6,,,,UNODC and National Bureau of Statistics (2017) Corruption in Nigeria. Bribery: public experience and response,,C: Country data
16,Goal 16,"Promote peaceful and inclusive societies for sustainable development, provide access to justice for all and build effective, accountable and inclusive institutions at all levels",16.5,Substantially reduce corruption and bribery in all their forms,C160501,16.5.1,"Proportion of persons who had at least one contact with a public official and who paid a bribe to a public official, or were asked for a bribe by those public officials, during the previous 12 months",2020.Q1.G.02,"['rule of law', 'bribery', 'corruption', 'crime']",IU_COR_BRIB,"Prevalence rate of bribery, by sex (%)",566,Nigeria,5,11,Western Africa,Country,8.097363256,9.585789025,NGA,1,1,,,M,Male,[2016],2016,2016,1,PT,Percentage,G,Global,,,,,,,,,,,,,37.1,,37.1,,,,UNODC and National Bureau of Statistics (2017) Corruption in Nigeria. Bribery: public experience and response,,C: Country data
16,Goal 16,"Promote peaceful and inclusive societies for sustainable development, provide access to justice for all and build effective, accountable and inclusive institutions at all levels",16.5,Substantially reduce corruption and bribery in all their forms,C160501,16.5.1,"Proportion of persons who had at least one contact with a public official and who paid a bribe to a public official, or were asked for a bribe by those public officials, during the previous 12 months",2020.Q1.G.02,"['rule of law', 'bribery', 'corruption', 'crime']",IU_COR_BRIB,"Prevalence rate of bribery, by sex (%)",591,Panama,5,13,Central America,Country,-81.26616623,8.450965746,PAN,1,1,,,_T,Both sexes,[2016],2016,2016,1,PT,Percentage,G,Global,,,,,,,,,,,,,32.0,,32.0,,,,National Integrated System of Criminal Statistics. 2017 Panama's National Crime Victim Survey,,C: Country data
16,Goal 16,"Promote peaceful and inclusive societies for sustainable development, provide access to justice for all and build effective, accountable and inclusive institutions at all levels",16.5,Substantially reduce corruption and bribery in all their forms,C160501,16.5.1,"Proportion of persons who had at least one contact with a public official and who paid a bribe to a public official, or were asked for a bribe by those public officials, during the previous 12 months",2020.Q1.G.02,"['rule of law', 'bribery', 'corruption', 'crime']",IU_COR_BRIB,"Prevalence rate of bribery, by sex (%)",600,Paraguay,5,5,South America,Country,-60.54854225,-21.70216237,PRY,1,1,,,M,Male,"[2008, 2010]",2008,2010,2,PT,Percentage,G,Global,,,,,8.1,,9.1,,,,,,,,9.1,,,,UN-CTS = United Nations Survey of Crime Trends and Criminal Justice Operations,,C: Country data
16,Goal 16,"Promote peaceful and inclusive societies for sustainable development, provide access to justice for all and build effective, accountable and inclusive institutions at all levels",16.5,Substantially reduce corruption and bribery in all their forms,C160501,16.5.1,"Proportion of persons who had at least one contact with a public official and who paid a bribe to a public official, or were asked for a bribe by those public officials, during the previous 12 months",2020.Q1.G.02,"['rule of law', 'bribery', 'corruption', 'crime']",IU_COR_BRIB,"Prevalence rate of bribery, by sex (%)",600,Paraguay,5,5,South America,Country,-60.54854225,-21.70216237,PRY,1,1,,,_T,Both sexes,"[2008, 2010]",2008,2010,2,PT,Percentage,G,Global,,,,,5.7,,7.0,,,,,,,,7.0,,,,UN-CTS = United Nations Survey of Crime Trends and Criminal Justice Operations,,C: Country data
16,Goal 16,"Promote peaceful and inclusive societies for sustainable development, provide access to justice for all and build effective, accountable and inclusive institutions at all levels",16.5,Substantially reduce corruption and bribery in all their forms,C160501,16.5.1,"Proportion of persons who had at least one contact with a public official and who paid a bribe to a public official, or were asked for a bribe by those public officials, during the previous 12 months",2020.Q1.G.02,"['rule of law', 'bribery', 'corruption', 'crime']",IU_COR_BRIB,"Prevalence rate of bribery, by sex (%)",600,Paraguay,5,5,South America,Country,-60.54854225,-21.70216237,PRY,1,1,,,F,Female,"[2008, 2010]",2008,2010,2,PT,Percentage,G,Global,,,,,3.06,,5.1,,,,,,,,5.1,,,,UN-CTS = United Nations Survey of Crime Trends and Criminal Justice Operations,,C: Country data
16,Goal 16,"Promote peaceful and inclusive societies for sustainable development, provide access to justice for all and build effective, accountable and inclusive institutions at all levels",16.5,Substantially reduce corruption and bribery in all their forms,C160501,16.5.1,"Proportion of persons who had at least one contact with a public official and who paid a bribe to a public official, or were asked for a bribe by those public officials, during the previous 12 months",2020.Q1.G.02,"['rule of law', 'bribery', 'corruption', 'crime']",IU_COR_BRIB,"Prevalence rate of bribery, by sex (%)",604,Peru,5,5,South America,Country,-71.82093277,-13.58939705,PER,1,1,,,_T,Both sexes,"[2004, 2005, 2006, 2007, 2008, 2009, 2010, 2011, 2012, 2013, 2014, 2015, 2016, 2017]",2004,2017,14,PT,Percentage,G,Global,3.6,3.3,4.0,5.0,5.7,5.5,5.0,4.4,3.7,3.2,2.9,2.8,3.6,2.7,2.7,,,,UN-CTS = United Nations Survey of Crime Trends and Criminal Justice Operations,,C: Country data
16,Goal 16,"Promote peaceful and inclusive societies for sustainable development, provide access to justice for all and build effective, accountable and inclusive institutions at all levels",16.5,Substantially reduce corruption and bribery in all their forms,C160501,16.5.1,"Proportion of persons who had at least one contact with a public official and who paid a bribe to a public official, or were asked for a bribe by those public officials, during the previous 12 months",2020.Q1.G.02,"['rule of law', 'bribery', 'corruption', 'crime']",IU_COR_BRIB,"Prevalence rate of bribery, by sex (%)",608,Philippines,4,35,South-Eastern Asia,Country,120.8601418,14.16591706,PHL,1,1,,,_T,Both sexes,"[2010, 2013]",2010,2013,2,PT,Percentage,G,Global,,,,,,,10.3,,,4.3,,,,,4.3,,,,[2010]: UN-CTS = United Nations Survey of Crime Trends and Criminal Justice Operations // [2013]: Philippine Office of the Ombudsman. 2013 National Household Survey on Experience with Corruption in the Philippines,,C: Country data
16,Goal 16,"Promote peaceful and inclusive societies for sustainable development, provide access to justice for all and build effective, accountable and inclusive institutions at all levels",16.5,Substantially reduce corruption and bribery in all their forms,C160501,16.5.1,"Proportion of persons who had at least one contact with a public official and who paid a bribe to a public official, or were asked for a bribe by those public officials, during the previous 12 months",2020.Q1.G.02,"['rule of law', 'bribery', 'corruption', 'crime']",IU_COR_BRIB,"Prevalence rate of bribery, by sex (%)",616,Poland,4,151,Eastern Europe,Country,19.40660158,52.1226733,POL,1,1,,,_T,Both sexes,[2010],2010,2010,1,PT,Percentage,G,Global,,,,,,,6.8,,,,,,,,6.8,,,,UN-CTS = United Nations Survey of Crime Trends and Criminal Justice Operations,,C: Country data
16,Goal 16,"Promote peaceful and inclusive societies for sustainable development, provide access to justice for all and build effective, accountable and inclusive institutions at all levels",16.5,Substantially reduce corruption and bribery in all their forms,C160501,16.5.1,"Proportion of persons who had at least one contact with a public official and who paid a bribe to a public official, or were asked for a bribe by those public officials, during the previous 12 months",2020.Q1.G.02,"['rule of law', 'bribery', 'corruption', 'crime']",IU_COR_BRIB,"Prevalence rate of bribery, by sex (%)",616,Poland,4,151,Eastern Europe,Country,19.40660158,52.1226733,POL,1,1,,,M,Male,[2010],2010,2010,1,PT,Percentage,G,Global,,,,,,,7.5,,,,,,,,7.5,,,,UN-CTS = United Nations Survey of Crime Trends and Criminal Justice Operations,,C: Country data
16,Goal 16,"Promote peaceful and inclusive societies for sustainable development, provide access to justice for all and build effective, accountable and inclusive institutions at all levels",16.5,Substantially reduce corruption and bribery in all their forms,C160501,16.5.1,"Proportion of persons who had at least one contact with a public official and who paid a bribe to a public official, or were asked for a bribe by those public officials, during the previous 12 months",2020.Q1.G.02,"['rule of law', 'bribery', 'corruption', 'crime']",IU_COR_BRIB,"Prevalence rate of bribery, by sex (%)",616,Poland,4,151,Eastern Europe,Country,19.40660158,52.1226733,POL,1,1,,,F,Female,[2010],2010,2010,1,PT,Percentage,G,Global,,,,,,,5.9,,,,,,,,5.9,,,,UN-CTS = United Nations Survey of Crime Trends and Criminal Justice Operations,,C: Country data
16,Goal 16,"Promote peaceful and inclusive societies for sustainable development, provide access to justice for all and build effective, accountable and inclusive institutions at all levels",16.5,Substantially reduce corruption and bribery in all their forms,C160501,16.5.1,"Proportion of persons who had at least one contact with a public official and who paid a bribe to a public official, or were asked for a bribe by those public officials, during the previous 12 months",2020.Q1.G.02,"['rule of law', 'bribery', 'corruption', 'crime']",IU_COR_BRIB,"Prevalence rate of bribery, by sex (%)",626,Timor-Leste,4,35,South-Eastern Asia,Country,125.9451052,-8.797497247,TLS,1,1,,,_T,Both sexes,[2011],2011,2011,1,PT,Percentage,G,Global,,,,,,,,4.0,,,,,,,4.0,,,,Anti-Corruption Commission of Timor-Leste. 2011 Corruption Perception Survey,,C: Country data
16,Goal 16,"Promote peaceful and inclusive societies for sustainable development, provide access to justice for all and build effective, accountable and inclusive institutions at all levels",16.5,Substantially reduce corruption and bribery in all their forms,C160501,16.5.1,"Proportion of persons who had at least one contact with a public official and who paid a bribe to a public official, or were asked for a bribe by those public officials, during the previous 12 months",2020.Q1.G.02,"['rule of law', 'bribery', 'corruption', 'crime']",IU_COR_BRIB,"Prevalence rate of bribery, by sex (%)",688,Serbia,4,39,Southern Europe,Country,20.805876,44.03145697,SRB,1,1,,,F,Female,[2010],2010,2010,1,PT,Percentage,G,Global,,,,,,,8.5,,,,,,,,8.5,,,,UNODC and Statistical Office of Republic of Serbia (2011) Corruption in Serbia: Bribery as experienced by the population,,C: Country data
16,Goal 16,"Promote peaceful and inclusive societies for sustainable development, provide access to justice for all and build effective, accountable and inclusive institutions at all levels",16.5,Substantially reduce corruption and bribery in all their forms,C160501,16.5.1,"Proportion of persons who had at least one contact with a public official and who paid a bribe to a public official, or were asked for a bribe by those public officials, during the previous 12 months",2020.Q1.G.02,"['rule of law', 'bribery', 'corruption', 'crime']",IU_COR_BRIB,"Prevalence rate of bribery, by sex (%)",688,Serbia,4,39,Southern Europe,Country,20.805876,44.03145697,SRB,1,1,,,M,Male,[2010],2010,2010,1,PT,Percentage,G,Global,,,,,,,10.0,,,,,,,,10.0,,,,UNODC and Statistical Office of Republic of Serbia (2011) Corruption in Serbia: Bribery as experienced by the population,,C: Country data
16,Goal 16,"Promote peaceful and inclusive societies for sustainable development, provide access to justice for all and build effective, accountable and inclusive institutions at all levels",16.5,Substantially reduce corruption and bribery in all their forms,C160501,16.5.1,"Proportion of persons who had at least one contact with a public official and who paid a bribe to a public official, or were asked for a bribe by those public officials, during the previous 12 months",2020.Q1.G.02,"['rule of law', 'bribery', 'corruption', 'crime']",IU_COR_BRIB,"Prevalence rate of bribery, by sex (%)",688,Serbia,4,39,Southern Europe,Country,20.805876,44.03145697,SRB,1,1,,,_T,Both sexes,[2010],2010,2010,1,PT,Percentage,G,Global,,,,,,,9.3,,,,,,,,9.3,,,,UNODC and Statistical Office of Republic of Serbia (2011) Corruption in Serbia: Bribery as experienced by the population,,C: Country data
16,Goal 16,"Promote peaceful and inclusive societies for sustainable development, provide access to justice for all and build effective, accountable and inclusive institutions at all levels",16.5,Substantially reduce corruption and bribery in all their forms,C160501,16.5.1,"Proportion of persons who had at least one contact with a public official and who paid a bribe to a public official, or were asked for a bribe by those public officials, during the previous 12 months",2020.Q1.G.02,"['rule of law', 'bribery', 'corruption', 'crime']",IU_COR_BRIB,"Prevalence rate of bribery, by sex (%)",70,Bosnia and Herzegovina,4,39,Southern Europe,Country,17.78584332,44.16845548,BIH,1,1,,,_T,Both sexes,[2010],2010,2010,1,PT,Percentage,G,Global,,,,,,,20.7,,,,,,,,20.7,,,,UNODC and Prism Research (2011) Corruption in Bosnia and Herzegovina: Bribery as experienced by the population,,C: Country data
16,Goal 16,"Promote peaceful and inclusive societies for sustainable development, provide access to justice for all and build effective, accountable and inclusive institutions at all levels",16.5,Substantially reduce corruption and bribery in all their forms,C160501,16.5.1,"Proportion of persons who had at least one contact with a public official and who paid a bribe to a public official, or were asked for a bribe by those public officials, during the previous 12 months",2020.Q1.G.02,"['rule of law', 'bribery', 'corruption', 'crime']",IU_COR_BRIB,"Prevalence rate of bribery, by sex (%)",70,Bosnia and Herzegovina,4,39,Southern Europe,Country,17.78584332,44.16845548,BIH,1,1,,,F,Female,[2010],2010,2010,1,PT,Percentage,G,Global,,,,,,,18.2,,,,,,,,18.2,,,,UNODC and Prism Research (2011) Corruption in Bosnia and Herzegovina: Bribery as experienced by the population,,C: Country data
16,Goal 16,"Promote peaceful and inclusive societies for sustainable development, provide access to justice for all and build effective, accountable and inclusive institutions at all levels",16.5,Substantially reduce corruption and bribery in all their forms,C160501,16.5.1,"Proportion of persons who had at least one contact with a public official and who paid a bribe to a public official, or were asked for a bribe by those public officials, during the previous 12 months",2020.Q1.G.02,"['rule of law', 'bribery', 'corruption', 'crime']",IU_COR_BRIB,"Prevalence rate of bribery, by sex (%)",70,Bosnia and Herzegovina,4,39,Southern Europe,Country,17.78584332,44.16845548,BIH,1,1,,,M,Male,[2010],2010,2010,1,PT,Percentage,G,Global,,,,,,,23.2,,,,,,,,23.2,,,,UNODC and Prism Research (2011) Corruption in Bosnia and Herzegovina: Bribery as experienced by the population,,C: Country data
16,Goal 16,"Promote peaceful and inclusive societies for sustainable development, provide access to justice for all and build effective, accountable and inclusive institutions at all levels",16.5,Substantially reduce corruption and bribery in all their forms,C160501,16.5.1,"Proportion of persons who had at least one contact with a public official and who paid a bribe to a public official, or were asked for a bribe by those public officials, during the previous 12 months",2020.Q1.G.02,"['rule of law', 'bribery', 'corruption', 'crime']",IU_COR_BRIB,"Prevalence rate of bribery, by sex (%)",710,South Africa,5,18,Southern Africa,Country,24.67184355,-29.99957544,ZAF,1,1,,,F,Female,[2010],2010,2010,1,PT,Percentage,G,Global,,,,,,,1.67,,,,,,,,1.67,,,,UN-CTS = United Nations Survey of Crime Trends and Criminal Justice Operations,,C: Country data
16,Goal 16,"Promote peaceful and inclusive societies for sustainable development, provide access to justice for all and build effective, accountable and inclusive institutions at all levels",16.5,Substantially reduce corruption and bribery in all their forms,C160501,16.5.1,"Proportion of persons who had at least one contact with a public official and who paid a bribe to a public official, or were asked for a bribe by those public officials, during the previous 12 months",2020.Q1.G.02,"['rule of law', 'bribery', 'corruption', 'crime']",IU_COR_BRIB,"Prevalence rate of bribery, by sex (%)",710,South Africa,5,18,Southern Africa,Country,24.67184355,-29.99957544,ZAF,1,1,,,M,Male,[2010],2010,2010,1,PT,Percentage,G,Global,,,,,,,4.26,,,,,,,,4.26,,,,UN-CTS = United Nations Survey of Crime Trends and Criminal Justice Operations,,C: Country data
16,Goal 16,"Promote peaceful and inclusive societies for sustainable development, provide access to justice for all and build effective, accountable and inclusive institutions at all levels",16.5,Substantially reduce corruption and bribery in all their forms,C160501,16.5.1,"Proportion of persons who had at least one contact with a public official and who paid a bribe to a public official, or were asked for a bribe by those public officials, during the previous 12 months",2020.Q1.G.02,"['rule of law', 'bribery', 'corruption', 'crime']",IU_COR_BRIB,"Prevalence rate of bribery, by sex (%)",710,South Africa,5,18,Southern Africa,Country,24.67184355,-29.99957544,ZAF,1,1,,,_T,Both sexes,[2010],2010,2010,1,PT,Percentage,G,Global,,,,,,,5.92,,,,,,,,5.92,,,,UN-CTS = United Nations Survey of Crime Trends and Criminal Justice Operations,,C: Country data
16,Goal 16,"Promote peaceful and inclusive societies for sustainable development, provide access to justice for all and build effective, accountable and inclusive institutions at all levels",16.5,Substantially reduce corruption and bribery in all their forms,C160501,16.5.1,"Proportion of persons who had at least one contact with a public official and who paid a bribe to a public official, or were asked for a bribe by those public officials, during the previous 12 months",2020.Q1.G.02,"['rule of law', 'bribery', 'corruption', 'crime']",IU_COR_BRIB,"Prevalence rate of bribery, by sex (%)",780,Trinidad and Tobago,5,29,Caribbean,Country,-61.29389504,10.41877263,TTO,1,1,,,_T,Both sexes,[2007],2007,2007,1,PT,Percentage,G,Global,,,,1.3,,,,,,,,,,,1.3,,,,UN-CTS = United Nations Survey of Crime Trends and Criminal Justice Operations,,C: Country data
16,Goal 16,"Promote peaceful and inclusive societies for sustainable development, provide access to justice for all and build effective, accountable and inclusive institutions at all levels",16.5,Substantially reduce corruption and bribery in all their forms,C160501,16.5.1,"Proportion of persons who had at least one contact with a public official and who paid a bribe to a public official, or were asked for a bribe by those public officials, during the previous 12 months",2020.Q1.G.02,"['rule of law', 'bribery', 'corruption', 'crime']",IU_COR_BRIB,"Prevalence rate of bribery, by sex (%)",780,Trinidad and Tobago,5,29,Caribbean,Country,-61.29389504,10.41877263,TTO,1,1,,,F,Female,[2007],2007,2007,1,PT,Percentage,G,Global,,,,0.4,,,,,,,,,,,0.4,,,,UN-CTS = United Nations Survey of Crime Trends and Criminal Justice Operations,,C: Country data
16,Goal 16,"Promote peaceful and inclusive societies for sustainable development, provide access to justice for all and build effective, accountable and inclusive institutions at all levels",16.5,Substantially reduce corruption and bribery in all their forms,C160501,16.5.1,"Proportion of persons who had at least one contact with a public official and who paid a bribe to a public official, or were asked for a bribe by those public officials, during the previous 12 months",2020.Q1.G.02,"['rule of law', 'bribery', 'corruption', 'crime']",IU_COR_BRIB,"Prevalence rate of bribery, by sex (%)",780,Trinidad and Tobago,5,29,Caribbean,Country,-61.29389504,10.41877263,TTO,1,1,,,M,Male,[2007],2007,2007,1,PT,Percentage,G,Global,,,,2.6,,,,,,,,,,,2.6,,,,UN-CTS = United Nations Survey of Crime Trends and Criminal Justice Operations,,C: Country data
16,Goal 16,"Promote peaceful and inclusive societies for sustainable development, provide access to justice for all and build effective, accountable and inclusive institutions at all levels",16.5,Substantially reduce corruption and bribery in all their forms,C160501,16.5.1,"Proportion of persons who had at least one contact with a public official and who paid a bribe to a public official, or were asked for a bribe by those public officials, during the previous 12 months",2020.Q1.G.02,"['rule of law', 'bribery', 'corruption', 'crime']",IU_COR_BRIB,"Prevalence rate of bribery, by sex (%)",8,Albania,4,39,Southern Europe,Country,20.06660928,41.13897007,ALB,1,1,,,_T,Both sexes,[2010],2010,2010,1,PT,Percentage,G,Global,,,,,,,19.3,,,,,,,,19.3,,,,UNODC and INSTAT (2011) Corruption in Albania: Bribery as experienced by the population,,C: Country data
16,Goal 16,"Promote peaceful and inclusive societies for sustainable development, provide access to justice for all and build effective, accountable and inclusive institutions at all levels",16.5,Substantially reduce corruption and bribery in all their forms,C160501,16.5.1,"Proportion of persons who had at least one contact with a public official and who paid a bribe to a public official, or were asked for a bribe by those public officials, during the previous 12 months",2020.Q1.G.02,"['rule of law', 'bribery', 'corruption', 'crime']",IU_COR_BRIB,"Prevalence rate of bribery, by sex (%)",8,Albania,4,39,Southern Europe,Country,20.06660928,41.13897007,ALB,1,1,,,M,Male,[2010],2010,2010,1,PT,Percentage,G,Global,,,,,,,17.0,,,,,,,,17.0,,,,UNODC and INSTAT (2011) Corruption in Albania: Bribery as experienced by the population,,C: Country data
16,Goal 16,"Promote peaceful and inclusive societies for sustainable development, provide access to justice for all and build effective, accountable and inclusive institutions at all levels",16.5,Substantially reduce corruption and bribery in all their forms,C160501,16.5.1,"Proportion of persons who had at least one contact with a public official and who paid a bribe to a public official, or were asked for a bribe by those public officials, during the previous 12 months",2020.Q1.G.02,"['rule of law', 'bribery', 'corruption', 'crime']",IU_COR_BRIB,"Prevalence rate of bribery, by sex (%)",8,Albania,4,39,Southern Europe,Country,20.06660928,41.13897007,ALB,1,1,,,F,Female,[2010],2010,2010,1,PT,Percentage,G,Global,,,,,,,21.3,,,,,,,,21.3,,,,UNODC and INSTAT (2011) Corruption in Albania: Bribery as experienced by the population,,C: Country data
16,Goal 16,"Promote peaceful and inclusive societies for sustainable development, provide access to justice for all and build effective, accountable and inclusive institutions at all levels",16.5,Substantially reduce corruption and bribery in all their forms,C160501,16.5.1,"Proportion of persons who had at least one contact with a public official and who paid a bribe to a public official, or were asked for a bribe by those public officials, during the previous 12 months",2020.Q1.G.02,"['rule of law', 'bribery', 'corruption', 'crime']",IU_COR_BRIB,"Prevalence rate of bribery, by sex (%)",800,Uganda,5,14,Eastern Africa,Country,32.39100438,1.279557331,UGA,1,1,,,F,Female,[2016],2016,2016,1,PT,Percentage,G,Global,,,,,,,,,,,,,13.0,,13.0,,,,National Governance Peace and Security Survey 2017 (not yet diseminated),,C: Country data
16,Goal 16,"Promote peaceful and inclusive societies for sustainable development, provide access to justice for all and build effective, accountable and inclusive institutions at all levels",16.5,Substantially reduce corruption and bribery in all their forms,C160501,16.5.1,"Proportion of persons who had at least one contact with a public official and who paid a bribe to a public official, or were asked for a bribe by those public officials, during the previous 12 months",2020.Q1.G.02,"['rule of law', 'bribery', 'corruption', 'crime']",IU_COR_BRIB,"Prevalence rate of bribery, by sex (%)",800,Uganda,5,14,Eastern Africa,Country,32.39100438,1.279557331,UGA,1,1,,,M,Male,[2016],2016,2016,1,PT,Percentage,G,Global,,,,,,,,,,,,,20.7,,20.7,,,,National Governance Peace and Security Survey 2017 (not yet diseminated),,C: Country data
16,Goal 16,"Promote peaceful and inclusive societies for sustainable development, provide access to justice for all and build effective, accountable and inclusive institutions at all levels",16.5,Substantially reduce corruption and bribery in all their forms,C160501,16.5.1,"Proportion of persons who had at least one contact with a public official and who paid a bribe to a public official, or were asked for a bribe by those public officials, during the previous 12 months",2020.Q1.G.02,"['rule of law', 'bribery', 'corruption', 'crime']",IU_COR_BRIB,"Prevalence rate of bribery, by sex (%)",800,Uganda,5,14,Eastern Africa,Country,32.39100438,1.279557331,UGA,1,1,,,_T,Both sexes,[2016],2016,2016,1,PT,Percentage,G,Global,,,,,,,,,,,,,16.5,,16.5,,,,National Governance Peace and Security Survey 2017 (not yet diseminated),,C: Country data
16,Goal 16,"Promote peaceful and inclusive societies for sustainable development, provide access to justice for all and build effective, accountable and inclusive institutions at all levels",16.5,Substantially reduce corruption and bribery in all their forms,C160501,16.5.1,"Proportion of persons who had at least one contact with a public official and who paid a bribe to a public official, or were asked for a bribe by those public officials, during the previous 12 months",2020.Q1.G.02,"['rule of law', 'bribery', 'corruption', 'crime']",IU_COR_BRIB,"Prevalence rate of bribery, by sex (%)",807,North Macedonia,4,39,Southern Europe,Country,21.7007909,41.60048068,MKD,1,1,,,_T,Both sexes,[2010],2010,2010,1,PT,Percentage,G,Global,,,,,,,6.2,,,,,,,,6.2,,,,UNODC and State Statistical Office (2011) Corruption in the former Yugoslav Republic of Macedonia: Bribery as experienced by the population,,C: Country data
16,Goal 16,"Promote peaceful and inclusive societies for sustainable development, provide access to justice for all and build effective, accountable and inclusive institutions at all levels",16.5,Substantially reduce corruption and bribery in all their forms,C160501,16.5.1,"Proportion of persons who had at least one contact with a public official and who paid a bribe to a public official, or were asked for a bribe by those public officials, during the previous 12 months",2020.Q1.G.02,"['rule of law', 'bribery', 'corruption', 'crime']",IU_COR_BRIB,"Prevalence rate of bribery, by sex (%)",807,North Macedonia,4,39,Southern Europe,Country,21.7007909,41.60048068,MKD,1,1,,,F,Female,[2010],2010,2010,1,PT,Percentage,G,Global,,,,,,,5.3,,,,,,,,5.3,,,,UNODC and State Statistical Office (2011) Corruption in the former Yugoslav Republic of Macedonia: Bribery as experienced by the population,,C: Country data
16,Goal 16,"Promote peaceful and inclusive societies for sustainable development, provide access to justice for all and build effective, accountable and inclusive institutions at all levels",16.5,Substantially reduce corruption and bribery in all their forms,C160501,16.5.1,"Proportion of persons who had at least one contact with a public official and who paid a bribe to a public official, or were asked for a bribe by those public officials, during the previous 12 months",2020.Q1.G.02,"['rule of law', 'bribery', 'corruption', 'crime']",IU_COR_BRIB,"Prevalence rate of bribery, by sex (%)",807,North Macedonia,4,39,Southern Europe,Country,21.7007909,41.60048068,MKD,1,1,,,M,Male,[2010],2010,2010,1,PT,Percentage,G,Global,,,,,,,7.0,,,,,,,,7.0,,,,UNODC and State Statistical Office (2011) Corruption in the former Yugoslav Republic of Macedonia: Bribery as experienced by the population,,C: Country data
16,Goal 16,"Promote peaceful and inclusive societies for sustainable development, provide access to justice for all and build effective, accountable and inclusive institutions at all levels",16.5,Substantially reduce corruption and bribery in all their forms,C160501,16.5.1,"Proportion of persons who had at least one contact with a public official and who paid a bribe to a public official, or were asked for a bribe by those public officials, during the previous 12 months",2020.Q1.G.02,"['rule of law', 'bribery', 'corruption', 'crime']",IU_COR_BRIB,"Prevalence rate of bribery, by sex (%)",834,United Republic of Tanzania,5,14,Eastern Africa,Country,34.80521182,-6.265332606,TZA,1,1,,,_T,Both sexes,[2009],2009,2009,1,PT,Percentage,G,Global,,,,,,19.0,,,,,,,,,19.0,,,,The Prevention and Combating of Corruption Bureau of Tanzania. 2009 National Governance and Corruption Survey,,C: Country data
16,Goal 16,"Promote peaceful and inclusive societies for sustainable development, provide access to justice for all and build effective, accountable and inclusive institutions at all levels",16.5,Substantially reduce corruption and bribery in all their forms,C160501,16.5.1,"Proportion of persons who had at least one contact with a public official and who paid a bribe to a public official, or were asked for a bribe by those public officials, during the previous 12 months",2020.Q1.G.02,"['rule of law', 'bribery', 'corruption', 'crime']",IU_COR_BRIB,"Prevalence rate of bribery, by sex (%)",862,Venezuela (Bolivarian Republic of),5,5,South America,Country,-66.15642084,7.121324748,VEN,1,1,,,_T,Both sexes,[2006],2006,2006,1,PT,Percentage,G,Global,,,11.2,,,,,,,,,,,,11.2,,,,National Commission for Police Reform. 2007 Study on Victimization from Crime and Perception of the Police.,,C: Country data
