goal_code,goal_labelEN,goal_descEN,target_code,target_descEN,indicator_code,indicator_reference,indicator_tier,indicator_custodians,indicator_descEN,series_release,series_tags,series,seriesDescription,geoAreaCode,geoAreaName,level,parentCode,parentName,type,X,Y,ISO3,UN_Member,Country_Profile,years,min_year,max_year,n_years,unitsCode,unitsDesc,reportingTypeCode,reportingTypeDesc,value_2018,latest_value,basePeriod,valueDetails,footnotes,sources,timeDetails,nature
17,Goal 17,Strengthen the means of implementation and revitalize the Global Partnership for Sustainable Development,17.15,Respect each country’s policy space and leadership to establish and implement policies for poverty eradication and sustainable development,C171501,17.15.1,II,"OECD, UNDP",Extent of use of country-owned results frameworks and planning tools by providers of development cooperation,2020.Q1.G.01,"['means of implementation', 'programme ownership', 'programme evaluation', 'results-based management']",SG_PLN_REPOLRES,Extent of use of country-owned results frameworks and planning tools by providers of development cooperation - data by recipient (%),104,Myanmar,4,35,South-Eastern Asia,Country,96.51752295,21.19332882,MMR,1,1,[2018],2018,2018,1,PT,Percentage,G,Global,54.1179964939753,54.1179964939753,,,,OECD and UNDP.,,_X: Data nature not available
17,Goal 17,Strengthen the means of implementation and revitalize the Global Partnership for Sustainable Development,17.15,Respect each country’s policy space and leadership to establish and implement policies for poverty eradication and sustainable development,C171501,17.15.1,II,"OECD, UNDP",Extent of use of country-owned results frameworks and planning tools by providers of development cooperation,2020.Q1.G.01,"['means of implementation', 'programme ownership', 'programme evaluation', 'results-based management']",SG_PLN_REPOLRES,Extent of use of country-owned results frameworks and planning tools by providers of development cooperation - data by recipient (%),108,Burundi,5,14,Eastern Africa,Country,29.89080992,-3.366387428,BDI,1,1,[2018],2018,2018,1,PT,Percentage,G,Global,66.5925920009613,66.5925920009613,,,,OECD and UNDP.,,_X: Data nature not available
17,Goal 17,Strengthen the means of implementation and revitalize the Global Partnership for Sustainable Development,17.15,Respect each country’s policy space and leadership to establish and implement policies for poverty eradication and sustainable development,C171501,17.15.1,II,"OECD, UNDP",Extent of use of country-owned results frameworks and planning tools by providers of development cooperation,2020.Q1.G.01,"['means of implementation', 'programme ownership', 'programme evaluation', 'results-based management']",SG_PLN_REPOLRES,Extent of use of country-owned results frameworks and planning tools by providers of development cooperation - data by recipient (%),112,Belarus,4,151,Eastern Europe,Country,28.04940161,53.54193075,BLR,1,1,[2018],2018,2018,1,PT,Percentage,G,Global,45.7190071543058,45.7190071543058,,,,OECD and UNDP.,,_X: Data nature not available
17,Goal 17,Strengthen the means of implementation and revitalize the Global Partnership for Sustainable Development,17.15,Respect each country’s policy space and leadership to establish and implement policies for poverty eradication and sustainable development,C171501,17.15.1,II,"OECD, UNDP",Extent of use of country-owned results frameworks and planning tools by providers of development cooperation,2020.Q1.G.01,"['means of implementation', 'programme ownership', 'programme evaluation', 'results-based management']",SG_PLN_REPOLRES,Extent of use of country-owned results frameworks and planning tools by providers of development cooperation - data by recipient (%),116,Cambodia,4,35,South-Eastern Asia,Country,104.922836,12.71163737,KHM,1,1,[2018],2018,2018,1,PT,Percentage,G,Global,55.3032507499059,55.3032507499059,,,,OECD and UNDP.,,_X: Data nature not available
17,Goal 17,Strengthen the means of implementation and revitalize the Global Partnership for Sustainable Development,17.15,Respect each country’s policy space and leadership to establish and implement policies for poverty eradication and sustainable development,C171501,17.15.1,II,"OECD, UNDP",Extent of use of country-owned results frameworks and planning tools by providers of development cooperation,2020.Q1.G.01,"['means of implementation', 'programme ownership', 'programme evaluation', 'results-based management']",SG_PLN_REPOLRES,Extent of use of country-owned results frameworks and planning tools by providers of development cooperation - data by recipient (%),120,Cameroon,5,17,Middle Africa,Country,12.7419827,5.692387031,CMR,1,1,[2018],2018,2018,1,PT,Percentage,G,Global,78.7769436836242,78.7769436836242,,,,OECD and UNDP.,,_X: Data nature not available
17,Goal 17,Strengthen the means of implementation and revitalize the Global Partnership for Sustainable Development,17.15,Respect each country’s policy space and leadership to establish and implement policies for poverty eradication and sustainable development,C171501,17.15.1,II,"OECD, UNDP",Extent of use of country-owned results frameworks and planning tools by providers of development cooperation,2020.Q1.G.01,"['means of implementation', 'programme ownership', 'programme evaluation', 'results-based management']",SG_PLN_REPOLRES,Extent of use of country-owned results frameworks and planning tools by providers of development cooperation - data by recipient (%),132,Cabo Verde,5,11,Western Africa,Country,-23.63544151,15.07791834,CPV,1,1,[2018],2018,2018,1,PT,Percentage,G,Global,37.3856221636136,37.3856221636136,,,,OECD and UNDP.,,_X: Data nature not available
17,Goal 17,Strengthen the means of implementation and revitalize the Global Partnership for Sustainable Development,17.15,Respect each country’s policy space and leadership to establish and implement policies for poverty eradication and sustainable development,C171501,17.15.1,II,"OECD, UNDP",Extent of use of country-owned results frameworks and planning tools by providers of development cooperation,2020.Q1.G.01,"['means of implementation', 'programme ownership', 'programme evaluation', 'results-based management']",SG_PLN_REPOLRES,Extent of use of country-owned results frameworks and planning tools by providers of development cooperation - data by recipient (%),140,Central African Republic,5,17,Middle Africa,Country,20.93559492,7.003720791,CAF,1,1,[2018],2018,2018,1,PT,Percentage,G,Global,56.414565940698,56.414565940698,,,,OECD and UNDP.,,_X: Data nature not available
17,Goal 17,Strengthen the means of implementation and revitalize the Global Partnership for Sustainable Development,17.15,Respect each country’s policy space and leadership to establish and implement policies for poverty eradication and sustainable development,C171501,17.15.1,II,"OECD, UNDP",Extent of use of country-owned results frameworks and planning tools by providers of development cooperation,2020.Q1.G.01,"['means of implementation', 'programme ownership', 'programme evaluation', 'results-based management']",SG_PLN_REPOLRES,Extent of use of country-owned results frameworks and planning tools by providers of development cooperation - data by recipient (%),148,Chad,5,17,Middle Africa,Country,18.66618401,15.36279341,TCD,1,1,[2018],2018,2018,1,PT,Percentage,G,Global,44.3936422467231,44.3936422467231,,,,OECD and UNDP.,,_X: Data nature not available
17,Goal 17,Strengthen the means of implementation and revitalize the Global Partnership for Sustainable Development,17.15,Respect each country’s policy space and leadership to establish and implement policies for poverty eradication and sustainable development,C171501,17.15.1,II,"OECD, UNDP",Extent of use of country-owned results frameworks and planning tools by providers of development cooperation,2020.Q1.G.01,"['means of implementation', 'programme ownership', 'programme evaluation', 'results-based management']",SG_PLN_REPOLRES,Extent of use of country-owned results frameworks and planning tools by providers of development cooperation - data by recipient (%),174,Comoros,5,14,Eastern Africa,Country,43.34234565,-11.66121732,COM,1,1,[2018],2018,2018,1,PT,Percentage,G,Global,83.6455146471659,83.6455146471659,,,,OECD and UNDP.,,_X: Data nature not available
17,Goal 17,Strengthen the means of implementation and revitalize the Global Partnership for Sustainable Development,17.15,Respect each country’s policy space and leadership to establish and implement policies for poverty eradication and sustainable development,C171501,17.15.1,II,"OECD, UNDP",Extent of use of country-owned results frameworks and planning tools by providers of development cooperation,2020.Q1.G.01,"['means of implementation', 'programme ownership', 'programme evaluation', 'results-based management']",SG_PLN_REPOLRES,Extent of use of country-owned results frameworks and planning tools by providers of development cooperation - data by recipient (%),178,Congo,5,11,Western Africa,Country,15.22052612,-0.840544119,COG,1,1,[2018],2018,2018,1,PT,Percentage,G,Global,72.5000003973643,72.5000003973643,,,,OECD and UNDP.,,_X: Data nature not available
17,Goal 17,Strengthen the means of implementation and revitalize the Global Partnership for Sustainable Development,17.15,Respect each country’s policy space and leadership to establish and implement policies for poverty eradication and sustainable development,C171501,17.15.1,II,"OECD, UNDP",Extent of use of country-owned results frameworks and planning tools by providers of development cooperation,2020.Q1.G.01,"['means of implementation', 'programme ownership', 'programme evaluation', 'results-based management']",SG_PLN_REPOLRES,Extent of use of country-owned results frameworks and planning tools by providers of development cooperation - data by recipient (%),180,Democratic Republic of the Congo,5,17,Middle Africa,Country,23.65496507,-2.877154732,COD,1,1,[2018],2018,2018,1,PT,Percentage,G,Global,42.8435161709785,42.8435161709785,,,,OECD and UNDP.,,_X: Data nature not available
17,Goal 17,Strengthen the means of implementation and revitalize the Global Partnership for Sustainable Development,17.15,Respect each country’s policy space and leadership to establish and implement policies for poverty eradication and sustainable development,C171501,17.15.1,II,"OECD, UNDP",Extent of use of country-owned results frameworks and planning tools by providers of development cooperation,2020.Q1.G.01,"['means of implementation', 'programme ownership', 'programme evaluation', 'results-based management']",SG_PLN_REPOLRES,Extent of use of country-owned results frameworks and planning tools by providers of development cooperation - data by recipient (%),184,Cook Islands,4,61,Polynesia,Country,-159.7711391,-21.22696458,COK,0,1,[2018],2018,2018,1,PT,Percentage,G,Global,73.9738216002782,73.9738216002782,,,,OECD and UNDP.,,_X: Data nature not available
17,Goal 17,Strengthen the means of implementation and revitalize the Global Partnership for Sustainable Development,17.15,Respect each country’s policy space and leadership to establish and implement policies for poverty eradication and sustainable development,C171501,17.15.1,II,"OECD, UNDP",Extent of use of country-owned results frameworks and planning tools by providers of development cooperation,2020.Q1.G.01,"['means of implementation', 'programme ownership', 'programme evaluation', 'results-based management']",SG_PLN_REPOLRES,Extent of use of country-owned results frameworks and planning tools by providers of development cooperation - data by recipient (%),188,Costa Rica,5,13,Central America,Country,-84.19712782,9.970998683,CRI,1,1,[2018],2018,2018,1,PT,Percentage,G,Global,42.0902252197265,42.0902252197265,,,,OECD and UNDP.,,_X: Data nature not available
17,Goal 17,Strengthen the means of implementation and revitalize the Global Partnership for Sustainable Development,17.15,Respect each country’s policy space and leadership to establish and implement policies for poverty eradication and sustainable development,C171501,17.15.1,II,"OECD, UNDP",Extent of use of country-owned results frameworks and planning tools by providers of development cooperation,2020.Q1.G.01,"['means of implementation', 'programme ownership', 'programme evaluation', 'results-based management']",SG_PLN_REPOLRES,Extent of use of country-owned results frameworks and planning tools by providers of development cooperation - data by recipient (%),204,Benin,5,11,Western Africa,Country,2.339933594,9.65401646,BEN,1,1,[2018],2018,2018,1,PT,Percentage,G,Global,73.3109176158905,73.3109176158905,,,,OECD and UNDP.,,_X: Data nature not available
17,Goal 17,Strengthen the means of implementation and revitalize the Global Partnership for Sustainable Development,17.15,Respect each country’s policy space and leadership to establish and implement policies for poverty eradication and sustainable development,C171501,17.15.1,II,"OECD, UNDP",Extent of use of country-owned results frameworks and planning tools by providers of development cooperation,2020.Q1.G.01,"['means of implementation', 'programme ownership', 'programme evaluation', 'results-based management']",SG_PLN_REPOLRES,Extent of use of country-owned results frameworks and planning tools by providers of development cooperation - data by recipient (%),214,Dominican Republic,5,29,Caribbean,Country,-70.49847576,18.89832088,DOM,1,1,[2018],2018,2018,1,PT,Percentage,G,Global,63.6673847834269,63.6673847834269,,,,OECD and UNDP.,,_X: Data nature not available
17,Goal 17,Strengthen the means of implementation and revitalize the Global Partnership for Sustainable Development,17.15,Respect each country’s policy space and leadership to establish and implement policies for poverty eradication and sustainable development,C171501,17.15.1,II,"OECD, UNDP",Extent of use of country-owned results frameworks and planning tools by providers of development cooperation,2020.Q1.G.01,"['means of implementation', 'programme ownership', 'programme evaluation', 'results-based management']",SG_PLN_REPOLRES,Extent of use of country-owned results frameworks and planning tools by providers of development cooperation - data by recipient (%),222,El Salvador,5,13,Central America,Country,-88.86862995,13.73603564,SLV,1,1,[2018],2018,2018,1,PT,Percentage,G,Global,44.3515424927076,44.3515424927076,,,,OECD and UNDP.,,_X: Data nature not available
17,Goal 17,Strengthen the means of implementation and revitalize the Global Partnership for Sustainable Development,17.15,Respect each country’s policy space and leadership to establish and implement policies for poverty eradication and sustainable development,C171501,17.15.1,II,"OECD, UNDP",Extent of use of country-owned results frameworks and planning tools by providers of development cooperation,2020.Q1.G.01,"['means of implementation', 'programme ownership', 'programme evaluation', 'results-based management']",SG_PLN_REPOLRES,Extent of use of country-owned results frameworks and planning tools by providers of development cooperation - data by recipient (%),226,Equatorial Guinea,5,17,Middle Africa,Country,10.46535826,1.565792376,GNQ,1,1,[2018],2018,2018,1,PT,Percentage,G,Global,100.0,100.0,,,,OECD and UNDP.,,_X: Data nature not available
17,Goal 17,Strengthen the means of implementation and revitalize the Global Partnership for Sustainable Development,17.15,Respect each country’s policy space and leadership to establish and implement policies for poverty eradication and sustainable development,C171501,17.15.1,II,"OECD, UNDP",Extent of use of country-owned results frameworks and planning tools by providers of development cooperation,2020.Q1.G.01,"['means of implementation', 'programme ownership', 'programme evaluation', 'results-based management']",SG_PLN_REPOLRES,Extent of use of country-owned results frameworks and planning tools by providers of development cooperation - data by recipient (%),231,Ethiopia,5,14,Eastern Africa,Country,39.63505296,8.631223181,ETH,1,1,[2018],2018,2018,1,PT,Percentage,G,Global,81.9857219854991,81.9857219854991,,,,OECD and UNDP.,,_X: Data nature not available
17,Goal 17,Strengthen the means of implementation and revitalize the Global Partnership for Sustainable Development,17.15,Respect each country’s policy space and leadership to establish and implement policies for poverty eradication and sustainable development,C171501,17.15.1,II,"OECD, UNDP",Extent of use of country-owned results frameworks and planning tools by providers of development cooperation,2020.Q1.G.01,"['means of implementation', 'programme ownership', 'programme evaluation', 'results-based management']",SG_PLN_REPOLRES,Extent of use of country-owned results frameworks and planning tools by providers of development cooperation - data by recipient (%),24,Angola,5,17,Middle Africa,Country,17.57817062,-12.33724746,AGO,1,1,[2018],2018,2018,1,PT,Percentage,G,Global,46.5298136075338,46.5298136075338,,,,OECD and UNDP.,,_X: Data nature not available
17,Goal 17,Strengthen the means of implementation and revitalize the Global Partnership for Sustainable Development,17.15,Respect each country’s policy space and leadership to establish and implement policies for poverty eradication and sustainable development,C171501,17.15.1,II,"OECD, UNDP",Extent of use of country-owned results frameworks and planning tools by providers of development cooperation,2020.Q1.G.01,"['means of implementation', 'programme ownership', 'programme evaluation', 'results-based management']",SG_PLN_REPOLRES,Extent of use of country-owned results frameworks and planning tools by providers of development cooperation - data by recipient (%),242,Fiji,4,54,Melanesia,Country,177.9660884,-17.83301566,FJI,1,1,[2018],2018,2018,1,PT,Percentage,G,Global,53.8720538218816,53.8720538218816,,,,OECD and UNDP.,,_X: Data nature not available
17,Goal 17,Strengthen the means of implementation and revitalize the Global Partnership for Sustainable Development,17.15,Respect each country’s policy space and leadership to establish and implement policies for poverty eradication and sustainable development,C171501,17.15.1,II,"OECD, UNDP",Extent of use of country-owned results frameworks and planning tools by providers of development cooperation,2020.Q1.G.01,"['means of implementation', 'programme ownership', 'programme evaluation', 'results-based management']",SG_PLN_REPOLRES,Extent of use of country-owned results frameworks and planning tools by providers of development cooperation - data by recipient (%),268,Georgia,4,145,Western Asia,Country,43.3713615,42.04813028,GEO,1,1,[2018],2018,2018,1,PT,Percentage,G,Global,43.709604938825,43.709604938825,,,,OECD and UNDP.,,_X: Data nature not available
17,Goal 17,Strengthen the means of implementation and revitalize the Global Partnership for Sustainable Development,17.15,Respect each country’s policy space and leadership to establish and implement policies for poverty eradication and sustainable development,C171501,17.15.1,II,"OECD, UNDP",Extent of use of country-owned results frameworks and planning tools by providers of development cooperation,2020.Q1.G.01,"['means of implementation', 'programme ownership', 'programme evaluation', 'results-based management']",SG_PLN_REPOLRES,Extent of use of country-owned results frameworks and planning tools by providers of development cooperation - data by recipient (%),270,Gambia,5,11,Western Africa,Country,-15.39944785,13.45295927,GMB,1,1,[2018],2018,2018,1,PT,Percentage,G,Global,57.1123013893763,57.1123013893763,,,,OECD and UNDP.,,_X: Data nature not available
17,Goal 17,Strengthen the means of implementation and revitalize the Global Partnership for Sustainable Development,17.15,Respect each country’s policy space and leadership to establish and implement policies for poverty eradication and sustainable development,C171501,17.15.1,II,"OECD, UNDP",Extent of use of country-owned results frameworks and planning tools by providers of development cooperation,2020.Q1.G.01,"['means of implementation', 'programme ownership', 'programme evaluation', 'results-based management']",SG_PLN_REPOLRES,Extent of use of country-owned results frameworks and planning tools by providers of development cooperation - data by recipient (%),296,Kiribati,4,57,Micronesia,Country,-157.5643005,1.768837732,KIR,1,1,[2018],2018,2018,1,PT,Percentage,G,Global,80.7487924893697,80.7487924893697,,,,OECD and UNDP.,,_X: Data nature not available
17,Goal 17,Strengthen the means of implementation and revitalize the Global Partnership for Sustainable Development,17.15,Respect each country’s policy space and leadership to establish and implement policies for poverty eradication and sustainable development,C171501,17.15.1,II,"OECD, UNDP",Extent of use of country-owned results frameworks and planning tools by providers of development cooperation,2020.Q1.G.01,"['means of implementation', 'programme ownership', 'programme evaluation', 'results-based management']",SG_PLN_REPOLRES,Extent of use of country-owned results frameworks and planning tools by providers of development cooperation - data by recipient (%),31,Azerbaijan,4,145,Western Asia,Country,50.01064725,40.39229544,AZE,1,1,[2018],2018,2018,1,PT,Percentage,G,Global,51.5555555621783,51.5555555621783,,,,OECD and UNDP.,,_X: Data nature not available
17,Goal 17,Strengthen the means of implementation and revitalize the Global Partnership for Sustainable Development,17.15,Respect each country’s policy space and leadership to establish and implement policies for poverty eradication and sustainable development,C171501,17.15.1,II,"OECD, UNDP",Extent of use of country-owned results frameworks and planning tools by providers of development cooperation,2020.Q1.G.01,"['means of implementation', 'programme ownership', 'programme evaluation', 'results-based management']",SG_PLN_REPOLRES,Extent of use of country-owned results frameworks and planning tools by providers of development cooperation - data by recipient (%),320,Guatemala,5,13,Central America,Country,-91.2312746,15.00273719,GTM,1,1,[2018],2018,2018,1,PT,Percentage,G,Global,49.9962349732717,49.9962349732717,,,,OECD and UNDP.,,_X: Data nature not available
17,Goal 17,Strengthen the means of implementation and revitalize the Global Partnership for Sustainable Development,17.15,Respect each country’s policy space and leadership to establish and implement policies for poverty eradication and sustainable development,C171501,17.15.1,II,"OECD, UNDP",Extent of use of country-owned results frameworks and planning tools by providers of development cooperation,2020.Q1.G.01,"['means of implementation', 'programme ownership', 'programme evaluation', 'results-based management']",SG_PLN_REPOLRES,Extent of use of country-owned results frameworks and planning tools by providers of development cooperation - data by recipient (%),324,Guinea,5,11,Western Africa,Country,-11.28173419,11.00210343,GIN,1,1,[2018],2018,2018,1,PT,Percentage,G,Global,72.139424085617,72.139424085617,,,,OECD and UNDP.,,_X: Data nature not available
17,Goal 17,Strengthen the means of implementation and revitalize the Global Partnership for Sustainable Development,17.15,Respect each country’s policy space and leadership to establish and implement policies for poverty eradication and sustainable development,C171501,17.15.1,II,"OECD, UNDP",Extent of use of country-owned results frameworks and planning tools by providers of development cooperation,2020.Q1.G.01,"['means of implementation', 'programme ownership', 'programme evaluation', 'results-based management']",SG_PLN_REPOLRES,Extent of use of country-owned results frameworks and planning tools by providers of development cooperation - data by recipient (%),332,Haiti,5,29,Caribbean,Country,-72.33640958,18.40426539,HTI,1,1,[2018],2018,2018,1,PT,Percentage,G,Global,59.683933854103,59.683933854103,,,,OECD and UNDP.,,_X: Data nature not available
17,Goal 17,Strengthen the means of implementation and revitalize the Global Partnership for Sustainable Development,17.15,Respect each country’s policy space and leadership to establish and implement policies for poverty eradication and sustainable development,C171501,17.15.1,II,"OECD, UNDP",Extent of use of country-owned results frameworks and planning tools by providers of development cooperation,2020.Q1.G.01,"['means of implementation', 'programme ownership', 'programme evaluation', 'results-based management']",SG_PLN_REPOLRES,Extent of use of country-owned results frameworks and planning tools by providers of development cooperation - data by recipient (%),340,Honduras,5,13,Central America,Country,-86.59974381,14.82243161,HND,1,1,[2018],2018,2018,1,PT,Percentage,G,Global,64.6629373232524,64.6629373232524,,,,OECD and UNDP.,,_X: Data nature not available
17,Goal 17,Strengthen the means of implementation and revitalize the Global Partnership for Sustainable Development,17.15,Respect each country’s policy space and leadership to establish and implement policies for poverty eradication and sustainable development,C171501,17.15.1,II,"OECD, UNDP",Extent of use of country-owned results frameworks and planning tools by providers of development cooperation,2020.Q1.G.01,"['means of implementation', 'programme ownership', 'programme evaluation', 'results-based management']",SG_PLN_REPOLRES,Extent of use of country-owned results frameworks and planning tools by providers of development cooperation - data by recipient (%),384,Côte d'Ivoire,5,11,Western Africa,Country,-5.552690016,7.62211586,CIV,1,1,[2018],2018,2018,1,PT,Percentage,G,Global,72.0098316669464,72.0098316669464,,,,OECD and UNDP.,,_X: Data nature not available
17,Goal 17,Strengthen the means of implementation and revitalize the Global Partnership for Sustainable Development,17.15,Respect each country’s policy space and leadership to establish and implement policies for poverty eradication and sustainable development,C171501,17.15.1,II,"OECD, UNDP",Extent of use of country-owned results frameworks and planning tools by providers of development cooperation,2020.Q1.G.01,"['means of implementation', 'programme ownership', 'programme evaluation', 'results-based management']",SG_PLN_REPOLRES,Extent of use of country-owned results frameworks and planning tools by providers of development cooperation - data by recipient (%),4,Afghanistan,4,34,Southern Asia,Country,66.02688198,33.83160199,AFG,1,1,[2018],2018,2018,1,PT,Percentage,G,Global,64.3768797318141,64.3768797318141,,,,OECD and UNDP.,,_X: Data nature not available
17,Goal 17,Strengthen the means of implementation and revitalize the Global Partnership for Sustainable Development,17.15,Respect each country’s policy space and leadership to establish and implement policies for poverty eradication and sustainable development,C171501,17.15.1,II,"OECD, UNDP",Extent of use of country-owned results frameworks and planning tools by providers of development cooperation,2020.Q1.G.01,"['means of implementation', 'programme ownership', 'programme evaluation', 'results-based management']",SG_PLN_REPOLRES,Extent of use of country-owned results frameworks and planning tools by providers of development cooperation - data by recipient (%),400,Jordan,4,145,Western Asia,Country,37.13024774,30.65365973,JOR,1,1,[2018],2018,2018,1,PT,Percentage,G,Global,55.5536846319834,55.5536846319834,,,,OECD and UNDP.,,_X: Data nature not available
17,Goal 17,Strengthen the means of implementation and revitalize the Global Partnership for Sustainable Development,17.15,Respect each country’s policy space and leadership to establish and implement policies for poverty eradication and sustainable development,C171501,17.15.1,II,"OECD, UNDP",Extent of use of country-owned results frameworks and planning tools by providers of development cooperation,2020.Q1.G.01,"['means of implementation', 'programme ownership', 'programme evaluation', 'results-based management']",SG_PLN_REPOLRES,Extent of use of country-owned results frameworks and planning tools by providers of development cooperation - data by recipient (%),404,Kenya,5,14,Eastern Africa,Country,37.86096816,0.534797278,KEN,1,1,[2018],2018,2018,1,PT,Percentage,G,Global,63.430917263031,63.430917263031,,,,OECD and UNDP.,,_X: Data nature not available
17,Goal 17,Strengthen the means of implementation and revitalize the Global Partnership for Sustainable Development,17.15,Respect each country’s policy space and leadership to establish and implement policies for poverty eradication and sustainable development,C171501,17.15.1,II,"OECD, UNDP",Extent of use of country-owned results frameworks and planning tools by providers of development cooperation,2020.Q1.G.01,"['means of implementation', 'programme ownership', 'programme evaluation', 'results-based management']",SG_PLN_REPOLRES,Extent of use of country-owned results frameworks and planning tools by providers of development cooperation - data by recipient (%),412,Kosovo,4,151,Eastern Europe,Country,,,,,,[2018],2018,2018,1,PT,Percentage,G,Global,69.5824285348257,69.5824285348257,,,,OECD and UNDP.,,_X: Data nature not available
17,Goal 17,Strengthen the means of implementation and revitalize the Global Partnership for Sustainable Development,17.15,Respect each country’s policy space and leadership to establish and implement policies for poverty eradication and sustainable development,C171501,17.15.1,II,"OECD, UNDP",Extent of use of country-owned results frameworks and planning tools by providers of development cooperation,2020.Q1.G.01,"['means of implementation', 'programme ownership', 'programme evaluation', 'results-based management']",SG_PLN_REPOLRES,Extent of use of country-owned results frameworks and planning tools by providers of development cooperation - data by recipient (%),418,Lao People's Democratic Republic,4,35,South-Eastern Asia,Country,101.9901968,20.27482773,LAO,1,1,[2018],2018,2018,1,PT,Percentage,G,Global,64.5001908143362,64.5001908143362,,,,OECD and UNDP.,,_X: Data nature not available
17,Goal 17,Strengthen the means of implementation and revitalize the Global Partnership for Sustainable Development,17.15,Respect each country’s policy space and leadership to establish and implement policies for poverty eradication and sustainable development,C171501,17.15.1,II,"OECD, UNDP",Extent of use of country-owned results frameworks and planning tools by providers of development cooperation,2020.Q1.G.01,"['means of implementation', 'programme ownership', 'programme evaluation', 'results-based management']",SG_PLN_REPOLRES,Extent of use of country-owned results frameworks and planning tools by providers of development cooperation - data by recipient (%),430,Liberia,5,11,Western Africa,Country,-9.311879038,6.448381009,LBR,1,1,[2018],2018,2018,1,PT,Percentage,G,Global,44.4444447755813,44.4444447755813,,,,OECD and UNDP.,,_X: Data nature not available
17,Goal 17,Strengthen the means of implementation and revitalize the Global Partnership for Sustainable Development,17.15,Respect each country’s policy space and leadership to establish and implement policies for poverty eradication and sustainable development,C171501,17.15.1,II,"OECD, UNDP",Extent of use of country-owned results frameworks and planning tools by providers of development cooperation,2020.Q1.G.01,"['means of implementation', 'programme ownership', 'programme evaluation', 'results-based management']",SG_PLN_REPOLRES,Extent of use of country-owned results frameworks and planning tools by providers of development cooperation - data by recipient (%),450,Madagascar,5,14,Eastern Africa,Country,46.6982339,-19.38514785,MDG,1,1,[2018],2018,2018,1,PT,Percentage,G,Global,56.2598913908004,56.2598913908004,,,,OECD and UNDP.,,_X: Data nature not available
17,Goal 17,Strengthen the means of implementation and revitalize the Global Partnership for Sustainable Development,17.15,Respect each country’s policy space and leadership to establish and implement policies for poverty eradication and sustainable development,C171501,17.15.1,II,"OECD, UNDP",Extent of use of country-owned results frameworks and planning tools by providers of development cooperation,2020.Q1.G.01,"['means of implementation', 'programme ownership', 'programme evaluation', 'results-based management']",SG_PLN_REPOLRES,Extent of use of country-owned results frameworks and planning tools by providers of development cooperation - data by recipient (%),454,Malawi,5,14,Eastern Africa,Country,33.4884625,-13.40819859,MWI,1,1,[2018],2018,2018,1,PT,Percentage,G,Global,74.2567201455434,74.2567201455434,,,,OECD and UNDP.,,_X: Data nature not available
17,Goal 17,Strengthen the means of implementation and revitalize the Global Partnership for Sustainable Development,17.15,Respect each country’s policy space and leadership to establish and implement policies for poverty eradication and sustainable development,C171501,17.15.1,II,"OECD, UNDP",Extent of use of country-owned results frameworks and planning tools by providers of development cooperation,2020.Q1.G.01,"['means of implementation', 'programme ownership', 'programme evaluation', 'results-based management']",SG_PLN_REPOLRES,Extent of use of country-owned results frameworks and planning tools by providers of development cooperation - data by recipient (%),466,Mali,5,11,Western Africa,Country,-3.522016039,17.35311254,MLI,1,1,[2018],2018,2018,1,PT,Percentage,G,Global,66.4371669292449,66.4371669292449,,,,OECD and UNDP.,,_X: Data nature not available
17,Goal 17,Strengthen the means of implementation and revitalize the Global Partnership for Sustainable Development,17.15,Respect each country’s policy space and leadership to establish and implement policies for poverty eradication and sustainable development,C171501,17.15.1,II,"OECD, UNDP",Extent of use of country-owned results frameworks and planning tools by providers of development cooperation,2020.Q1.G.01,"['means of implementation', 'programme ownership', 'programme evaluation', 'results-based management']",SG_PLN_REPOLRES,Extent of use of country-owned results frameworks and planning tools by providers of development cooperation - data by recipient (%),478,Mauritania,5,11,Western Africa,Country,-10.33187259,20.26089546,MRT,1,1,[2018],2018,2018,1,PT,Percentage,G,Global,67.7525262037913,67.7525262037913,,,,OECD and UNDP.,,_X: Data nature not available
17,Goal 17,Strengthen the means of implementation and revitalize the Global Partnership for Sustainable Development,17.15,Respect each country’s policy space and leadership to establish and implement policies for poverty eradication and sustainable development,C171501,17.15.1,II,"OECD, UNDP",Extent of use of country-owned results frameworks and planning tools by providers of development cooperation,2020.Q1.G.01,"['means of implementation', 'programme ownership', 'programme evaluation', 'results-based management']",SG_PLN_REPOLRES,Extent of use of country-owned results frameworks and planning tools by providers of development cooperation - data by recipient (%),498,Republic of Moldova,4,151,Eastern Europe,Country,28.4650624,47.20236795,MDA,1,1,[2018],2018,2018,1,PT,Percentage,G,Global,60.4375819365183,60.4375819365183,,,,OECD and UNDP.,,_X: Data nature not available
17,Goal 17,Strengthen the means of implementation and revitalize the Global Partnership for Sustainable Development,17.15,Respect each country’s policy space and leadership to establish and implement policies for poverty eradication and sustainable development,C171501,17.15.1,II,"OECD, UNDP",Extent of use of country-owned results frameworks and planning tools by providers of development cooperation,2020.Q1.G.01,"['means of implementation', 'programme ownership', 'programme evaluation', 'results-based management']",SG_PLN_REPOLRES,Extent of use of country-owned results frameworks and planning tools by providers of development cooperation - data by recipient (%),499,Montenegro,4,39,Southern Europe,Country,19.25214024,42.78717043,MNE,1,1,[2018],2018,2018,1,PT,Percentage,G,Global,62.5396832823753,62.5396832823753,,,,OECD and UNDP.,,_X: Data nature not available
17,Goal 17,Strengthen the means of implementation and revitalize the Global Partnership for Sustainable Development,17.15,Respect each country’s policy space and leadership to establish and implement policies for poverty eradication and sustainable development,C171501,17.15.1,II,"OECD, UNDP",Extent of use of country-owned results frameworks and planning tools by providers of development cooperation,2020.Q1.G.01,"['means of implementation', 'programme ownership', 'programme evaluation', 'results-based management']",SG_PLN_REPOLRES,Extent of use of country-owned results frameworks and planning tools by providers of development cooperation - data by recipient (%),50,Bangladesh,4,34,Southern Asia,Country,89.17660788,22.86961622,BGD,1,1,[2018],2018,2018,1,PT,Percentage,G,Global,75.7261534531911,75.7261534531911,,,,OECD and UNDP.,,_X: Data nature not available
17,Goal 17,Strengthen the means of implementation and revitalize the Global Partnership for Sustainable Development,17.15,Respect each country’s policy space and leadership to establish and implement policies for poverty eradication and sustainable development,C171501,17.15.1,II,"OECD, UNDP",Extent of use of country-owned results frameworks and planning tools by providers of development cooperation,2020.Q1.G.01,"['means of implementation', 'programme ownership', 'programme evaluation', 'results-based management']",SG_PLN_REPOLRES,Extent of use of country-owned results frameworks and planning tools by providers of development cooperation - data by recipient (%),508,Mozambique,5,14,Eastern Africa,Country,38.18479941,-14.27963886,MOZ,1,1,[2018],2018,2018,1,PT,Percentage,G,Global,67.6424314578374,67.6424314578374,,,,OECD and UNDP.,,_X: Data nature not available
17,Goal 17,Strengthen the means of implementation and revitalize the Global Partnership for Sustainable Development,17.15,Respect each country’s policy space and leadership to establish and implement policies for poverty eradication and sustainable development,C171501,17.15.1,II,"OECD, UNDP",Extent of use of country-owned results frameworks and planning tools by providers of development cooperation,2020.Q1.G.01,"['means of implementation', 'programme ownership', 'programme evaluation', 'results-based management']",SG_PLN_REPOLRES,Extent of use of country-owned results frameworks and planning tools by providers of development cooperation - data by recipient (%),51,Armenia,4,145,Western Asia,Country,44.93839317,40.29499741,ARM,1,1,[2018],2018,2018,1,PT,Percentage,G,Global,57.2222222884496,57.2222222884496,,,,OECD and UNDP.,,_X: Data nature not available
17,Goal 17,Strengthen the means of implementation and revitalize the Global Partnership for Sustainable Development,17.15,Respect each country’s policy space and leadership to establish and implement policies for poverty eradication and sustainable development,C171501,17.15.1,II,"OECD, UNDP",Extent of use of country-owned results frameworks and planning tools by providers of development cooperation,2020.Q1.G.01,"['means of implementation', 'programme ownership', 'programme evaluation', 'results-based management']",SG_PLN_REPOLRES,Extent of use of country-owned results frameworks and planning tools by providers of development cooperation - data by recipient (%),520,Nauru,4,57,Micronesia,Country,166.92313,-0.528742623,NRU,1,1,[2018],2018,2018,1,PT,Percentage,G,Global,77.5326808293661,77.5326808293661,,,,OECD and UNDP.,,_X: Data nature not available
17,Goal 17,Strengthen the means of implementation and revitalize the Global Partnership for Sustainable Development,17.15,Respect each country’s policy space and leadership to establish and implement policies for poverty eradication and sustainable development,C171501,17.15.1,II,"OECD, UNDP",Extent of use of country-owned results frameworks and planning tools by providers of development cooperation,2020.Q1.G.01,"['means of implementation', 'programme ownership', 'programme evaluation', 'results-based management']",SG_PLN_REPOLRES,Extent of use of country-owned results frameworks and planning tools by providers of development cooperation - data by recipient (%),524,Nepal,4,34,Southern Asia,Country,83.94678863,28.25866332,NPL,1,1,[2018],2018,2018,1,PT,Percentage,G,Global,65.6417598327001,65.6417598327001,,,,OECD and UNDP.,,_X: Data nature not available
17,Goal 17,Strengthen the means of implementation and revitalize the Global Partnership for Sustainable Development,17.15,Respect each country’s policy space and leadership to establish and implement policies for poverty eradication and sustainable development,C171501,17.15.1,II,"OECD, UNDP",Extent of use of country-owned results frameworks and planning tools by providers of development cooperation,2020.Q1.G.01,"['means of implementation', 'programme ownership', 'programme evaluation', 'results-based management']",SG_PLN_REPOLRES,Extent of use of country-owned results frameworks and planning tools by providers of development cooperation - data by recipient (%),562,Niger,5,11,Western Africa,Country,9.400167877,17.42143036,NER,1,1,[2018],2018,2018,1,PT,Percentage,G,Global,62.9005581140518,62.9005581140518,,,,OECD and UNDP.,,_X: Data nature not available
17,Goal 17,Strengthen the means of implementation and revitalize the Global Partnership for Sustainable Development,17.15,Respect each country’s policy space and leadership to establish and implement policies for poverty eradication and sustainable development,C171501,17.15.1,II,"OECD, UNDP",Extent of use of country-owned results frameworks and planning tools by providers of development cooperation,2020.Q1.G.01,"['means of implementation', 'programme ownership', 'programme evaluation', 'results-based management']",SG_PLN_REPOLRES,Extent of use of country-owned results frameworks and planning tools by providers of development cooperation - data by recipient (%),566,Nigeria,5,11,Western Africa,Country,8.097363256,9.585789025,NGA,1,1,[2018],2018,2018,1,PT,Percentage,G,Global,41.092637181282,41.092637181282,,,,OECD and UNDP.,,_X: Data nature not available
17,Goal 17,Strengthen the means of implementation and revitalize the Global Partnership for Sustainable Development,17.15,Respect each country’s policy space and leadership to establish and implement policies for poverty eradication and sustainable development,C171501,17.15.1,II,"OECD, UNDP",Extent of use of country-owned results frameworks and planning tools by providers of development cooperation,2020.Q1.G.01,"['means of implementation', 'programme ownership', 'programme evaluation', 'results-based management']",SG_PLN_REPOLRES,Extent of use of country-owned results frameworks and planning tools by providers of development cooperation - data by recipient (%),584,Marshall Islands,4,57,Micronesia,Country,171.0839119,7.110213497,MHL,1,1,[2018],2018,2018,1,PT,Percentage,G,Global,88.8888895511627,88.8888895511627,,,,OECD and UNDP.,,_X: Data nature not available
17,Goal 17,Strengthen the means of implementation and revitalize the Global Partnership for Sustainable Development,17.15,Respect each country’s policy space and leadership to establish and implement policies for poverty eradication and sustainable development,C171501,17.15.1,II,"OECD, UNDP",Extent of use of country-owned results frameworks and planning tools by providers of development cooperation,2020.Q1.G.01,"['means of implementation', 'programme ownership', 'programme evaluation', 'results-based management']",SG_PLN_REPOLRES,Extent of use of country-owned results frameworks and planning tools by providers of development cooperation - data by recipient (%),585,Palau,4,57,Micronesia,Country,134.5733878,7.502307591,PLW,1,1,[2018],2018,2018,1,PT,Percentage,G,Global,36.1111104488372,36.1111104488372,,,,OECD and UNDP.,,_X: Data nature not available
17,Goal 17,Strengthen the means of implementation and revitalize the Global Partnership for Sustainable Development,17.15,Respect each country’s policy space and leadership to establish and implement policies for poverty eradication and sustainable development,C171501,17.15.1,II,"OECD, UNDP",Extent of use of country-owned results frameworks and planning tools by providers of development cooperation,2020.Q1.G.01,"['means of implementation', 'programme ownership', 'programme evaluation', 'results-based management']",SG_PLN_REPOLRES,Extent of use of country-owned results frameworks and planning tools by providers of development cooperation - data by recipient (%),598,Papua New Guinea,4,54,Melanesia,Country,145.8587761,-6.756057077,PNG,1,1,[2018],2018,2018,1,PT,Percentage,G,Global,67.5012489159902,67.5012489159902,,,,OECD and UNDP.,,_X: Data nature not available
17,Goal 17,Strengthen the means of implementation and revitalize the Global Partnership for Sustainable Development,17.15,Respect each country’s policy space and leadership to establish and implement policies for poverty eradication and sustainable development,C171501,17.15.1,II,"OECD, UNDP",Extent of use of country-owned results frameworks and planning tools by providers of development cooperation,2020.Q1.G.01,"['means of implementation', 'programme ownership', 'programme evaluation', 'results-based management']",SG_PLN_REPOLRES,Extent of use of country-owned results frameworks and planning tools by providers of development cooperation - data by recipient (%),600,Paraguay,5,5,South America,Country,-60.54854225,-21.70216237,PRY,1,1,[2018],2018,2018,1,PT,Percentage,G,Global,81.8342149257659,81.8342149257659,,,,OECD and UNDP.,,_X: Data nature not available
17,Goal 17,Strengthen the means of implementation and revitalize the Global Partnership for Sustainable Development,17.15,Respect each country’s policy space and leadership to establish and implement policies for poverty eradication and sustainable development,C171501,17.15.1,II,"OECD, UNDP",Extent of use of country-owned results frameworks and planning tools by providers of development cooperation,2020.Q1.G.01,"['means of implementation', 'programme ownership', 'programme evaluation', 'results-based management']",SG_PLN_REPOLRES,Extent of use of country-owned results frameworks and planning tools by providers of development cooperation - data by recipient (%),604,Peru,5,5,South America,Country,-71.82093277,-13.58939705,PER,1,1,[2018],2018,2018,1,PT,Percentage,G,Global,61.5515897671382,61.5515897671382,,,,OECD and UNDP.,,_X: Data nature not available
17,Goal 17,Strengthen the means of implementation and revitalize the Global Partnership for Sustainable Development,17.15,Respect each country’s policy space and leadership to establish and implement policies for poverty eradication and sustainable development,C171501,17.15.1,II,"OECD, UNDP",Extent of use of country-owned results frameworks and planning tools by providers of development cooperation,2020.Q1.G.01,"['means of implementation', 'programme ownership', 'programme evaluation', 'results-based management']",SG_PLN_REPOLRES,Extent of use of country-owned results frameworks and planning tools by providers of development cooperation - data by recipient (%),608,Philippines,4,35,South-Eastern Asia,Country,120.8601418,14.16591706,PHL,1,1,[2018],2018,2018,1,PT,Percentage,G,Global,67.8919096787771,67.8919096787771,,,,OECD and UNDP.,,_X: Data nature not available
17,Goal 17,Strengthen the means of implementation and revitalize the Global Partnership for Sustainable Development,17.15,Respect each country’s policy space and leadership to establish and implement policies for poverty eradication and sustainable development,C171501,17.15.1,II,"OECD, UNDP",Extent of use of country-owned results frameworks and planning tools by providers of development cooperation,2020.Q1.G.01,"['means of implementation', 'programme ownership', 'programme evaluation', 'results-based management']",SG_PLN_REPOLRES,Extent of use of country-owned results frameworks and planning tools by providers of development cooperation - data by recipient (%),624,Guinea-Bissau,5,11,Western Africa,Country,-14.40182514,12.11760394,GNB,1,1,[2018],2018,2018,1,PT,Percentage,G,Global,66.5197968482971,66.5197968482971,,,,OECD and UNDP.,,_X: Data nature not available
17,Goal 17,Strengthen the means of implementation and revitalize the Global Partnership for Sustainable Development,17.15,Respect each country’s policy space and leadership to establish and implement policies for poverty eradication and sustainable development,C171501,17.15.1,II,"OECD, UNDP",Extent of use of country-owned results frameworks and planning tools by providers of development cooperation,2020.Q1.G.01,"['means of implementation', 'programme ownership', 'programme evaluation', 'results-based management']",SG_PLN_REPOLRES,Extent of use of country-owned results frameworks and planning tools by providers of development cooperation - data by recipient (%),626,Timor-Leste,4,35,South-Eastern Asia,Country,125.9451052,-8.797497247,TLS,1,1,[2018],2018,2018,1,PT,Percentage,G,Global,64.4288768370946,64.4288768370946,,,,OECD and UNDP.,,_X: Data nature not available
17,Goal 17,Strengthen the means of implementation and revitalize the Global Partnership for Sustainable Development,17.15,Respect each country’s policy space and leadership to establish and implement policies for poverty eradication and sustainable development,C171501,17.15.1,II,"OECD, UNDP",Extent of use of country-owned results frameworks and planning tools by providers of development cooperation,2020.Q1.G.01,"['means of implementation', 'programme ownership', 'programme evaluation', 'results-based management']",SG_PLN_REPOLRES,Extent of use of country-owned results frameworks and planning tools by providers of development cooperation - data by recipient (%),64,Bhutan,4,34,Southern Asia,Country,90.45098484,27.39598568,BTN,1,1,[2018],2018,2018,1,PT,Percentage,G,Global,85.9112878640493,85.9112878640493,,,,OECD and UNDP.,,_X: Data nature not available
17,Goal 17,Strengthen the means of implementation and revitalize the Global Partnership for Sustainable Development,17.15,Respect each country’s policy space and leadership to establish and implement policies for poverty eradication and sustainable development,C171501,17.15.1,II,"OECD, UNDP",Extent of use of country-owned results frameworks and planning tools by providers of development cooperation,2020.Q1.G.01,"['means of implementation', 'programme ownership', 'programme evaluation', 'results-based management']",SG_PLN_REPOLRES,Extent of use of country-owned results frameworks and planning tools by providers of development cooperation - data by recipient (%),646,Rwanda,5,14,Eastern Africa,Country,29.92310194,-1.999842114,RWA,1,1,[2018],2018,2018,1,PT,Percentage,G,Global,82.757822672526,82.757822672526,,,,OECD and UNDP.,,_X: Data nature not available
17,Goal 17,Strengthen the means of implementation and revitalize the Global Partnership for Sustainable Development,17.15,Respect each country’s policy space and leadership to establish and implement policies for poverty eradication and sustainable development,C171501,17.15.1,II,"OECD, UNDP",Extent of use of country-owned results frameworks and planning tools by providers of development cooperation,2020.Q1.G.01,"['means of implementation', 'programme ownership', 'programme evaluation', 'results-based management']",SG_PLN_REPOLRES,Extent of use of country-owned results frameworks and planning tools by providers of development cooperation - data by recipient (%),662,Saint Lucia,5,29,Caribbean,Country,-60.96529553,13.89405601,LCA,1,1,[2018],2018,2018,1,PT,Percentage,G,Global,49.5192309220632,49.5192309220632,,,,OECD and UNDP.,,_X: Data nature not available
17,Goal 17,Strengthen the means of implementation and revitalize the Global Partnership for Sustainable Development,17.15,Respect each country’s policy space and leadership to establish and implement policies for poverty eradication and sustainable development,C171501,17.15.1,II,"OECD, UNDP",Extent of use of country-owned results frameworks and planning tools by providers of development cooperation,2020.Q1.G.01,"['means of implementation', 'programme ownership', 'programme evaluation', 'results-based management']",SG_PLN_REPOLRES,Extent of use of country-owned results frameworks and planning tools by providers of development cooperation - data by recipient (%),678,Sao Tome and Principe,5,17,Middle Africa,Country,6.609772265,0.241554875,STP,1,1,[2018],2018,2018,1,PT,Percentage,G,Global,56.9444447755813,56.9444447755813,,,,OECD and UNDP.,,_X: Data nature not available
17,Goal 17,Strengthen the means of implementation and revitalize the Global Partnership for Sustainable Development,17.15,Respect each country’s policy space and leadership to establish and implement policies for poverty eradication and sustainable development,C171501,17.15.1,II,"OECD, UNDP",Extent of use of country-owned results frameworks and planning tools by providers of development cooperation,2020.Q1.G.01,"['means of implementation', 'programme ownership', 'programme evaluation', 'results-based management']",SG_PLN_REPOLRES,Extent of use of country-owned results frameworks and planning tools by providers of development cooperation - data by recipient (%),686,Senegal,5,11,Western Africa,Country,-14.46636926,14.35920905,SEN,1,1,[2018],2018,2018,1,PT,Percentage,G,Global,68.8707033793131,68.8707033793131,,,,OECD and UNDP.,,_X: Data nature not available
17,Goal 17,Strengthen the means of implementation and revitalize the Global Partnership for Sustainable Development,17.15,Respect each country’s policy space and leadership to establish and implement policies for poverty eradication and sustainable development,C171501,17.15.1,II,"OECD, UNDP",Extent of use of country-owned results frameworks and planning tools by providers of development cooperation,2020.Q1.G.01,"['means of implementation', 'programme ownership', 'programme evaluation', 'results-based management']",SG_PLN_REPOLRES,Extent of use of country-owned results frameworks and planning tools by providers of development cooperation - data by recipient (%),690,Seychelles,5,14,Eastern Africa,Country,55.46561591,-4.678053059,SYC,1,1,[2018],2018,2018,1,PT,Percentage,G,Global,84.1880341370901,84.1880341370901,,,,OECD and UNDP.,,_X: Data nature not available
17,Goal 17,Strengthen the means of implementation and revitalize the Global Partnership for Sustainable Development,17.15,Respect each country’s policy space and leadership to establish and implement policies for poverty eradication and sustainable development,C171501,17.15.1,II,"OECD, UNDP",Extent of use of country-owned results frameworks and planning tools by providers of development cooperation,2020.Q1.G.01,"['means of implementation', 'programme ownership', 'programme evaluation', 'results-based management']",SG_PLN_REPOLRES,Extent of use of country-owned results frameworks and planning tools by providers of development cooperation - data by recipient (%),694,Sierra Leone,5,11,Western Africa,Country,-11.78306584,8.568604164,SLE,1,1,[2018],2018,2018,1,PT,Percentage,G,Global,49.3518521388372,49.3518521388372,,,,OECD and UNDP.,,_X: Data nature not available
17,Goal 17,Strengthen the means of implementation and revitalize the Global Partnership for Sustainable Development,17.15,Respect each country’s policy space and leadership to establish and implement policies for poverty eradication and sustainable development,C171501,17.15.1,II,"OECD, UNDP",Extent of use of country-owned results frameworks and planning tools by providers of development cooperation,2020.Q1.G.01,"['means of implementation', 'programme ownership', 'programme evaluation', 'results-based management']",SG_PLN_REPOLRES,Extent of use of country-owned results frameworks and planning tools by providers of development cooperation - data by recipient (%),70,Bosnia and Herzegovina,4,39,Southern Europe,Country,17.78584332,44.16845548,BIH,1,1,[2018],2018,2018,1,PT,Percentage,G,Global,33.8574563463529,33.8574563463529,,,,OECD and UNDP.,,_X: Data nature not available
17,Goal 17,Strengthen the means of implementation and revitalize the Global Partnership for Sustainable Development,17.15,Respect each country’s policy space and leadership to establish and implement policies for poverty eradication and sustainable development,C171501,17.15.1,II,"OECD, UNDP",Extent of use of country-owned results frameworks and planning tools by providers of development cooperation,2020.Q1.G.01,"['means of implementation', 'programme ownership', 'programme evaluation', 'results-based management']",SG_PLN_REPOLRES,Extent of use of country-owned results frameworks and planning tools by providers of development cooperation - data by recipient (%),704,Viet Nam,4,35,South-Eastern Asia,Country,105.802499,10.09643079,VNM,1,1,[2018],2018,2018,1,PT,Percentage,G,Global,65.7629628976186,65.7629628976186,,,,OECD and UNDP.,,_X: Data nature not available
17,Goal 17,Strengthen the means of implementation and revitalize the Global Partnership for Sustainable Development,17.15,Respect each country’s policy space and leadership to establish and implement policies for poverty eradication and sustainable development,C171501,17.15.1,II,"OECD, UNDP",Extent of use of country-owned results frameworks and planning tools by providers of development cooperation,2020.Q1.G.01,"['means of implementation', 'programme ownership', 'programme evaluation', 'results-based management']",SG_PLN_REPOLRES,Extent of use of country-owned results frameworks and planning tools by providers of development cooperation - data by recipient (%),706,Somalia,5,14,Eastern Africa,Country,46.20367477,4.406485729,SOM,1,1,[2018],2018,2018,1,PT,Percentage,G,Global,85.987655321757,85.987655321757,,,,OECD and UNDP.,,_X: Data nature not available
17,Goal 17,Strengthen the means of implementation and revitalize the Global Partnership for Sustainable Development,17.15,Respect each country’s policy space and leadership to establish and implement policies for poverty eradication and sustainable development,C171501,17.15.1,II,"OECD, UNDP",Extent of use of country-owned results frameworks and planning tools by providers of development cooperation,2020.Q1.G.01,"['means of implementation', 'programme ownership', 'programme evaluation', 'results-based management']",SG_PLN_REPOLRES,Extent of use of country-owned results frameworks and planning tools by providers of development cooperation - data by recipient (%),716,Zimbabwe,5,14,Eastern Africa,Country,29.86909584,-19.00075492,ZWE,1,1,[2018],2018,2018,1,PT,Percentage,G,Global,77.1942635377248,77.1942635377248,,,,OECD and UNDP.,,_X: Data nature not available
17,Goal 17,Strengthen the means of implementation and revitalize the Global Partnership for Sustainable Development,17.15,Respect each country’s policy space and leadership to establish and implement policies for poverty eradication and sustainable development,C171501,17.15.1,II,"OECD, UNDP",Extent of use of country-owned results frameworks and planning tools by providers of development cooperation,2020.Q1.G.01,"['means of implementation', 'programme ownership', 'programme evaluation', 'results-based management']",SG_PLN_REPOLRES,Extent of use of country-owned results frameworks and planning tools by providers of development cooperation - data by recipient (%),729,Sudan,4,15,Northern Africa,Country,29.95650159,16.02643066,SDN,0,1,[2018],2018,2018,1,PT,Percentage,G,Global,65.7562692960103,65.7562692960103,,,,OECD and UNDP.,,_X: Data nature not available
17,Goal 17,Strengthen the means of implementation and revitalize the Global Partnership for Sustainable Development,17.15,Respect each country’s policy space and leadership to establish and implement policies for poverty eradication and sustainable development,C171501,17.15.1,II,"OECD, UNDP",Extent of use of country-owned results frameworks and planning tools by providers of development cooperation,2020.Q1.G.01,"['means of implementation', 'programme ownership', 'programme evaluation', 'results-based management']",SG_PLN_REPOLRES,Extent of use of country-owned results frameworks and planning tools by providers of development cooperation - data by recipient (%),768,Togo,5,11,Western Africa,Country,0.97835765,8.532096072,TGO,1,1,[2018],2018,2018,1,PT,Percentage,G,Global,80.9171040852865,80.9171040852865,,,,OECD and UNDP.,,_X: Data nature not available
17,Goal 17,Strengthen the means of implementation and revitalize the Global Partnership for Sustainable Development,17.15,Respect each country’s policy space and leadership to establish and implement policies for poverty eradication and sustainable development,C171501,17.15.1,II,"OECD, UNDP",Extent of use of country-owned results frameworks and planning tools by providers of development cooperation,2020.Q1.G.01,"['means of implementation', 'programme ownership', 'programme evaluation', 'results-based management']",SG_PLN_REPOLRES,Extent of use of country-owned results frameworks and planning tools by providers of development cooperation - data by recipient (%),776,Tonga,4,61,Polynesia,Country,-175.1959991,-21.19511329,TON,1,1,[2018],2018,2018,1,PT,Percentage,G,Global,76.1904766162237,76.1904766162237,,,,OECD and UNDP.,,_X: Data nature not available
17,Goal 17,Strengthen the means of implementation and revitalize the Global Partnership for Sustainable Development,17.15,Respect each country’s policy space and leadership to establish and implement policies for poverty eradication and sustainable development,C171501,17.15.1,II,"OECD, UNDP",Extent of use of country-owned results frameworks and planning tools by providers of development cooperation,2020.Q1.G.01,"['means of implementation', 'programme ownership', 'programme evaluation', 'results-based management']",SG_PLN_REPOLRES,Extent of use of country-owned results frameworks and planning tools by providers of development cooperation - data by recipient (%),780,Trinidad and Tobago,5,29,Caribbean,Country,-61.29389504,10.41877263,TTO,1,1,[2018],2018,2018,1,PT,Percentage,G,Global,66.6666666666667,66.6666666666667,,,,OECD and UNDP.,,_X: Data nature not available
17,Goal 17,Strengthen the means of implementation and revitalize the Global Partnership for Sustainable Development,17.15,Respect each country’s policy space and leadership to establish and implement policies for poverty eradication and sustainable development,C171501,17.15.1,II,"OECD, UNDP",Extent of use of country-owned results frameworks and planning tools by providers of development cooperation,2020.Q1.G.01,"['means of implementation', 'programme ownership', 'programme evaluation', 'results-based management']",SG_PLN_REPOLRES,Extent of use of country-owned results frameworks and planning tools by providers of development cooperation - data by recipient (%),798,Tuvalu,4,61,Polynesia,Country,178.6679611,-7.460048071,TUV,1,1,[2018],2018,2018,1,PT,Percentage,G,Global,53.4050186475118,53.4050186475118,,,,OECD and UNDP.,,_X: Data nature not available
17,Goal 17,Strengthen the means of implementation and revitalize the Global Partnership for Sustainable Development,17.15,Respect each country’s policy space and leadership to establish and implement policies for poverty eradication and sustainable development,C171501,17.15.1,II,"OECD, UNDP",Extent of use of country-owned results frameworks and planning tools by providers of development cooperation,2020.Q1.G.01,"['means of implementation', 'programme ownership', 'programme evaluation', 'results-based management']",SG_PLN_REPOLRES,Extent of use of country-owned results frameworks and planning tools by providers of development cooperation - data by recipient (%),8,Albania,4,39,Southern Europe,Country,20.06660928,41.13897007,ALB,1,1,[2018],2018,2018,1,PT,Percentage,G,Global,68.9862966537475,68.9862966537475,,,,OECD and UNDP.,,_X: Data nature not available
17,Goal 17,Strengthen the means of implementation and revitalize the Global Partnership for Sustainable Development,17.15,Respect each country’s policy space and leadership to establish and implement policies for poverty eradication and sustainable development,C171501,17.15.1,II,"OECD, UNDP",Extent of use of country-owned results frameworks and planning tools by providers of development cooperation,2020.Q1.G.01,"['means of implementation', 'programme ownership', 'programme evaluation', 'results-based management']",SG_PLN_REPOLRES,Extent of use of country-owned results frameworks and planning tools by providers of development cooperation - data by recipient (%),800,Uganda,5,14,Eastern Africa,Country,32.39100438,1.279557331,UGA,1,1,[2018],2018,2018,1,PT,Percentage,G,Global,56.3361207644145,56.3361207644145,,,,OECD and UNDP.,,_X: Data nature not available
17,Goal 17,Strengthen the means of implementation and revitalize the Global Partnership for Sustainable Development,17.15,Respect each country’s policy space and leadership to establish and implement policies for poverty eradication and sustainable development,C171501,17.15.1,II,"OECD, UNDP",Extent of use of country-owned results frameworks and planning tools by providers of development cooperation,2020.Q1.G.01,"['means of implementation', 'programme ownership', 'programme evaluation', 'results-based management']",SG_PLN_REPOLRES,Extent of use of country-owned results frameworks and planning tools by providers of development cooperation - data by recipient (%),818,Egypt,4,15,Northern Africa,Country,29.77468534,26.57438204,EGY,1,1,[2018],2018,2018,1,PT,Percentage,G,Global,72.9115227858225,72.9115227858225,,,,OECD and UNDP.,,_X: Data nature not available
17,Goal 17,Strengthen the means of implementation and revitalize the Global Partnership for Sustainable Development,17.15,Respect each country’s policy space and leadership to establish and implement policies for poverty eradication and sustainable development,C171501,17.15.1,II,"OECD, UNDP",Extent of use of country-owned results frameworks and planning tools by providers of development cooperation,2020.Q1.G.01,"['means of implementation', 'programme ownership', 'programme evaluation', 'results-based management']",SG_PLN_REPOLRES,Extent of use of country-owned results frameworks and planning tools by providers of development cooperation - data by recipient (%),834,United Republic of Tanzania,5,14,Eastern Africa,Country,34.80521182,-6.265332606,TZA,1,1,[2018],2018,2018,1,PT,Percentage,G,Global,59.8602632681529,59.8602632681529,,,,OECD and UNDP.,,_X: Data nature not available
17,Goal 17,Strengthen the means of implementation and revitalize the Global Partnership for Sustainable Development,17.15,Respect each country’s policy space and leadership to establish and implement policies for poverty eradication and sustainable development,C171501,17.15.1,II,"OECD, UNDP",Extent of use of country-owned results frameworks and planning tools by providers of development cooperation,2020.Q1.G.01,"['means of implementation', 'programme ownership', 'programme evaluation', 'results-based management']",SG_PLN_REPOLRES,Extent of use of country-owned results frameworks and planning tools by providers of development cooperation - data by recipient (%),854,Burkina Faso,5,11,Western Africa,Country,-1.742843829,12.27491081,BFA,1,1,[2018],2018,2018,1,PT,Percentage,G,Global,71.3476498921712,71.3476498921712,,,,OECD and UNDP.,,_X: Data nature not available
17,Goal 17,Strengthen the means of implementation and revitalize the Global Partnership for Sustainable Development,17.15,Respect each country’s policy space and leadership to establish and implement policies for poverty eradication and sustainable development,C171501,17.15.1,II,"OECD, UNDP",Extent of use of country-owned results frameworks and planning tools by providers of development cooperation,2020.Q1.G.01,"['means of implementation', 'programme ownership', 'programme evaluation', 'results-based management']",SG_PLN_REPOLRES,Extent of use of country-owned results frameworks and planning tools by providers of development cooperation - data by recipient (%),882,Samoa,4,61,Polynesia,Country,-172.4430749,-13.61541469,WSM,1,1,[2018],2018,2018,1,PT,Percentage,G,Global,77.7777781089147,77.7777781089147,,,,OECD and UNDP.,,_X: Data nature not available
17,Goal 17,Strengthen the means of implementation and revitalize the Global Partnership for Sustainable Development,17.15,Respect each country’s policy space and leadership to establish and implement policies for poverty eradication and sustainable development,C171501,17.15.1,II,"OECD, UNDP",Extent of use of country-owned results frameworks and planning tools by providers of development cooperation,2020.Q1.G.01,"['means of implementation', 'programme ownership', 'programme evaluation', 'results-based management']",SG_PLN_REPOLRES,Extent of use of country-owned results frameworks and planning tools by providers of development cooperation - data by recipient (%),887,Yemen,4,145,Western Asia,Country,45.22389143,15.22242099,YEM,1,1,[2018],2018,2018,1,PT,Percentage,G,Global,47.1253176530202,47.1253176530202,,,,OECD and UNDP.,,_X: Data nature not available
17,Goal 17,Strengthen the means of implementation and revitalize the Global Partnership for Sustainable Development,17.15,Respect each country’s policy space and leadership to establish and implement policies for poverty eradication and sustainable development,C171501,17.15.1,II,"OECD, UNDP",Extent of use of country-owned results frameworks and planning tools by providers of development cooperation,2020.Q1.G.01,"['means of implementation', 'programme ownership', 'programme evaluation', 'results-based management']",SG_PLN_REPOLRES,Extent of use of country-owned results frameworks and planning tools by providers of development cooperation - data by recipient (%),90,Solomon Islands,4,54,Melanesia,Country,160.1584117,-9.622391719,SLB,1,1,[2018],2018,2018,1,PT,Percentage,G,Global,15.7925414542357,15.7925414542357,,,,OECD and UNDP.,,_X: Data nature not available
