goal_code,goal_labelEN,goal_descEN,target_code,target_descEN,indicator_code,indicator_reference,indicator_tier,indicator_custodians,indicator_descEN,series_release,series_tags,series,seriesDescription,geoAreaCode,geoAreaName,level,parentCode,parentName,type,X,Y,ISO3,UN_Member,Country_Profile,sex_code,sex_desc,years,min_year,max_year,n_years,unitsCode,unitsDesc,reportingTypeCode,reportingTypeDesc,value_2004,value_2006,value_2007,value_2008,value_2009,value_2010,value_2011,value_2012,value_2013,value_2014,value_2015,value_2016,value_2017,latest_value,basePeriod,valueDetails,footnotes,sources,timeDetails,nature
16,Goal 16,"Promote peaceful and inclusive societies for sustainable development, provide access to justice for all and build effective, accountable and inclusive institutions at all levels",16.1,Significantly reduce all forms of violence and related death rates everywhere,C160103,16.1.3,II,UNODC,"Proportion of population subjected to (a) physical violence, (b) psychological violence and (c) sexual violence in the previous 12 months",2020.Q1.G.01,"['violence', 'crime']",VC_VOV_ROBB,"Proportion of population subjected to robbery in the previous 12 months, by sex (%)",124,Canada,4,21,Northern America,Country,-101.6575058,57.72360191,CAN,1,1,_T,Both sexes,"[2004, 2009, 2014]",2004,2014,3,PT,Percentage,G,Global,1.1,,,,1.3,,,,,0.6,,,,0.6,,,"Population aged 15 years and older. Source: Statistics Canada, General Social Survey, 2014.",United Nations Office on Drugs and Crime (UNODC),,C: Country data
16,Goal 16,"Promote peaceful and inclusive societies for sustainable development, provide access to justice for all and build effective, accountable and inclusive institutions at all levels",16.1,Significantly reduce all forms of violence and related death rates everywhere,C160103,16.1.3,II,UNODC,"Proportion of population subjected to (a) physical violence, (b) psychological violence and (c) sexual violence in the previous 12 months",2020.Q1.G.01,"['violence', 'crime']",VC_VOV_ROBB,"Proportion of population subjected to robbery in the previous 12 months, by sex (%)",124,Canada,4,21,Northern America,Country,-101.6575058,57.72360191,CAN,1,1,M,Male,[2014],2014,2014,1,PT,Percentage,G,Global,,,,,,,,,,0.8,,,,0.8,,,"Population aged 15 years and older. Source: Statistics Canada, General Social Survey, 2014.",United Nations Office on Drugs and Crime (UNODC),,C: Country data
16,Goal 16,"Promote peaceful and inclusive societies for sustainable development, provide access to justice for all and build effective, accountable and inclusive institutions at all levels",16.1,Significantly reduce all forms of violence and related death rates everywhere,C160103,16.1.3,II,UNODC,"Proportion of population subjected to (a) physical violence, (b) psychological violence and (c) sexual violence in the previous 12 months",2020.Q1.G.01,"['violence', 'crime']",VC_VOV_ROBB,"Proportion of population subjected to robbery in the previous 12 months, by sex (%)",124,Canada,4,21,Northern America,Country,-101.6575058,57.72360191,CAN,1,1,F,Female,[2014],2014,2014,1,PT,Percentage,G,Global,,,,,,,,,,0.5,,,,0.5,,,"Population aged 15 years and older. Source: Statistics Canada, General Social Survey, 2014.",United Nations Office on Drugs and Crime (UNODC),,C: Country data
16,Goal 16,"Promote peaceful and inclusive societies for sustainable development, provide access to justice for all and build effective, accountable and inclusive institutions at all levels",16.1,Significantly reduce all forms of violence and related death rates everywhere,C160103,16.1.3,II,UNODC,"Proportion of population subjected to (a) physical violence, (b) psychological violence and (c) sexual violence in the previous 12 months",2020.Q1.G.01,"['violence', 'crime']",VC_VOV_ROBB,"Proportion of population subjected to robbery in the previous 12 months, by sex (%)",152,Chile,5,5,South America,Country,-71.23029019,-35.2652885,CHL,1,1,_T,Both sexes,"[2006, 2007, 2008, 2009, 2010, 2011, 2012, 2013, 2014, 2015, 2016, 2017]",2006,2017,12,PT,Percentage,G,Global,,2.9,3.0,2.4,2.4,2.2,2.3,1.9,3.2,4.0,4.2,4.1,4.4,4.4,,,Including theft with violence or threat. Excluding attempts.,United Nations Office on Drugs and Crime (UNODC),,C: Country data
16,Goal 16,"Promote peaceful and inclusive societies for sustainable development, provide access to justice for all and build effective, accountable and inclusive institutions at all levels",16.1,Significantly reduce all forms of violence and related death rates everywhere,C160103,16.1.3,II,UNODC,"Proportion of population subjected to (a) physical violence, (b) psychological violence and (c) sexual violence in the previous 12 months",2020.Q1.G.01,"['violence', 'crime']",VC_VOV_ROBB,"Proportion of population subjected to robbery in the previous 12 months, by sex (%)",152,Chile,5,5,South America,Country,-71.23029019,-35.2652885,CHL,1,1,F,Female,"[2006, 2007, 2008, 2009, 2010, 2011, 2012, 2013, 2014, 2015, 2016, 2017]",2006,2017,12,PT,Percentage,G,Global,,2.0,1.8,1.5,1.5,1.8,1.8,1.7,1.2,1.5,5.0,4.3,4.9,4.9,,,Including theft with violence or threat. Excluding attempts.,United Nations Office on Drugs and Crime (UNODC),,C: Country data
16,Goal 16,"Promote peaceful and inclusive societies for sustainable development, provide access to justice for all and build effective, accountable and inclusive institutions at all levels",16.1,Significantly reduce all forms of violence and related death rates everywhere,C160103,16.1.3,II,UNODC,"Proportion of population subjected to (a) physical violence, (b) psychological violence and (c) sexual violence in the previous 12 months",2020.Q1.G.01,"['violence', 'crime']",VC_VOV_ROBB,"Proportion of population subjected to robbery in the previous 12 months, by sex (%)",152,Chile,5,5,South America,Country,-71.23029019,-35.2652885,CHL,1,1,M,Male,"[2006, 2007, 2008, 2009, 2010, 2011, 2012, 2013, 2014, 2015, 2016, 2017]",2006,2017,12,PT,Percentage,G,Global,,0.9,1.2,0.9,0.8,2.7,2.8,2.2,2.3,2.1,3.4,3.9,3.9,3.9,,,Including theft with violence or threat. Excluding attempts.,United Nations Office on Drugs and Crime (UNODC),,C: Country data
16,Goal 16,"Promote peaceful and inclusive societies for sustainable development, provide access to justice for all and build effective, accountable and inclusive institutions at all levels",16.1,Significantly reduce all forms of violence and related death rates everywhere,C160103,16.1.3,II,UNODC,"Proportion of population subjected to (a) physical violence, (b) psychological violence and (c) sexual violence in the previous 12 months",2020.Q1.G.01,"['violence', 'crime']",VC_VOV_ROBB,"Proportion of population subjected to robbery in the previous 12 months, by sex (%)",170,Colombia,5,5,South America,Country,-73.07446751,3.888209046,COL,1,1,_T,Both sexes,"[2012, 2013, 2014, 2015, 2016]",2012,2016,5,PT,Percentage,G,Global,,,,,,,,13.2,11.4,11.2,10.5,7.1,,7.1,,,2012-2015: Includes robbery and theft (theft with and without violence). Excluding attempts. 2016: Includes only robbery with violence. The comparable rate of robbery plus theft in 2016 is 11.3% Source: DANE,United Nations Office on Drugs and Crime (UNODC),,C: Country data
16,Goal 16,"Promote peaceful and inclusive societies for sustainable development, provide access to justice for all and build effective, accountable and inclusive institutions at all levels",16.1,Significantly reduce all forms of violence and related death rates everywhere,C160103,16.1.3,II,UNODC,"Proportion of population subjected to (a) physical violence, (b) psychological violence and (c) sexual violence in the previous 12 months",2020.Q1.G.01,"['violence', 'crime']",VC_VOV_ROBB,"Proportion of population subjected to robbery in the previous 12 months, by sex (%)",170,Colombia,5,5,South America,Country,-73.07446751,3.888209046,COL,1,1,F,Female,"[2012, 2013, 2014, 2015]",2012,2015,4,PT,Percentage,G,Global,,,,,,,,12.8,11.2,10.9,10.9,,,10.9,,,2012-2015: Includes robbery and theft (theft with and without violence). Excluding attempts. 2016: Includes only robbery with violence. The comparable rate of robbery plus theft in 2016 is 11.3% Source: DANE,United Nations Office on Drugs and Crime (UNODC),,C: Country data
16,Goal 16,"Promote peaceful and inclusive societies for sustainable development, provide access to justice for all and build effective, accountable and inclusive institutions at all levels",16.1,Significantly reduce all forms of violence and related death rates everywhere,C160103,16.1.3,II,UNODC,"Proportion of population subjected to (a) physical violence, (b) psychological violence and (c) sexual violence in the previous 12 months",2020.Q1.G.01,"['violence', 'crime']",VC_VOV_ROBB,"Proportion of population subjected to robbery in the previous 12 months, by sex (%)",170,Colombia,5,5,South America,Country,-73.07446751,3.888209046,COL,1,1,M,Male,"[2012, 2013, 2014, 2015]",2012,2015,4,PT,Percentage,G,Global,,,,,,,,13.6,11.6,11.5,10.1,,,10.1,,,2012-2015: Includes robbery and theft (theft with and without violence). Excluding attempts. 2016: Includes only robbery with violence. The comparable rate of robbery plus theft in 2016 is 11.3% Source: DANE,United Nations Office on Drugs and Crime (UNODC),,C: Country data
16,Goal 16,"Promote peaceful and inclusive societies for sustainable development, provide access to justice for all and build effective, accountable and inclusive institutions at all levels",16.1,Significantly reduce all forms of violence and related death rates everywhere,C160103,16.1.3,II,UNODC,"Proportion of population subjected to (a) physical violence, (b) psychological violence and (c) sexual violence in the previous 12 months",2020.Q1.G.01,"['violence', 'crime']",VC_VOV_ROBB,"Proportion of population subjected to robbery in the previous 12 months, by sex (%)",188,Costa Rica,5,13,Central America,Country,-84.19712782,9.970998683,CRI,1,1,_T,Both sexes,"[2008, 2010, 2014]",2008,2014,3,PT,Percentage,G,Global,,,,15.8,,13.0,,,,12.9,,,,12.9,,,Includes theft with and without violence. Excludes attempts. Survey asks about victimization of all members of the household for all crimes.,United Nations Office on Drugs and Crime (UNODC),,C: Country data
16,Goal 16,"Promote peaceful and inclusive societies for sustainable development, provide access to justice for all and build effective, accountable and inclusive institutions at all levels",16.1,Significantly reduce all forms of violence and related death rates everywhere,C160103,16.1.3,II,UNODC,"Proportion of population subjected to (a) physical violence, (b) psychological violence and (c) sexual violence in the previous 12 months",2020.Q1.G.01,"['violence', 'crime']",VC_VOV_ROBB,"Proportion of population subjected to robbery in the previous 12 months, by sex (%)",191,Croatia,4,39,Southern Europe,Country,17.95874553,45.45172212,HRV,1,1,_T,Both sexes,"[2008, 2010]",2008,2010,2,PT,Percentage,G,Global,,,,0.4,,0.9,,,,,,,,0.9,,,UN-CTS = United Nations Survey of Crime Trends and Criminal Justice Operations,United Nations Office on Drugs and Crime (UNODC),,C: Country data
16,Goal 16,"Promote peaceful and inclusive societies for sustainable development, provide access to justice for all and build effective, accountable and inclusive institutions at all levels",16.1,Significantly reduce all forms of violence and related death rates everywhere,C160103,16.1.3,II,UNODC,"Proportion of population subjected to (a) physical violence, (b) psychological violence and (c) sexual violence in the previous 12 months",2020.Q1.G.01,"['violence', 'crime']",VC_VOV_ROBB,"Proportion of population subjected to robbery in the previous 12 months, by sex (%)",208,Denmark,4,154,Northern Europe,Country,9.326571283,56.03829721,DNK,1,1,_T,Both sexes,"[2008, 2009, 2010, 2011, 2012, 2013, 2014]",2008,2014,7,PT,Percentage,G,Global,,,,0.8,1.1,1.1,0.8,0.9,0.8,0.8,,,,0.8,,,UN-CTS = United Nations Survey of Crime Trends and Criminal Justice Operations,United Nations Office on Drugs and Crime (UNODC),,C: Country data
16,Goal 16,"Promote peaceful and inclusive societies for sustainable development, provide access to justice for all and build effective, accountable and inclusive institutions at all levels",16.1,Significantly reduce all forms of violence and related death rates everywhere,C160103,16.1.3,II,UNODC,"Proportion of population subjected to (a) physical violence, (b) psychological violence and (c) sexual violence in the previous 12 months",2020.Q1.G.01,"['violence', 'crime']",VC_VOV_ROBB,"Proportion of population subjected to robbery in the previous 12 months, by sex (%)",208,Denmark,4,154,Northern Europe,Country,9.326571283,56.03829721,DNK,1,1,M,Male,"[2008, 2010, 2011, 2012, 2013, 2014]",2008,2014,6,PT,Percentage,G,Global,,,,0.9,,0.8,0.9,1.0,0.8,0.8,,,,0.8,,,UN-CTS = United Nations Survey of Crime Trends and Criminal Justice Operations,United Nations Office on Drugs and Crime (UNODC),,C: Country data
16,Goal 16,"Promote peaceful and inclusive societies for sustainable development, provide access to justice for all and build effective, accountable and inclusive institutions at all levels",16.1,Significantly reduce all forms of violence and related death rates everywhere,C160103,16.1.3,II,UNODC,"Proportion of population subjected to (a) physical violence, (b) psychological violence and (c) sexual violence in the previous 12 months",2020.Q1.G.01,"['violence', 'crime']",VC_VOV_ROBB,"Proportion of population subjected to robbery in the previous 12 months, by sex (%)",208,Denmark,4,154,Northern Europe,Country,9.326571283,56.03829721,DNK,1,1,F,Female,"[2008, 2009, 2010, 2011, 2012, 2013, 2014]",2008,2014,7,PT,Percentage,G,Global,,,,0.8,1.1,1.4,0.7,0.7,0.8,0.8,,,,0.8,,,UN-CTS = United Nations Survey of Crime Trends and Criminal Justice Operations,United Nations Office on Drugs and Crime (UNODC),,C: Country data
16,Goal 16,"Promote peaceful and inclusive societies for sustainable development, provide access to justice for all and build effective, accountable and inclusive institutions at all levels",16.1,Significantly reduce all forms of violence and related death rates everywhere,C160103,16.1.3,II,UNODC,"Proportion of population subjected to (a) physical violence, (b) psychological violence and (c) sexual violence in the previous 12 months",2020.Q1.G.01,"['violence', 'crime']",VC_VOV_ROBB,"Proportion of population subjected to robbery in the previous 12 months, by sex (%)",218,Ecuador,5,5,South America,Country,-78.37005241,-1.447785891,ECU,1,1,_T,Both sexes,[2011],2011,2011,1,PT,Percentage,G,Global,,,,,,,13.8,,,,,,,13.8,,,It is called theft from the person,United Nations Office on Drugs and Crime (UNODC),,C: Country data
16,Goal 16,"Promote peaceful and inclusive societies for sustainable development, provide access to justice for all and build effective, accountable and inclusive institutions at all levels",16.1,Significantly reduce all forms of violence and related death rates everywhere,C160103,16.1.3,II,UNODC,"Proportion of population subjected to (a) physical violence, (b) psychological violence and (c) sexual violence in the previous 12 months",2020.Q1.G.01,"['violence', 'crime']",VC_VOV_ROBB,"Proportion of population subjected to robbery in the previous 12 months, by sex (%)",218,Ecuador,5,5,South America,Country,-78.37005241,-1.447785891,ECU,1,1,M,Male,[2011],2011,2011,1,PT,Percentage,G,Global,,,,,,,15.3,,,,,,,15.3,,,It is called theft from the person,United Nations Office on Drugs and Crime (UNODC),,C: Country data
16,Goal 16,"Promote peaceful and inclusive societies for sustainable development, provide access to justice for all and build effective, accountable and inclusive institutions at all levels",16.1,Significantly reduce all forms of violence and related death rates everywhere,C160103,16.1.3,II,UNODC,"Proportion of population subjected to (a) physical violence, (b) psychological violence and (c) sexual violence in the previous 12 months",2020.Q1.G.01,"['violence', 'crime']",VC_VOV_ROBB,"Proportion of population subjected to robbery in the previous 12 months, by sex (%)",218,Ecuador,5,5,South America,Country,-78.37005241,-1.447785891,ECU,1,1,F,Female,[2011],2011,2011,1,PT,Percentage,G,Global,,,,,,,12.6,,,,,,,12.6,,,It is called theft from the person,United Nations Office on Drugs and Crime (UNODC),,C: Country data
16,Goal 16,"Promote peaceful and inclusive societies for sustainable development, provide access to justice for all and build effective, accountable and inclusive institutions at all levels",16.1,Significantly reduce all forms of violence and related death rates everywhere,C160103,16.1.3,II,UNODC,"Proportion of population subjected to (a) physical violence, (b) psychological violence and (c) sexual violence in the previous 12 months",2020.Q1.G.01,"['violence', 'crime']",VC_VOV_ROBB,"Proportion of population subjected to robbery in the previous 12 months, by sex (%)",233,Estonia,4,154,Northern Europe,Country,25.84093481,58.68487172,EST,1,1,_T,Both sexes,"[2004, 2009]",2004,2009,2,PT,Percentage,G,Global,1.8,,,,2.1,,,,,,,,,2.1,,,UN-CTS = United Nations Survey of Crime Trends and Criminal Justice Operations,United Nations Office on Drugs and Crime (UNODC),,C: Country data
16,Goal 16,"Promote peaceful and inclusive societies for sustainable development, provide access to justice for all and build effective, accountable and inclusive institutions at all levels",16.1,Significantly reduce all forms of violence and related death rates everywhere,C160103,16.1.3,II,UNODC,"Proportion of population subjected to (a) physical violence, (b) psychological violence and (c) sexual violence in the previous 12 months",2020.Q1.G.01,"['violence', 'crime']",VC_VOV_ROBB,"Proportion of population subjected to robbery in the previous 12 months, by sex (%)",250,France,4,155,Western Europe,Country,2.457288129,46.62660861,FRA,1,1,_T,Both sexes,"[2007, 2008, 2009, 2010, 2011, 2012, 2013, 2014, 2015, 2016, 2017]",2007,2017,11,PT,Percentage,G,Global,,,0.7,0.6,0.4,0.6,0.6,0.5,0.6,0.7,0.4,0.5,0.4,0.4,,,Refers to robbery and robbery attempts for persons over 14 years old. Excluding robbery related to vehicles and residences.,United Nations Office on Drugs and Crime (UNODC),,C: Country data
16,Goal 16,"Promote peaceful and inclusive societies for sustainable development, provide access to justice for all and build effective, accountable and inclusive institutions at all levels",16.1,Significantly reduce all forms of violence and related death rates everywhere,C160103,16.1.3,II,UNODC,"Proportion of population subjected to (a) physical violence, (b) psychological violence and (c) sexual violence in the previous 12 months",2020.Q1.G.01,"['violence', 'crime']",VC_VOV_ROBB,"Proportion of population subjected to robbery in the previous 12 months, by sex (%)",250,France,4,155,Western Europe,Country,2.457288129,46.62660861,FRA,1,1,M,Male,"[2007, 2008, 2009, 2010, 2011, 2012, 2013, 2014, 2015]",2007,2015,9,PT,Percentage,G,Global,,,0.9,0.9,0.6,0.7,0.6,0.7,0.6,0.7,0.3,,,0.3,,,Refers to robbery and robbery attempts for persons over 14 years old. Excluding robbery related to vehicles and residences.,United Nations Office on Drugs and Crime (UNODC),,C: Country data
16,Goal 16,"Promote peaceful and inclusive societies for sustainable development, provide access to justice for all and build effective, accountable and inclusive institutions at all levels",16.1,Significantly reduce all forms of violence and related death rates everywhere,C160103,16.1.3,II,UNODC,"Proportion of population subjected to (a) physical violence, (b) psychological violence and (c) sexual violence in the previous 12 months",2020.Q1.G.01,"['violence', 'crime']",VC_VOV_ROBB,"Proportion of population subjected to robbery in the previous 12 months, by sex (%)",250,France,4,155,Western Europe,Country,2.457288129,46.62660861,FRA,1,1,F,Female,"[2007, 2008, 2009, 2010, 2011, 2012, 2013, 2014, 2015]",2007,2015,9,PT,Percentage,G,Global,,,0.4,0.3,0.3,0.5,0.6,0.4,0.6,0.8,0.5,,,0.5,,,Refers to robbery and robbery attempts for persons over 14 years old. Excluding robbery related to vehicles and residences.,United Nations Office on Drugs and Crime (UNODC),,C: Country data
16,Goal 16,"Promote peaceful and inclusive societies for sustainable development, provide access to justice for all and build effective, accountable and inclusive institutions at all levels",16.1,Significantly reduce all forms of violence and related death rates everywhere,C160103,16.1.3,II,UNODC,"Proportion of population subjected to (a) physical violence, (b) psychological violence and (c) sexual violence in the previous 12 months",2020.Q1.G.01,"['violence', 'crime']",VC_VOV_ROBB,"Proportion of population subjected to robbery in the previous 12 months, by sex (%)",268,Georgia,4,145,Western Asia,Country,43.3713615,42.04813028,GEO,1,1,_T,Both sexes,[2010],2010,2010,1,PT,Percentage,G,Global,,,,,,0.2,,,,,,,,0.2,,,UN-CTS = United Nations Survey of Crime Trends and Criminal Justice Operations,United Nations Office on Drugs and Crime (UNODC),,C: Country data
16,Goal 16,"Promote peaceful and inclusive societies for sustainable development, provide access to justice for all and build effective, accountable and inclusive institutions at all levels",16.1,Significantly reduce all forms of violence and related death rates everywhere,C160103,16.1.3,II,UNODC,"Proportion of population subjected to (a) physical violence, (b) psychological violence and (c) sexual violence in the previous 12 months",2020.Q1.G.01,"['violence', 'crime']",VC_VOV_ROBB,"Proportion of population subjected to robbery in the previous 12 months, by sex (%)",268,Georgia,4,145,Western Asia,Country,43.3713615,42.04813028,GEO,1,1,F,Female,[2010],2010,2010,1,PT,Percentage,G,Global,,,,,,0.2,,,,,,,,0.2,,,UN-CTS = United Nations Survey of Crime Trends and Criminal Justice Operations,United Nations Office on Drugs and Crime (UNODC),,C: Country data
16,Goal 16,"Promote peaceful and inclusive societies for sustainable development, provide access to justice for all and build effective, accountable and inclusive institutions at all levels",16.1,Significantly reduce all forms of violence and related death rates everywhere,C160103,16.1.3,II,UNODC,"Proportion of population subjected to (a) physical violence, (b) psychological violence and (c) sexual violence in the previous 12 months",2020.Q1.G.01,"['violence', 'crime']",VC_VOV_ROBB,"Proportion of population subjected to robbery in the previous 12 months, by sex (%)",275,State of Palestine,4,145,Western Asia,Country,35.25694122,31.94347933,PSE,0,1,_T,Both sexes,"[2004, 2008, 2012, 2016]",2004,2016,4,PT,Percentage,G,Global,1.6,,,2.6,,,,3.9,,,,4.2,,4.2,,,UN-CTS = United Nations Survey of Crime Trends and Criminal Justice Operations,United Nations Office on Drugs and Crime (UNODC),,C: Country data
16,Goal 16,"Promote peaceful and inclusive societies for sustainable development, provide access to justice for all and build effective, accountable and inclusive institutions at all levels",16.1,Significantly reduce all forms of violence and related death rates everywhere,C160103,16.1.3,II,UNODC,"Proportion of population subjected to (a) physical violence, (b) psychological violence and (c) sexual violence in the previous 12 months",2020.Q1.G.01,"['violence', 'crime']",VC_VOV_ROBB,"Proportion of population subjected to robbery in the previous 12 months, by sex (%)",276,Germany,4,155,Western Europe,Country,10.3806066,51.08862743,DEU,1,1,_T,Both sexes,[2012],2012,2012,1,PT,Percentage,G,Global,,,,,,,,0.7,,,,,,0.7,,,UN-CTS = United Nations Survey of Crime Trends and Criminal Justice Operations,United Nations Office on Drugs and Crime (UNODC),,C: Country data
16,Goal 16,"Promote peaceful and inclusive societies for sustainable development, provide access to justice for all and build effective, accountable and inclusive institutions at all levels",16.1,Significantly reduce all forms of violence and related death rates everywhere,C160103,16.1.3,II,UNODC,"Proportion of population subjected to (a) physical violence, (b) psychological violence and (c) sexual violence in the previous 12 months",2020.Q1.G.01,"['violence', 'crime']",VC_VOV_ROBB,"Proportion of population subjected to robbery in the previous 12 months, by sex (%)",276,Germany,4,155,Western Europe,Country,10.3806066,51.08862743,DEU,1,1,M,Male,[2012],2012,2012,1,PT,Percentage,G,Global,,,,,,,,0.8,,,,,,0.8,,,UN-CTS = United Nations Survey of Crime Trends and Criminal Justice Operations,United Nations Office on Drugs and Crime (UNODC),,C: Country data
16,Goal 16,"Promote peaceful and inclusive societies for sustainable development, provide access to justice for all and build effective, accountable and inclusive institutions at all levels",16.1,Significantly reduce all forms of violence and related death rates everywhere,C160103,16.1.3,II,UNODC,"Proportion of population subjected to (a) physical violence, (b) psychological violence and (c) sexual violence in the previous 12 months",2020.Q1.G.01,"['violence', 'crime']",VC_VOV_ROBB,"Proportion of population subjected to robbery in the previous 12 months, by sex (%)",276,Germany,4,155,Western Europe,Country,10.3806066,51.08862743,DEU,1,1,F,Female,[2012],2012,2012,1,PT,Percentage,G,Global,,,,,,,,0.6,,,,,,0.6,,,UN-CTS = United Nations Survey of Crime Trends and Criminal Justice Operations,United Nations Office on Drugs and Crime (UNODC),,C: Country data
16,Goal 16,"Promote peaceful and inclusive societies for sustainable development, provide access to justice for all and build effective, accountable and inclusive institutions at all levels",16.1,Significantly reduce all forms of violence and related death rates everywhere,C160103,16.1.3,II,UNODC,"Proportion of population subjected to (a) physical violence, (b) psychological violence and (c) sexual violence in the previous 12 months",2020.Q1.G.01,"['violence', 'crime']",VC_VOV_ROBB,"Proportion of population subjected to robbery in the previous 12 months, by sex (%)",32,Argentina,5,5,South America,Country,-65.14563274,-35.19446255,ARG,1,1,_T,Both sexes,[2016],2016,2016,1,PT,Percentage,G,Global,,,,,,,,,,,,6.2,,6.2,,,UN-CTS = United Nations Survey of Crime Trends and Criminal Justice Operations,United Nations Office on Drugs and Crime (UNODC),,C: Country data
16,Goal 16,"Promote peaceful and inclusive societies for sustainable development, provide access to justice for all and build effective, accountable and inclusive institutions at all levels",16.1,Significantly reduce all forms of violence and related death rates everywhere,C160103,16.1.3,II,UNODC,"Proportion of population subjected to (a) physical violence, (b) psychological violence and (c) sexual violence in the previous 12 months",2020.Q1.G.01,"['violence', 'crime']",VC_VOV_ROBB,"Proportion of population subjected to robbery in the previous 12 months, by sex (%)",328,Guyana,5,5,South America,Country,-58.97322037,4.788012784,GUY,1,1,_T,Both sexes,[2010],2010,2010,1,PT,Percentage,G,Global,,,,,,8.5,,,,,,,,8.5,,,UN-CTS = United Nations Survey of Crime Trends and Criminal Justice Operations,United Nations Office on Drugs and Crime (UNODC),,C: Country data
16,Goal 16,"Promote peaceful and inclusive societies for sustainable development, provide access to justice for all and build effective, accountable and inclusive institutions at all levels",16.1,Significantly reduce all forms of violence and related death rates everywhere,C160103,16.1.3,II,UNODC,"Proportion of population subjected to (a) physical violence, (b) psychological violence and (c) sexual violence in the previous 12 months",2020.Q1.G.01,"['violence', 'crime']",VC_VOV_ROBB,"Proportion of population subjected to robbery in the previous 12 months, by sex (%)",344,"China, Hong Kong Special Administrative Region",4,30,Eastern Asia,Country,114.0266445,22.41749934,HKG,0,1,_T,Both sexes,[2006],2006,2006,1,PT,Percentage,G,Global,,2.5,,,,,,,,,,,,2.5,,,UN-CTS = United Nations Survey of Crime Trends and Criminal Justice Operations,United Nations Office on Drugs and Crime (UNODC),,C: Country data
16,Goal 16,"Promote peaceful and inclusive societies for sustainable development, provide access to justice for all and build effective, accountable and inclusive institutions at all levels",16.1,Significantly reduce all forms of violence and related death rates everywhere,C160103,16.1.3,II,UNODC,"Proportion of population subjected to (a) physical violence, (b) psychological violence and (c) sexual violence in the previous 12 months",2020.Q1.G.01,"['violence', 'crime']",VC_VOV_ROBB,"Proportion of population subjected to robbery in the previous 12 months, by sex (%)",344,"China, Hong Kong Special Administrative Region",4,30,Eastern Asia,Country,114.0266445,22.41749934,HKG,0,1,M,Male,[2006],2006,2006,1,PT,Percentage,G,Global,,2.9,,,,,,,,,,,,2.9,,,UN-CTS = United Nations Survey of Crime Trends and Criminal Justice Operations,United Nations Office on Drugs and Crime (UNODC),,C: Country data
16,Goal 16,"Promote peaceful and inclusive societies for sustainable development, provide access to justice for all and build effective, accountable and inclusive institutions at all levels",16.1,Significantly reduce all forms of violence and related death rates everywhere,C160103,16.1.3,II,UNODC,"Proportion of population subjected to (a) physical violence, (b) psychological violence and (c) sexual violence in the previous 12 months",2020.Q1.G.01,"['violence', 'crime']",VC_VOV_ROBB,"Proportion of population subjected to robbery in the previous 12 months, by sex (%)",344,"China, Hong Kong Special Administrative Region",4,30,Eastern Asia,Country,114.0266445,22.41749934,HKG,0,1,F,Female,[2006],2006,2006,1,PT,Percentage,G,Global,,2.1,,,,,,,,,,,,2.1,,,UN-CTS = United Nations Survey of Crime Trends and Criminal Justice Operations,United Nations Office on Drugs and Crime (UNODC),,C: Country data
16,Goal 16,"Promote peaceful and inclusive societies for sustainable development, provide access to justice for all and build effective, accountable and inclusive institutions at all levels",16.1,Significantly reduce all forms of violence and related death rates everywhere,C160103,16.1.3,II,UNODC,"Proportion of population subjected to (a) physical violence, (b) psychological violence and (c) sexual violence in the previous 12 months",2020.Q1.G.01,"['violence', 'crime']",VC_VOV_ROBB,"Proportion of population subjected to robbery in the previous 12 months, by sex (%)",36,Australia,4,53,Australia and New Zealand,Country,134.3499412,-25.57717202,AUS,1,1,F,Female,"[2009, 2010, 2011, 2012, 2013, 2014, 2015, 2016, 2017]",2009,2017,9,PT,Percentage,G,Global,,,,,0.3,0.3,0.3,0.3,0.2,0.3,0.3,0.3,0.4,0.4,,,"[""Data are on a financial year basis and relate to 12 months prior to interview. Includes act of stealing and attempting to steal with force or violence. Includes incidents that occurred at the person's place of work. Excludes pickpocketing or other types of theft that did not involve physical or threatened violence.""]",United Nations Office on Drugs and Crime (UNODC),,C: Country data
16,Goal 16,"Promote peaceful and inclusive societies for sustainable development, provide access to justice for all and build effective, accountable and inclusive institutions at all levels",16.1,Significantly reduce all forms of violence and related death rates everywhere,C160103,16.1.3,II,UNODC,"Proportion of population subjected to (a) physical violence, (b) psychological violence and (c) sexual violence in the previous 12 months",2020.Q1.G.01,"['violence', 'crime']",VC_VOV_ROBB,"Proportion of population subjected to robbery in the previous 12 months, by sex (%)",36,Australia,4,53,Australia and New Zealand,Country,134.3499412,-25.57717202,AUS,1,1,_T,Both sexes,"[2009, 2010, 2011, 2012, 2013, 2014, 2015, 2016, 2017]",2009,2017,9,PT,Percentage,G,Global,,,,,0.6,0.4,0.4,0.4,0.4,0.4,0.3,0.4,0.4,0.4,,,"[""Data are on a financial year basis and relate to 12 months prior to interview. Includes act of stealing and attempting to steal with force or violence. Includes incidents that occurred at the person's place of work. Excludes pickpocketing or other types of theft that did not involve physical or threatened violence.""]",United Nations Office on Drugs and Crime (UNODC),,C: Country data
16,Goal 16,"Promote peaceful and inclusive societies for sustainable development, provide access to justice for all and build effective, accountable and inclusive institutions at all levels",16.1,Significantly reduce all forms of violence and related death rates everywhere,C160103,16.1.3,II,UNODC,"Proportion of population subjected to (a) physical violence, (b) psychological violence and (c) sexual violence in the previous 12 months",2020.Q1.G.01,"['violence', 'crime']",VC_VOV_ROBB,"Proportion of population subjected to robbery in the previous 12 months, by sex (%)",36,Australia,4,53,Australia and New Zealand,Country,134.3499412,-25.57717202,AUS,1,1,M,Male,"[2009, 2010, 2011, 2012, 2013, 2014, 2015, 2016, 2017]",2009,2017,9,PT,Percentage,G,Global,,,,,0.8,0.5,0.5,0.4,0.6,0.4,0.3,0.4,0.4,0.4,,,"[""Data are on a financial year basis and relate to 12 months prior to interview. Includes act of stealing and attempting to steal with force or violence. Includes incidents that occurred at the person's place of work. Excludes pickpocketing or other types of theft that did not involve physical or threatened violence.""]",United Nations Office on Drugs and Crime (UNODC),,C: Country data
16,Goal 16,"Promote peaceful and inclusive societies for sustainable development, provide access to justice for all and build effective, accountable and inclusive institutions at all levels",16.1,Significantly reduce all forms of violence and related death rates everywhere,C160103,16.1.3,II,UNODC,"Proportion of population subjected to (a) physical violence, (b) psychological violence and (c) sexual violence in the previous 12 months",2020.Q1.G.01,"['violence', 'crime']",VC_VOV_ROBB,"Proportion of population subjected to robbery in the previous 12 months, by sex (%)",360,Indonesia,4,35,South-Eastern Asia,Country,113.9174,-0.994582204,IDN,1,1,_T,Both sexes,[2011],2011,2011,1,PT,Percentage,G,Global,,,,,,,0.4,,,,,,,0.4,,,UN-CTS = United Nations Survey of Crime Trends and Criminal Justice Operations,United Nations Office on Drugs and Crime (UNODC),,C: Country data
16,Goal 16,"Promote peaceful and inclusive societies for sustainable development, provide access to justice for all and build effective, accountable and inclusive institutions at all levels",16.1,Significantly reduce all forms of violence and related death rates everywhere,C160103,16.1.3,II,UNODC,"Proportion of population subjected to (a) physical violence, (b) psychological violence and (c) sexual violence in the previous 12 months",2020.Q1.G.01,"['violence', 'crime']",VC_VOV_ROBB,"Proportion of population subjected to robbery in the previous 12 months, by sex (%)",376,Israel,4,145,Western Asia,Country,34.62277992,31.06164552,ISR,1,1,_T,Both sexes,"[2013, 2016, 2017]",2013,2017,3,PT,Percentage,G,Global,,,,,,,,,0.3,,,0.3,0.4,0.4,,,Includes only individuals who experienced stealing while using force or threatening to use force (not including attempts),United Nations Office on Drugs and Crime (UNODC),,C: Country data
16,Goal 16,"Promote peaceful and inclusive societies for sustainable development, provide access to justice for all and build effective, accountable and inclusive institutions at all levels",16.1,Significantly reduce all forms of violence and related death rates everywhere,C160103,16.1.3,II,UNODC,"Proportion of population subjected to (a) physical violence, (b) psychological violence and (c) sexual violence in the previous 12 months",2020.Q1.G.01,"['violence', 'crime']",VC_VOV_ROBB,"Proportion of population subjected to robbery in the previous 12 months, by sex (%)",380,Italy,4,39,Southern Europe,Country,12.57022427,42.79917282,ITA,1,1,F,Female,"[2008, 2016]",2008,2016,2,PT,Percentage,G,Global,,,,0.2,,,,,,,,0.3,,0.3,,,Excluding attempts.,United Nations Office on Drugs and Crime (UNODC),,C: Country data
16,Goal 16,"Promote peaceful and inclusive societies for sustainable development, provide access to justice for all and build effective, accountable and inclusive institutions at all levels",16.1,Significantly reduce all forms of violence and related death rates everywhere,C160103,16.1.3,II,UNODC,"Proportion of population subjected to (a) physical violence, (b) psychological violence and (c) sexual violence in the previous 12 months",2020.Q1.G.01,"['violence', 'crime']",VC_VOV_ROBB,"Proportion of population subjected to robbery in the previous 12 months, by sex (%)",380,Italy,4,39,Southern Europe,Country,12.57022427,42.79917282,ITA,1,1,_T,Both sexes,"[2008, 2016]",2008,2016,2,PT,Percentage,G,Global,,,,0.4,,,,,,,,0.5,,0.5,,,Excluding attempts.,United Nations Office on Drugs and Crime (UNODC),,C: Country data
16,Goal 16,"Promote peaceful and inclusive societies for sustainable development, provide access to justice for all and build effective, accountable and inclusive institutions at all levels",16.1,Significantly reduce all forms of violence and related death rates everywhere,C160103,16.1.3,II,UNODC,"Proportion of population subjected to (a) physical violence, (b) psychological violence and (c) sexual violence in the previous 12 months",2020.Q1.G.01,"['violence', 'crime']",VC_VOV_ROBB,"Proportion of population subjected to robbery in the previous 12 months, by sex (%)",380,Italy,4,39,Southern Europe,Country,12.57022427,42.79917282,ITA,1,1,M,Male,"[2008, 2016]",2008,2016,2,PT,Percentage,G,Global,,,,0.5,,,,,,,,0.6,,0.6,,,Excluding attempts.,United Nations Office on Drugs and Crime (UNODC),,C: Country data
16,Goal 16,"Promote peaceful and inclusive societies for sustainable development, provide access to justice for all and build effective, accountable and inclusive institutions at all levels",16.1,Significantly reduce all forms of violence and related death rates everywhere,C160103,16.1.3,II,UNODC,"Proportion of population subjected to (a) physical violence, (b) psychological violence and (c) sexual violence in the previous 12 months",2020.Q1.G.01,"['violence', 'crime']",VC_VOV_ROBB,"Proportion of population subjected to robbery in the previous 12 months, by sex (%)",388,Jamaica,5,29,Caribbean,Country,-77.31068409,18.15616857,JAM,1,1,F,Female,"[2006, 2009, 2012]",2006,2012,3,PT,Percentage,G,Global,,1.6,,,9.2,,,1.2,,,,,,1.2,,,"Includes Robbery with a Gun and Robbery without a Gun, includes attempts",United Nations Office on Drugs and Crime (UNODC),,C: Country data
16,Goal 16,"Promote peaceful and inclusive societies for sustainable development, provide access to justice for all and build effective, accountable and inclusive institutions at all levels",16.1,Significantly reduce all forms of violence and related death rates everywhere,C160103,16.1.3,II,UNODC,"Proportion of population subjected to (a) physical violence, (b) psychological violence and (c) sexual violence in the previous 12 months",2020.Q1.G.01,"['violence', 'crime']",VC_VOV_ROBB,"Proportion of population subjected to robbery in the previous 12 months, by sex (%)",388,Jamaica,5,29,Caribbean,Country,-77.31068409,18.15616857,JAM,1,1,_T,Both sexes,"[2006, 2009, 2012, 2016]",2006,2016,4,PT,Percentage,G,Global,,2.1,,,1.6,,,1.6,,,,0.6,,0.6,,,"Includes Robbery with a Gun and Robbery without a Gun, includes attempts",United Nations Office on Drugs and Crime (UNODC),,C: Country data
16,Goal 16,"Promote peaceful and inclusive societies for sustainable development, provide access to justice for all and build effective, accountable and inclusive institutions at all levels",16.1,Significantly reduce all forms of violence and related death rates everywhere,C160103,16.1.3,II,UNODC,"Proportion of population subjected to (a) physical violence, (b) psychological violence and (c) sexual violence in the previous 12 months",2020.Q1.G.01,"['violence', 'crime']",VC_VOV_ROBB,"Proportion of population subjected to robbery in the previous 12 months, by sex (%)",388,Jamaica,5,29,Caribbean,Country,-77.31068409,18.15616857,JAM,1,1,M,Male,[2012],2012,2012,1,PT,Percentage,G,Global,,,,,,,,2.1,,,,,,2.1,,,"Includes Robbery with a Gun and Robbery without a Gun, includes attempts",United Nations Office on Drugs and Crime (UNODC),,C: Country data
16,Goal 16,"Promote peaceful and inclusive societies for sustainable development, provide access to justice for all and build effective, accountable and inclusive institutions at all levels",16.1,Significantly reduce all forms of violence and related death rates everywhere,C160103,16.1.3,II,UNODC,"Proportion of population subjected to (a) physical violence, (b) psychological violence and (c) sexual violence in the previous 12 months",2020.Q1.G.01,"['violence', 'crime']",VC_VOV_ROBB,"Proportion of population subjected to robbery in the previous 12 months, by sex (%)",410,Republic of Korea,4,30,Eastern Asia,Country,127.8610254,36.45201023,KOR,1,1,_T,Both sexes,"[2008, 2009, 2010, 2011, 2012, 2013, 2014, 2016]",2008,2016,8,PT,Percentage,G,Global,,,,0.1,0.2,0.2,0.2,0.4,0.1,0.6,,0.1,,0.1,,,UN-CTS = United Nations Survey of Crime Trends and Criminal Justice Operations,United Nations Office on Drugs and Crime (UNODC),,C: Country data
16,Goal 16,"Promote peaceful and inclusive societies for sustainable development, provide access to justice for all and build effective, accountable and inclusive institutions at all levels",16.1,Significantly reduce all forms of violence and related death rates everywhere,C160103,16.1.3,II,UNODC,"Proportion of population subjected to (a) physical violence, (b) psychological violence and (c) sexual violence in the previous 12 months",2020.Q1.G.01,"['violence', 'crime']",VC_VOV_ROBB,"Proportion of population subjected to robbery in the previous 12 months, by sex (%)",410,Republic of Korea,4,30,Eastern Asia,Country,127.8610254,36.45201023,KOR,1,1,M,Male,"[2014, 2016]",2014,2016,2,PT,Percentage,G,Global,,,,,,,,,,0.1,,0.1,,0.1,,,UN-CTS = United Nations Survey of Crime Trends and Criminal Justice Operations,United Nations Office on Drugs and Crime (UNODC),,C: Country data
16,Goal 16,"Promote peaceful and inclusive societies for sustainable development, provide access to justice for all and build effective, accountable and inclusive institutions at all levels",16.1,Significantly reduce all forms of violence and related death rates everywhere,C160103,16.1.3,II,UNODC,"Proportion of population subjected to (a) physical violence, (b) psychological violence and (c) sexual violence in the previous 12 months",2020.Q1.G.01,"['violence', 'crime']",VC_VOV_ROBB,"Proportion of population subjected to robbery in the previous 12 months, by sex (%)",410,Republic of Korea,4,30,Eastern Asia,Country,127.8610254,36.45201023,KOR,1,1,F,Female,[2016],2016,2016,1,PT,Percentage,G,Global,,,,,,,,,,,,0.1,,0.1,,,UN-CTS = United Nations Survey of Crime Trends and Criminal Justice Operations,United Nations Office on Drugs and Crime (UNODC),,C: Country data
16,Goal 16,"Promote peaceful and inclusive societies for sustainable development, provide access to justice for all and build effective, accountable and inclusive institutions at all levels",16.1,Significantly reduce all forms of violence and related death rates everywhere,C160103,16.1.3,II,UNODC,"Proportion of population subjected to (a) physical violence, (b) psychological violence and (c) sexual violence in the previous 12 months",2020.Q1.G.01,"['violence', 'crime']",VC_VOV_ROBB,"Proportion of population subjected to robbery in the previous 12 months, by sex (%)",417,Kyrgyzstan,4,143,Central Asia,Country,74.52324839,41.46204516,KGZ,1,1,_T,Both sexes,[2015],2015,2015,1,PT,Percentage,G,Global,,,,,,,,,,,1.1,,,1.1,,,UN-CTS = United Nations Survey of Crime Trends and Criminal Justice Operations,United Nations Office on Drugs and Crime (UNODC),,C: Country data
16,Goal 16,"Promote peaceful and inclusive societies for sustainable development, provide access to justice for all and build effective, accountable and inclusive institutions at all levels",16.1,Significantly reduce all forms of violence and related death rates everywhere,C160103,16.1.3,II,UNODC,"Proportion of population subjected to (a) physical violence, (b) psychological violence and (c) sexual violence in the previous 12 months",2020.Q1.G.01,"['violence', 'crime']",VC_VOV_ROBB,"Proportion of population subjected to robbery in the previous 12 months, by sex (%)",442,Luxembourg,4,155,Western Europe,Country,6.092656563,49.77679538,LUX,1,1,_T,Both sexes,[2013],2013,2013,1,PT,Percentage,G,Global,,,,,,,,,1.1,,,,,1.1,,,UN-CTS = United Nations Survey of Crime Trends and Criminal Justice Operations,United Nations Office on Drugs and Crime (UNODC),,C: Country data
16,Goal 16,"Promote peaceful and inclusive societies for sustainable development, provide access to justice for all and build effective, accountable and inclusive institutions at all levels",16.1,Significantly reduce all forms of violence and related death rates everywhere,C160103,16.1.3,II,UNODC,"Proportion of population subjected to (a) physical violence, (b) psychological violence and (c) sexual violence in the previous 12 months",2020.Q1.G.01,"['violence', 'crime']",VC_VOV_ROBB,"Proportion of population subjected to robbery in the previous 12 months, by sex (%)",442,Luxembourg,4,155,Western Europe,Country,6.092656563,49.77679538,LUX,1,1,M,Male,[2013],2013,2013,1,PT,Percentage,G,Global,,,,,,,,,1.6,,,,,1.6,,,UN-CTS = United Nations Survey of Crime Trends and Criminal Justice Operations,United Nations Office on Drugs and Crime (UNODC),,C: Country data
16,Goal 16,"Promote peaceful and inclusive societies for sustainable development, provide access to justice for all and build effective, accountable and inclusive institutions at all levels",16.1,Significantly reduce all forms of violence and related death rates everywhere,C160103,16.1.3,II,UNODC,"Proportion of population subjected to (a) physical violence, (b) psychological violence and (c) sexual violence in the previous 12 months",2020.Q1.G.01,"['violence', 'crime']",VC_VOV_ROBB,"Proportion of population subjected to robbery in the previous 12 months, by sex (%)",442,Luxembourg,4,155,Western Europe,Country,6.092656563,49.77679538,LUX,1,1,F,Female,[2013],2013,2013,1,PT,Percentage,G,Global,,,,,,,,,0.5,,,,,0.5,,,UN-CTS = United Nations Survey of Crime Trends and Criminal Justice Operations,United Nations Office on Drugs and Crime (UNODC),,C: Country data
16,Goal 16,"Promote peaceful and inclusive societies for sustainable development, provide access to justice for all and build effective, accountable and inclusive institutions at all levels",16.1,Significantly reduce all forms of violence and related death rates everywhere,C160103,16.1.3,II,UNODC,"Proportion of population subjected to (a) physical violence, (b) psychological violence and (c) sexual violence in the previous 12 months",2020.Q1.G.01,"['violence', 'crime']",VC_VOV_ROBB,"Proportion of population subjected to robbery in the previous 12 months, by sex (%)",480,Mauritius,5,14,Eastern Africa,Country,57.568022,-20.28581998,MUS,1,1,_T,Both sexes,"[2013, 2016]",2013,2016,2,PT,Percentage,G,Global,,,,,,,,,0.7,,,0.7,,0.7,,,UN-CTS = United Nations Survey of Crime Trends and Criminal Justice Operations,United Nations Office on Drugs and Crime (UNODC),,C: Country data
16,Goal 16,"Promote peaceful and inclusive societies for sustainable development, provide access to justice for all and build effective, accountable and inclusive institutions at all levels",16.1,Significantly reduce all forms of violence and related death rates everywhere,C160103,16.1.3,II,UNODC,"Proportion of population subjected to (a) physical violence, (b) psychological violence and (c) sexual violence in the previous 12 months",2020.Q1.G.01,"['violence', 'crime']",VC_VOV_ROBB,"Proportion of population subjected to robbery in the previous 12 months, by sex (%)",484,Mexico,5,13,Central America,Country,-102.5148166,23.93378032,MEX,1,1,F,Female,"[2009, 2010, 2011, 2012, 2013, 2014, 2015]",2009,2015,7,PT,Percentage,G,Global,,,,,4.5,4.4,5.5,6.1,8.0,8.5,8.1,,,8.1,,,"Includes robberies with violence and robberies without violence (thefts), includes attempts",United Nations Office on Drugs and Crime (UNODC),,C: Country data
16,Goal 16,"Promote peaceful and inclusive societies for sustainable development, provide access to justice for all and build effective, accountable and inclusive institutions at all levels",16.1,Significantly reduce all forms of violence and related death rates everywhere,C160103,16.1.3,II,UNODC,"Proportion of population subjected to (a) physical violence, (b) psychological violence and (c) sexual violence in the previous 12 months",2020.Q1.G.01,"['violence', 'crime']",VC_VOV_ROBB,"Proportion of population subjected to robbery in the previous 12 months, by sex (%)",484,Mexico,5,13,Central America,Country,-102.5148166,23.93378032,MEX,1,1,_T,Both sexes,"[2010, 2011, 2012, 2013, 2014, 2015, 2016, 2017]",2010,2017,8,PT,Percentage,G,Global,,,,,,6.4,7.0,9.1,9.9,9.7,9.5,9.3,10.3,10.3,,,"Includes robberies with violence and robberies without violence (thefts), includes attempts",United Nations Office on Drugs and Crime (UNODC),,C: Country data
16,Goal 16,"Promote peaceful and inclusive societies for sustainable development, provide access to justice for all and build effective, accountable and inclusive institutions at all levels",16.1,Significantly reduce all forms of violence and related death rates everywhere,C160103,16.1.3,II,UNODC,"Proportion of population subjected to (a) physical violence, (b) psychological violence and (c) sexual violence in the previous 12 months",2020.Q1.G.01,"['violence', 'crime']",VC_VOV_ROBB,"Proportion of population subjected to robbery in the previous 12 months, by sex (%)",484,Mexico,5,13,Central America,Country,-102.5148166,23.93378032,MEX,1,1,M,Male,"[2011, 2012, 2013, 2014, 2015]",2011,2015,5,PT,Percentage,G,Global,,,,,,,7.2,7.9,10.4,11.6,11.4,,,11.4,,,"Includes robberies with violence and robberies without violence (thefts), includes attempts",United Nations Office on Drugs and Crime (UNODC),,C: Country data
16,Goal 16,"Promote peaceful and inclusive societies for sustainable development, provide access to justice for all and build effective, accountable and inclusive institutions at all levels",16.1,Significantly reduce all forms of violence and related death rates everywhere,C160103,16.1.3,II,UNODC,"Proportion of population subjected to (a) physical violence, (b) psychological violence and (c) sexual violence in the previous 12 months",2020.Q1.G.01,"['violence', 'crime']",VC_VOV_ROBB,"Proportion of population subjected to robbery in the previous 12 months, by sex (%)",52,Barbados,5,29,Caribbean,Country,-59.5346489,13.13648273,BRB,1,1,_T,Both sexes,[2009],2009,2009,1,PT,Percentage,G,Global,,,,,2.0,,,,,,,,,2.0,,,UN-CTS = United Nations Survey of Crime Trends and Criminal Justice Operations,United Nations Office on Drugs and Crime (UNODC),,C: Country data
16,Goal 16,"Promote peaceful and inclusive societies for sustainable development, provide access to justice for all and build effective, accountable and inclusive institutions at all levels",16.1,Significantly reduce all forms of violence and related death rates everywhere,C160103,16.1.3,II,UNODC,"Proportion of population subjected to (a) physical violence, (b) psychological violence and (c) sexual violence in the previous 12 months",2020.Q1.G.01,"['violence', 'crime']",VC_VOV_ROBB,"Proportion of population subjected to robbery in the previous 12 months, by sex (%)",528,Netherlands,4,155,Western Europe,Country,5.331480568,51.86728884,NLD,1,1,F,Female,"[2006, 2007, 2008, 2009, 2012, 2013, 2014, 2015]",2006,2015,8,PT,Percentage,G,Global,,0.3,0.2,0.1,0.2,,,0.1,0.1,0.1,0.1,,,0.1,,,Excluding attempts. Refers to households where the respondent has personally experienced robbery. Percentage of individuals aged >=15 years.,United Nations Office on Drugs and Crime (UNODC),,C: Country data
16,Goal 16,"Promote peaceful and inclusive societies for sustainable development, provide access to justice for all and build effective, accountable and inclusive institutions at all levels",16.1,Significantly reduce all forms of violence and related death rates everywhere,C160103,16.1.3,II,UNODC,"Proportion of population subjected to (a) physical violence, (b) psychological violence and (c) sexual violence in the previous 12 months",2020.Q1.G.01,"['violence', 'crime']",VC_VOV_ROBB,"Proportion of population subjected to robbery in the previous 12 months, by sex (%)",528,Netherlands,4,155,Western Europe,Country,5.331480568,51.86728884,NLD,1,1,M,Male,"[2006, 2007, 2008, 2009, 2012, 2013, 2014, 2015]",2006,2015,8,PT,Percentage,G,Global,,0.2,0.2,0.2,0.2,,,0.1,0.1,0.1,0.1,,,0.1,,,Excluding attempts. Refers to households where the respondent has personally experienced robbery. Percentage of individuals aged >=15 years.,United Nations Office on Drugs and Crime (UNODC),,C: Country data
16,Goal 16,"Promote peaceful and inclusive societies for sustainable development, provide access to justice for all and build effective, accountable and inclusive institutions at all levels",16.1,Significantly reduce all forms of violence and related death rates everywhere,C160103,16.1.3,II,UNODC,"Proportion of population subjected to (a) physical violence, (b) psychological violence and (c) sexual violence in the previous 12 months",2020.Q1.G.01,"['violence', 'crime']",VC_VOV_ROBB,"Proportion of population subjected to robbery in the previous 12 months, by sex (%)",528,Netherlands,4,155,Western Europe,Country,5.331480568,51.86728884,NLD,1,1,_T,Both sexes,"[2006, 2007, 2008, 2009, 2010, 2011, 2012, 2013, 2014, 2015, 2016]",2006,2016,11,PT,Percentage,G,Global,,0.3,0.2,0.2,0.2,0.1,0.2,0.1,0.1,0.1,0.1,0.1,,0.1,,,Excluding attempts. Refers to households where the respondent has personally experienced robbery. Percentage of individuals aged >=15 years.,United Nations Office on Drugs and Crime (UNODC),,C: Country data
16,Goal 16,"Promote peaceful and inclusive societies for sustainable development, provide access to justice for all and build effective, accountable and inclusive institutions at all levels",16.1,Significantly reduce all forms of violence and related death rates everywhere,C160103,16.1.3,II,UNODC,"Proportion of population subjected to (a) physical violence, (b) psychological violence and (c) sexual violence in the previous 12 months",2020.Q1.G.01,"['violence', 'crime']",VC_VOV_ROBB,"Proportion of population subjected to robbery in the previous 12 months, by sex (%)",554,New Zealand,4,53,Australia and New Zealand,Country,170.4755673,-43.98721568,NZL,1,1,_T,Both sexes,"[2009, 2014]",2009,2014,2,PT,Percentage,G,Global,,,,,1.3,,,,,0.5,,,,0.5,,,UN-CTS = United Nations Survey of Crime Trends and Criminal Justice Operations,United Nations Office on Drugs and Crime (UNODC),,C: Country data
16,Goal 16,"Promote peaceful and inclusive societies for sustainable development, provide access to justice for all and build effective, accountable and inclusive institutions at all levels",16.1,Significantly reduce all forms of violence and related death rates everywhere,C160103,16.1.3,II,UNODC,"Proportion of population subjected to (a) physical violence, (b) psychological violence and (c) sexual violence in the previous 12 months",2020.Q1.G.01,"['violence', 'crime']",VC_VOV_ROBB,"Proportion of population subjected to robbery in the previous 12 months, by sex (%)",56,Belgium,4,155,Western Europe,Country,4.660976456,50.64104975,BEL,1,1,_T,Both sexes,"[2006, 2009]",2006,2009,2,PT,Percentage,G,Global,,4.8,,,4.5,,,,,,,,,4.5,,,UN-CTS = United Nations Survey of Crime Trends and Criminal Justice Operations,United Nations Office on Drugs and Crime (UNODC),,C: Country data
16,Goal 16,"Promote peaceful and inclusive societies for sustainable development, provide access to justice for all and build effective, accountable and inclusive institutions at all levels",16.1,Significantly reduce all forms of violence and related death rates everywhere,C160103,16.1.3,II,UNODC,"Proportion of population subjected to (a) physical violence, (b) psychological violence and (c) sexual violence in the previous 12 months",2020.Q1.G.01,"['violence', 'crime']",VC_VOV_ROBB,"Proportion of population subjected to robbery in the previous 12 months, by sex (%)",56,Belgium,4,155,Western Europe,Country,4.660976456,50.64104975,BEL,1,1,M,Male,"[2006, 2009]",2006,2009,2,PT,Percentage,G,Global,,2.1,,,1.9,,,,,,,,,1.9,,,UN-CTS = United Nations Survey of Crime Trends and Criminal Justice Operations,United Nations Office on Drugs and Crime (UNODC),,C: Country data
16,Goal 16,"Promote peaceful and inclusive societies for sustainable development, provide access to justice for all and build effective, accountable and inclusive institutions at all levels",16.1,Significantly reduce all forms of violence and related death rates everywhere,C160103,16.1.3,II,UNODC,"Proportion of population subjected to (a) physical violence, (b) psychological violence and (c) sexual violence in the previous 12 months",2020.Q1.G.01,"['violence', 'crime']",VC_VOV_ROBB,"Proportion of population subjected to robbery in the previous 12 months, by sex (%)",56,Belgium,4,155,Western Europe,Country,4.660976456,50.64104975,BEL,1,1,F,Female,"[2006, 2009]",2006,2009,2,PT,Percentage,G,Global,,2.7,,,2.5,,,,,,,,,2.5,,,UN-CTS = United Nations Survey of Crime Trends and Criminal Justice Operations,United Nations Office on Drugs and Crime (UNODC),,C: Country data
16,Goal 16,"Promote peaceful and inclusive societies for sustainable development, provide access to justice for all and build effective, accountable and inclusive institutions at all levels",16.1,Significantly reduce all forms of violence and related death rates everywhere,C160103,16.1.3,II,UNODC,"Proportion of population subjected to (a) physical violence, (b) psychological violence and (c) sexual violence in the previous 12 months",2020.Q1.G.01,"['violence', 'crime']",VC_VOV_ROBB,"Proportion of population subjected to robbery in the previous 12 months, by sex (%)",591,Panama,5,13,Central America,Country,-81.26616623,8.450965746,PAN,1,1,_T,Both sexes,[2016],2016,2016,1,PT,Percentage,G,Global,,,,,,,,,,,,1.7,,1.7,,,"[""Source: National Integrated System of Criminal Statistics (SIEC), Panama's National Crime Victim Survey (ENVI) 2017. Does not include attempts""]",United Nations Office on Drugs and Crime (UNODC),,C: Country data
16,Goal 16,"Promote peaceful and inclusive societies for sustainable development, provide access to justice for all and build effective, accountable and inclusive institutions at all levels",16.1,Significantly reduce all forms of violence and related death rates everywhere,C160103,16.1.3,II,UNODC,"Proportion of population subjected to (a) physical violence, (b) psychological violence and (c) sexual violence in the previous 12 months",2020.Q1.G.01,"['violence', 'crime']",VC_VOV_ROBB,"Proportion of population subjected to robbery in the previous 12 months, by sex (%)",600,Paraguay,5,5,South America,Country,-60.54854225,-21.70216237,PRY,1,1,M,Male,"[2008, 2010]",2008,2010,2,PT,Percentage,G,Global,,,,3.4,,1.7,,,,,,,,1.7,,,UN-CTS = United Nations Survey of Crime Trends and Criminal Justice Operations,United Nations Office on Drugs and Crime (UNODC),,C: Country data
16,Goal 16,"Promote peaceful and inclusive societies for sustainable development, provide access to justice for all and build effective, accountable and inclusive institutions at all levels",16.1,Significantly reduce all forms of violence and related death rates everywhere,C160103,16.1.3,II,UNODC,"Proportion of population subjected to (a) physical violence, (b) psychological violence and (c) sexual violence in the previous 12 months",2020.Q1.G.01,"['violence', 'crime']",VC_VOV_ROBB,"Proportion of population subjected to robbery in the previous 12 months, by sex (%)",600,Paraguay,5,5,South America,Country,-60.54854225,-21.70216237,PRY,1,1,F,Female,"[2008, 2010]",2008,2010,2,PT,Percentage,G,Global,,,,3.0,,3.0,,,,,,,,3.0,,,UN-CTS = United Nations Survey of Crime Trends and Criminal Justice Operations,United Nations Office on Drugs and Crime (UNODC),,C: Country data
16,Goal 16,"Promote peaceful and inclusive societies for sustainable development, provide access to justice for all and build effective, accountable and inclusive institutions at all levels",16.1,Significantly reduce all forms of violence and related death rates everywhere,C160103,16.1.3,II,UNODC,"Proportion of population subjected to (a) physical violence, (b) psychological violence and (c) sexual violence in the previous 12 months",2020.Q1.G.01,"['violence', 'crime']",VC_VOV_ROBB,"Proportion of population subjected to robbery in the previous 12 months, by sex (%)",600,Paraguay,5,5,South America,Country,-60.54854225,-21.70216237,PRY,1,1,_T,Both sexes,"[2008, 2010]",2008,2010,2,PT,Percentage,G,Global,,,,3.2,,2.4,,,,,,,,2.4,,,UN-CTS = United Nations Survey of Crime Trends and Criminal Justice Operations,United Nations Office on Drugs and Crime (UNODC),,C: Country data
16,Goal 16,"Promote peaceful and inclusive societies for sustainable development, provide access to justice for all and build effective, accountable and inclusive institutions at all levels",16.1,Significantly reduce all forms of violence and related death rates everywhere,C160103,16.1.3,II,UNODC,"Proportion of population subjected to (a) physical violence, (b) psychological violence and (c) sexual violence in the previous 12 months",2020.Q1.G.01,"['violence', 'crime']",VC_VOV_ROBB,"Proportion of population subjected to robbery in the previous 12 months, by sex (%)",604,Peru,5,5,South America,Country,-71.82093277,-13.58939705,PER,1,1,F,Female,"[2010, 2011, 2012, 2013, 2014, 2015, 2016, 2017]",2010,2017,8,PT,Percentage,G,Global,,,,,,24.2,21.2,21.2,22.1,21.3,20.2,18.3,17.6,17.6,,,"Includes robbery and theft (theft with and without violence), excludes attempts. Respondents aged 15 years and older. The number for 2017 includes attempts.",United Nations Office on Drugs and Crime (UNODC),,C: Country data
16,Goal 16,"Promote peaceful and inclusive societies for sustainable development, provide access to justice for all and build effective, accountable and inclusive institutions at all levels",16.1,Significantly reduce all forms of violence and related death rates everywhere,C160103,16.1.3,II,UNODC,"Proportion of population subjected to (a) physical violence, (b) psychological violence and (c) sexual violence in the previous 12 months",2020.Q1.G.01,"['violence', 'crime']",VC_VOV_ROBB,"Proportion of population subjected to robbery in the previous 12 months, by sex (%)",604,Peru,5,5,South America,Country,-71.82093277,-13.58939705,PER,1,1,_T,Both sexes,"[2010, 2011, 2012, 2013, 2014, 2015, 2016, 2017]",2010,2017,8,PT,Percentage,G,Global,,,,,,21.4,23.4,21.3,22.0,20.4,19.7,18.0,17.2,17.2,,,"Includes robbery and theft (theft with and without violence), excludes attempts. Respondents aged 15 years and older. The number for 2017 includes attempts.",United Nations Office on Drugs and Crime (UNODC),,C: Country data
16,Goal 16,"Promote peaceful and inclusive societies for sustainable development, provide access to justice for all and build effective, accountable and inclusive institutions at all levels",16.1,Significantly reduce all forms of violence and related death rates everywhere,C160103,16.1.3,II,UNODC,"Proportion of population subjected to (a) physical violence, (b) psychological violence and (c) sexual violence in the previous 12 months",2020.Q1.G.01,"['violence', 'crime']",VC_VOV_ROBB,"Proportion of population subjected to robbery in the previous 12 months, by sex (%)",604,Peru,5,5,South America,Country,-71.82093277,-13.58939705,PER,1,1,M,Male,"[2010, 2011, 2012, 2013, 2014, 2015, 2016, 2017]",2010,2017,8,PT,Percentage,G,Global,,,,,,21.6,23.4,21.4,21.8,19.5,19.0,17.8,16.8,16.8,,,"Includes robbery and theft (theft with and without violence), excludes attempts. Respondents aged 15 years and older. The number for 2017 includes attempts.",United Nations Office on Drugs and Crime (UNODC),,C: Country data
16,Goal 16,"Promote peaceful and inclusive societies for sustainable development, provide access to justice for all and build effective, accountable and inclusive institutions at all levels",16.1,Significantly reduce all forms of violence and related death rates everywhere,C160103,16.1.3,II,UNODC,"Proportion of population subjected to (a) physical violence, (b) psychological violence and (c) sexual violence in the previous 12 months",2020.Q1.G.01,"['violence', 'crime']",VC_VOV_ROBB,"Proportion of population subjected to robbery in the previous 12 months, by sex (%)",608,Philippines,4,35,South-Eastern Asia,Country,120.8601418,14.16591706,PHL,1,1,_T,Both sexes,[2012],2012,2012,1,PT,Percentage,G,Global,,,,,,,,0.3,,,,,,0.3,,,UN-CTS = United Nations Survey of Crime Trends and Criminal Justice Operations,United Nations Office on Drugs and Crime (UNODC),,C: Country data
16,Goal 16,"Promote peaceful and inclusive societies for sustainable development, provide access to justice for all and build effective, accountable and inclusive institutions at all levels",16.1,Significantly reduce all forms of violence and related death rates everywhere,C160103,16.1.3,II,UNODC,"Proportion of population subjected to (a) physical violence, (b) psychological violence and (c) sexual violence in the previous 12 months",2020.Q1.G.01,"['violence', 'crime']",VC_VOV_ROBB,"Proportion of population subjected to robbery in the previous 12 months, by sex (%)",616,Poland,4,151,Eastern Europe,Country,19.40660158,52.1226733,POL,1,1,M,Male,"[2007, 2008, 2009, 2013]",2007,2013,4,PT,Percentage,G,Global,,,3.6,3.1,2.1,,,,2.0,,,,,2.0,,,"""Five Years Prevalence Rate of Robbery"" percentage of individuals who experienced someone robbed them in the last 5 years. The number includes thefts where forced was used. Attempts are also included.",United Nations Office on Drugs and Crime (UNODC),,C: Country data
16,Goal 16,"Promote peaceful and inclusive societies for sustainable development, provide access to justice for all and build effective, accountable and inclusive institutions at all levels",16.1,Significantly reduce all forms of violence and related death rates everywhere,C160103,16.1.3,II,UNODC,"Proportion of population subjected to (a) physical violence, (b) psychological violence and (c) sexual violence in the previous 12 months",2020.Q1.G.01,"['violence', 'crime']",VC_VOV_ROBB,"Proportion of population subjected to robbery in the previous 12 months, by sex (%)",616,Poland,4,151,Eastern Europe,Country,19.40660158,52.1226733,POL,1,1,_T,Both sexes,"[2007, 2008, 2009, 2011, 2012, 2013, 2014, 2015, 2016, 2017]",2007,2017,10,PT,Percentage,G,Global,,,3.1,2.6,1.9,,2.0,4.0,1.5,3.0,2.0,2.0,2.0,2.0,,,"""Five Years Prevalence Rate of Robbery"" percentage of individuals who experienced someone robbed them in the last 5 years. The number includes thefts where forced was used. Attempts are also included.",United Nations Office on Drugs and Crime (UNODC),,C: Country data
16,Goal 16,"Promote peaceful and inclusive societies for sustainable development, provide access to justice for all and build effective, accountable and inclusive institutions at all levels",16.1,Significantly reduce all forms of violence and related death rates everywhere,C160103,16.1.3,II,UNODC,"Proportion of population subjected to (a) physical violence, (b) psychological violence and (c) sexual violence in the previous 12 months",2020.Q1.G.01,"['violence', 'crime']",VC_VOV_ROBB,"Proportion of population subjected to robbery in the previous 12 months, by sex (%)",616,Poland,4,151,Eastern Europe,Country,19.40660158,52.1226733,POL,1,1,F,Female,"[2007, 2008, 2009, 2013]",2007,2013,4,PT,Percentage,G,Global,,,2.7,2.1,1.8,,,,1.1,,,,,1.1,,,"""Five Years Prevalence Rate of Robbery"" percentage of individuals who experienced someone robbed them in the last 5 years. The number includes thefts where forced was used. Attempts are also included.",United Nations Office on Drugs and Crime (UNODC),,C: Country data
16,Goal 16,"Promote peaceful and inclusive societies for sustainable development, provide access to justice for all and build effective, accountable and inclusive institutions at all levels",16.1,Significantly reduce all forms of violence and related death rates everywhere,C160103,16.1.3,II,UNODC,"Proportion of population subjected to (a) physical violence, (b) psychological violence and (c) sexual violence in the previous 12 months",2020.Q1.G.01,"['violence', 'crime']",VC_VOV_ROBB,"Proportion of population subjected to robbery in the previous 12 months, by sex (%)",670,Saint Vincent and the Grenadines,5,29,Caribbean,Country,-61.19024321,13.24627968,VCT,1,1,_T,Both sexes,"[2006, 2007, 2008, 2009, 2010]",2006,2010,5,PT,Percentage,G,Global,,1.0,7.0,14.0,5.0,6.0,,,,,,,,6.0,,,UN-CTS = United Nations Survey of Crime Trends and Criminal Justice Operations,United Nations Office on Drugs and Crime (UNODC),,C: Country data
16,Goal 16,"Promote peaceful and inclusive societies for sustainable development, provide access to justice for all and build effective, accountable and inclusive institutions at all levels",16.1,Significantly reduce all forms of violence and related death rates everywhere,C160103,16.1.3,II,UNODC,"Proportion of population subjected to (a) physical violence, (b) psychological violence and (c) sexual violence in the previous 12 months",2020.Q1.G.01,"['violence', 'crime']",VC_VOV_ROBB,"Proportion of population subjected to robbery in the previous 12 months, by sex (%)",68,Bolivia (Plurinational State of),5,5,South America,Country,-64.66224284,-16.71273412,BOL,1,1,_T,Both sexes,"[2011, 2013, 2015]",2011,2015,3,PT,Percentage,G,Global,,,,,,,25.6,,17.1,,16.7,,,16.7,,,"Including robbery with violence only, exlcuding theft without violence. Excluding attempts. Data refer to 4 regions where the survey was conducted ((La Paz, El Alto, Cochabamba and Santa Cruz)",United Nations Office on Drugs and Crime (UNODC),,C: Country data
16,Goal 16,"Promote peaceful and inclusive societies for sustainable development, provide access to justice for all and build effective, accountable and inclusive institutions at all levels",16.1,Significantly reduce all forms of violence and related death rates everywhere,C160103,16.1.3,II,UNODC,"Proportion of population subjected to (a) physical violence, (b) psychological violence and (c) sexual violence in the previous 12 months",2020.Q1.G.01,"['violence', 'crime']",VC_VOV_ROBB,"Proportion of population subjected to robbery in the previous 12 months, by sex (%)",710,South Africa,5,18,Southern Africa,Country,24.67184355,-29.99957544,ZAF,1,1,F,Female,[2013],2013,2013,1,PT,Percentage,G,Global,,,,,,,,,0.3,,,,,0.3,,,UN-CTS = United Nations Survey of Crime Trends and Criminal Justice Operations,United Nations Office on Drugs and Crime (UNODC),,C: Country data
16,Goal 16,"Promote peaceful and inclusive societies for sustainable development, provide access to justice for all and build effective, accountable and inclusive institutions at all levels",16.1,Significantly reduce all forms of violence and related death rates everywhere,C160103,16.1.3,II,UNODC,"Proportion of population subjected to (a) physical violence, (b) psychological violence and (c) sexual violence in the previous 12 months",2020.Q1.G.01,"['violence', 'crime']",VC_VOV_ROBB,"Proportion of population subjected to robbery in the previous 12 months, by sex (%)",710,South Africa,5,18,Southern Africa,Country,24.67184355,-29.99957544,ZAF,1,1,M,Male,[2013],2013,2013,1,PT,Percentage,G,Global,,,,,,,,,0.5,,,,,0.5,,,UN-CTS = United Nations Survey of Crime Trends and Criminal Justice Operations,United Nations Office on Drugs and Crime (UNODC),,C: Country data
16,Goal 16,"Promote peaceful and inclusive societies for sustainable development, provide access to justice for all and build effective, accountable and inclusive institutions at all levels",16.1,Significantly reduce all forms of violence and related death rates everywhere,C160103,16.1.3,II,UNODC,"Proportion of population subjected to (a) physical violence, (b) psychological violence and (c) sexual violence in the previous 12 months",2020.Q1.G.01,"['violence', 'crime']",VC_VOV_ROBB,"Proportion of population subjected to robbery in the previous 12 months, by sex (%)",710,South Africa,5,18,Southern Africa,Country,24.67184355,-29.99957544,ZAF,1,1,_T,Both sexes,"[2013, 2014]",2013,2014,2,PT,Percentage,G,Global,,,,,,,,,0.7,1.2,,,,1.2,,,UN-CTS = United Nations Survey of Crime Trends and Criminal Justice Operations,United Nations Office on Drugs and Crime (UNODC),,C: Country data
16,Goal 16,"Promote peaceful and inclusive societies for sustainable development, provide access to justice for all and build effective, accountable and inclusive institutions at all levels",16.1,Significantly reduce all forms of violence and related death rates everywhere,C160103,16.1.3,II,UNODC,"Proportion of population subjected to (a) physical violence, (b) psychological violence and (c) sexual violence in the previous 12 months",2020.Q1.G.01,"['violence', 'crime']",VC_VOV_ROBB,"Proportion of population subjected to robbery in the previous 12 months, by sex (%)",752,Sweden,4,154,Northern Europe,Country,14.3775338,60.60103109,SWE,1,1,_T,Both sexes,"[2006, 2007, 2008, 2009, 2010, 2011, 2012, 2013, 2014, 2015, 2016, 2017]",2006,2017,12,PT,Percentage,G,Global,,1.0,1.1,0.8,1.0,0.8,1.0,1.1,0.8,0.7,0.7,0.9,1.4,1.4,,,The reporting period is the calendar year prior to the interview. It includes both attampted and completed robberies where force was used.,United Nations Office on Drugs and Crime (UNODC),,C: Country data
16,Goal 16,"Promote peaceful and inclusive societies for sustainable development, provide access to justice for all and build effective, accountable and inclusive institutions at all levels",16.1,Significantly reduce all forms of violence and related death rates everywhere,C160103,16.1.3,II,UNODC,"Proportion of population subjected to (a) physical violence, (b) psychological violence and (c) sexual violence in the previous 12 months",2020.Q1.G.01,"['violence', 'crime']",VC_VOV_ROBB,"Proportion of population subjected to robbery in the previous 12 months, by sex (%)",752,Sweden,4,154,Northern Europe,Country,14.3775338,60.60103109,SWE,1,1,M,Male,"[2006, 2007, 2008, 2009, 2010, 2011, 2012, 2013, 2014, 2015, 2016, 2017]",2006,2017,12,PT,Percentage,G,Global,,1.1,1.4,1.0,1.3,1.0,1.3,1.4,1.0,0.8,0.9,1.3,1.9,1.9,,,The reporting period is the calendar year prior to the interview. It includes both attampted and completed robberies where force was used.,United Nations Office on Drugs and Crime (UNODC),,C: Country data
16,Goal 16,"Promote peaceful and inclusive societies for sustainable development, provide access to justice for all and build effective, accountable and inclusive institutions at all levels",16.1,Significantly reduce all forms of violence and related death rates everywhere,C160103,16.1.3,II,UNODC,"Proportion of population subjected to (a) physical violence, (b) psychological violence and (c) sexual violence in the previous 12 months",2020.Q1.G.01,"['violence', 'crime']",VC_VOV_ROBB,"Proportion of population subjected to robbery in the previous 12 months, by sex (%)",752,Sweden,4,154,Northern Europe,Country,14.3775338,60.60103109,SWE,1,1,F,Female,"[2006, 2007, 2008, 2009, 2010, 2011, 2012, 2013, 2014, 2015, 2016, 2017]",2006,2017,12,PT,Percentage,G,Global,,0.8,0.7,0.6,0.7,0.5,0.7,0.7,0.6,0.7,0.5,0.5,0.9,0.9,,,The reporting period is the calendar year prior to the interview. It includes both attampted and completed robberies where force was used.,United Nations Office on Drugs and Crime (UNODC),,C: Country data
16,Goal 16,"Promote peaceful and inclusive societies for sustainable development, provide access to justice for all and build effective, accountable and inclusive institutions at all levels",16.1,Significantly reduce all forms of violence and related death rates everywhere,C160103,16.1.3,II,UNODC,"Proportion of population subjected to (a) physical violence, (b) psychological violence and (c) sexual violence in the previous 12 months",2020.Q1.G.01,"['violence', 'crime']",VC_VOV_ROBB,"Proportion of population subjected to robbery in the previous 12 months, by sex (%)",756,Switzerland,4,155,Western Europe,Country,8.223158,46.96617097,CHE,1,1,_T,Both sexes,"[2009, 2010, 2013, 2014, 2015]",2009,2015,5,PT,Percentage,G,Global,,,,,0.9,1.0,,,0.8,1.0,0.4,,,0.4,,,UN-CTS = United Nations Survey of Crime Trends and Criminal Justice Operations,United Nations Office on Drugs and Crime (UNODC),,C: Country data
16,Goal 16,"Promote peaceful and inclusive societies for sustainable development, provide access to justice for all and build effective, accountable and inclusive institutions at all levels",16.1,Significantly reduce all forms of violence and related death rates everywhere,C160103,16.1.3,II,UNODC,"Proportion of population subjected to (a) physical violence, (b) psychological violence and (c) sexual violence in the previous 12 months",2020.Q1.G.01,"['violence', 'crime']",VC_VOV_ROBB,"Proportion of population subjected to robbery in the previous 12 months, by sex (%)",764,Thailand,4,35,South-Eastern Asia,Country,101.0202951,15.13089239,THA,1,1,_T,Both sexes,[2016],2016,2016,1,PT,Percentage,G,Global,,,,,,,,,,,,2.1,,2.1,,,UN-CTS = United Nations Survey of Crime Trends and Criminal Justice Operations,United Nations Office on Drugs and Crime (UNODC),,C: Country data
16,Goal 16,"Promote peaceful and inclusive societies for sustainable development, provide access to justice for all and build effective, accountable and inclusive institutions at all levels",16.1,Significantly reduce all forms of violence and related death rates everywhere,C160103,16.1.3,II,UNODC,"Proportion of population subjected to (a) physical violence, (b) psychological violence and (c) sexual violence in the previous 12 months",2020.Q1.G.01,"['violence', 'crime']",VC_VOV_ROBB,"Proportion of population subjected to robbery in the previous 12 months, by sex (%)",780,Trinidad and Tobago,5,29,Caribbean,Country,-61.29389504,10.41877263,TTO,1,1,_T,Both sexes,"[2007, 2015]",2007,2015,2,PT,Percentage,G,Global,,,5.1,,,,,,,,0.9,,,0.9,,,UN-CTS = United Nations Survey of Crime Trends and Criminal Justice Operations,United Nations Office on Drugs and Crime (UNODC),,C: Country data
16,Goal 16,"Promote peaceful and inclusive societies for sustainable development, provide access to justice for all and build effective, accountable and inclusive institutions at all levels",16.1,Significantly reduce all forms of violence and related death rates everywhere,C160103,16.1.3,II,UNODC,"Proportion of population subjected to (a) physical violence, (b) psychological violence and (c) sexual violence in the previous 12 months",2020.Q1.G.01,"['violence', 'crime']",VC_VOV_ROBB,"Proportion of population subjected to robbery in the previous 12 months, by sex (%)",780,Trinidad and Tobago,5,29,Caribbean,Country,-61.29389504,10.41877263,TTO,1,1,F,Female,[2007],2007,2007,1,PT,Percentage,G,Global,,,4.0,,,,,,,,,,,4.0,,,UN-CTS = United Nations Survey of Crime Trends and Criminal Justice Operations,United Nations Office on Drugs and Crime (UNODC),,C: Country data
16,Goal 16,"Promote peaceful and inclusive societies for sustainable development, provide access to justice for all and build effective, accountable and inclusive institutions at all levels",16.1,Significantly reduce all forms of violence and related death rates everywhere,C160103,16.1.3,II,UNODC,"Proportion of population subjected to (a) physical violence, (b) psychological violence and (c) sexual violence in the previous 12 months",2020.Q1.G.01,"['violence', 'crime']",VC_VOV_ROBB,"Proportion of population subjected to robbery in the previous 12 months, by sex (%)",780,Trinidad and Tobago,5,29,Caribbean,Country,-61.29389504,10.41877263,TTO,1,1,M,Male,[2007],2007,2007,1,PT,Percentage,G,Global,,,6.7,,,,,,,,,,,6.7,,,UN-CTS = United Nations Survey of Crime Trends and Criminal Justice Operations,United Nations Office on Drugs and Crime (UNODC),,C: Country data
16,Goal 16,"Promote peaceful and inclusive societies for sustainable development, provide access to justice for all and build effective, accountable and inclusive institutions at all levels",16.1,Significantly reduce all forms of violence and related death rates everywhere,C160103,16.1.3,II,UNODC,"Proportion of population subjected to (a) physical violence, (b) psychological violence and (c) sexual violence in the previous 12 months",2020.Q1.G.01,"['violence', 'crime']",VC_VOV_ROBB,"Proportion of population subjected to robbery in the previous 12 months, by sex (%)",800,Uganda,5,14,Eastern Africa,Country,32.39100438,1.279557331,UGA,1,1,_T,Both sexes,[2016],2016,2016,1,PT,Percentage,G,Global,,,,,,,,,,,,2.1,,2.1,,,UN-CTS = United Nations Survey of Crime Trends and Criminal Justice Operations,United Nations Office on Drugs and Crime (UNODC),,C: Country data
16,Goal 16,"Promote peaceful and inclusive societies for sustainable development, provide access to justice for all and build effective, accountable and inclusive institutions at all levels",16.1,Significantly reduce all forms of violence and related death rates everywhere,C160103,16.1.3,II,UNODC,"Proportion of population subjected to (a) physical violence, (b) psychological violence and (c) sexual violence in the previous 12 months",2020.Q1.G.01,"['violence', 'crime']",VC_VOV_ROBB,"Proportion of population subjected to robbery in the previous 12 months, by sex (%)",827,United Kingdom (England and Wales),4,154,Northern Europe,Country,,,,,,_T,Both sexes,"[2006, 2007, 2008, 2009, 2010, 2011, 2012, 2013, 2014, 2015, 2016]",2006,2016,11,PT,Percentage,G,Global,,0.5,0.5,0.5,0.6,0.4,0.5,0.4,0.3,0.2,0.3,0.2,,0.2,,,Includes only thefts where force was used or the use of force was threatened. All figures are financial year April to March.,United Nations Office on Drugs and Crime (UNODC),,C: Country data
16,Goal 16,"Promote peaceful and inclusive societies for sustainable development, provide access to justice for all and build effective, accountable and inclusive institutions at all levels",16.1,Significantly reduce all forms of violence and related death rates everywhere,C160103,16.1.3,II,UNODC,"Proportion of population subjected to (a) physical violence, (b) psychological violence and (c) sexual violence in the previous 12 months",2020.Q1.G.01,"['violence', 'crime']",VC_VOV_ROBB,"Proportion of population subjected to robbery in the previous 12 months, by sex (%)",827,United Kingdom (England and Wales),4,154,Northern Europe,Country,,,,,,F,Female,"[2007, 2008, 2009, 2010, 2011, 2012, 2013, 2014, 2015]",2007,2015,9,PT,Percentage,G,Global,,,0.3,0.3,0.3,0.3,0.3,0.3,0.2,0.1,0.2,,,0.2,,,Includes only thefts where force was used or the use of force was threatened. All figures are financial year April to March.,United Nations Office on Drugs and Crime (UNODC),,C: Country data
16,Goal 16,"Promote peaceful and inclusive societies for sustainable development, provide access to justice for all and build effective, accountable and inclusive institutions at all levels",16.1,Significantly reduce all forms of violence and related death rates everywhere,C160103,16.1.3,II,UNODC,"Proportion of population subjected to (a) physical violence, (b) psychological violence and (c) sexual violence in the previous 12 months",2020.Q1.G.01,"['violence', 'crime']",VC_VOV_ROBB,"Proportion of population subjected to robbery in the previous 12 months, by sex (%)",827,United Kingdom (England and Wales),4,154,Northern Europe,Country,,,,,,M,Male,"[2008, 2009, 2010, 2011, 2012, 2013, 2014, 2015]",2008,2015,8,PT,Percentage,G,Global,,,,0.8,0.8,0.6,0.7,0.5,0.4,0.3,0.4,,,0.4,,,Includes only thefts where force was used or the use of force was threatened. All figures are financial year April to March.,United Nations Office on Drugs and Crime (UNODC),,C: Country data
16,Goal 16,"Promote peaceful and inclusive societies for sustainable development, provide access to justice for all and build effective, accountable and inclusive institutions at all levels",16.1,Significantly reduce all forms of violence and related death rates everywhere,C160103,16.1.3,II,UNODC,"Proportion of population subjected to (a) physical violence, (b) psychological violence and (c) sexual violence in the previous 12 months",2020.Q1.G.01,"['violence', 'crime']",VC_VOV_ROBB,"Proportion of population subjected to robbery in the previous 12 months, by sex (%)",828,United Kingdom (Northern Ireland),4,154,Northern Europe,Country,,,,,,_T,Both sexes,"[2006, 2007, 2008, 2009, 2010, 2011, 2013, 2014, 2015]",2006,2015,9,PT,Percentage,G,Global,,0.4,0.1,0.1,0.2,0.2,0.1,,0.1,0.2,0.2,,,0.2,,,Excludes attempts,United Nations Office on Drugs and Crime (UNODC),,C: Country data
16,Goal 16,"Promote peaceful and inclusive societies for sustainable development, provide access to justice for all and build effective, accountable and inclusive institutions at all levels",16.1,Significantly reduce all forms of violence and related death rates everywhere,C160103,16.1.3,II,UNODC,"Proportion of population subjected to (a) physical violence, (b) psychological violence and (c) sexual violence in the previous 12 months",2020.Q1.G.01,"['violence', 'crime']",VC_VOV_ROBB,"Proportion of population subjected to robbery in the previous 12 months, by sex (%)",829,United Kingdom (Scotland),4,154,Northern Europe,Country,,,,,,F,Female,"[2009, 2010, 2011, 2013, 2015]",2009,2015,5,PT,Percentage,G,Global,,,,,0.2,0.1,0.1,,0.1,,0.1,,,0.1,,,Includes only thefts where force was used or the use of force was threatened in the 12 months prior to interview. Excludes attempts.,United Nations Office on Drugs and Crime (UNODC),,C: Country data
16,Goal 16,"Promote peaceful and inclusive societies for sustainable development, provide access to justice for all and build effective, accountable and inclusive institutions at all levels",16.1,Significantly reduce all forms of violence and related death rates everywhere,C160103,16.1.3,II,UNODC,"Proportion of population subjected to (a) physical violence, (b) psychological violence and (c) sexual violence in the previous 12 months",2020.Q1.G.01,"['violence', 'crime']",VC_VOV_ROBB,"Proportion of population subjected to robbery in the previous 12 months, by sex (%)",829,United Kingdom (Scotland),4,154,Northern Europe,Country,,,,,,M,Male,"[2009, 2010, 2011, 2013, 2015]",2009,2015,5,PT,Percentage,G,Global,,,,,0.6,0.4,0.3,,0.4,,0.1,,,0.1,,,Includes only thefts where force was used or the use of force was threatened in the 12 months prior to interview. Excludes attempts.,United Nations Office on Drugs and Crime (UNODC),,C: Country data
16,Goal 16,"Promote peaceful and inclusive societies for sustainable development, provide access to justice for all and build effective, accountable and inclusive institutions at all levels",16.1,Significantly reduce all forms of violence and related death rates everywhere,C160103,16.1.3,II,UNODC,"Proportion of population subjected to (a) physical violence, (b) psychological violence and (c) sexual violence in the previous 12 months",2020.Q1.G.01,"['violence', 'crime']",VC_VOV_ROBB,"Proportion of population subjected to robbery in the previous 12 months, by sex (%)",829,United Kingdom (Scotland),4,154,Northern Europe,Country,,,,,,_T,Both sexes,"[2009, 2010, 2011, 2013, 2015]",2009,2015,5,PT,Percentage,G,Global,,,,,0.4,0.3,0.2,,0.2,,0.1,,,0.1,,,Includes only thefts where force was used or the use of force was threatened in the 12 months prior to interview. Excludes attempts.,United Nations Office on Drugs and Crime (UNODC),,C: Country data
16,Goal 16,"Promote peaceful and inclusive societies for sustainable development, provide access to justice for all and build effective, accountable and inclusive institutions at all levels",16.1,Significantly reduce all forms of violence and related death rates everywhere,C160103,16.1.3,II,UNODC,"Proportion of population subjected to (a) physical violence, (b) psychological violence and (c) sexual violence in the previous 12 months",2020.Q1.G.01,"['violence', 'crime']",VC_VOV_ROBB,"Proportion of population subjected to robbery in the previous 12 months, by sex (%)",840,United States of America,4,21,Northern America,Country,-99.13830311,39.5277871,USA,1,1,M,Male,"[2007, 2008, 2009, 2010]",2007,2010,4,PT,Percentage,G,Global,,,0.3,0.3,0.3,0.2,,,,,,,,0.2,,,Based on number of incidents in last 6 months over successive interviews during calendar year. Percent of persons age 12 or older (2016 data are not comparable),United Nations Office on Drugs and Crime (UNODC),,C: Country data
16,Goal 16,"Promote peaceful and inclusive societies for sustainable development, provide access to justice for all and build effective, accountable and inclusive institutions at all levels",16.1,Significantly reduce all forms of violence and related death rates everywhere,C160103,16.1.3,II,UNODC,"Proportion of population subjected to (a) physical violence, (b) psychological violence and (c) sexual violence in the previous 12 months",2020.Q1.G.01,"['violence', 'crime']",VC_VOV_ROBB,"Proportion of population subjected to robbery in the previous 12 months, by sex (%)",840,United States of America,4,21,Northern America,Country,-99.13830311,39.5277871,USA,1,1,F,Female,"[2007, 2008, 2009, 2010]",2007,2010,4,PT,Percentage,G,Global,,,0.1,0.2,0.2,0.1,,,,,,,,0.1,,,Based on number of incidents in last 6 months over successive interviews during calendar year. Percent of persons age 12 or older (2016 data are not comparable),United Nations Office on Drugs and Crime (UNODC),,C: Country data
16,Goal 16,"Promote peaceful and inclusive societies for sustainable development, provide access to justice for all and build effective, accountable and inclusive institutions at all levels",16.1,Significantly reduce all forms of violence and related death rates everywhere,C160103,16.1.3,II,UNODC,"Proportion of population subjected to (a) physical violence, (b) psychological violence and (c) sexual violence in the previous 12 months",2020.Q1.G.01,"['violence', 'crime']",VC_VOV_ROBB,"Proportion of population subjected to robbery in the previous 12 months, by sex (%)",840,United States of America,4,21,Northern America,Country,-99.13830311,39.5277871,USA,1,1,_T,Both sexes,"[2008, 2009, 2010, 2011, 2012, 2013, 2014, 2015, 2016]",2008,2016,9,PT,Percentage,G,Global,,,,0.2,0.2,0.2,0.1,0.2,0.1,0.2,0.1,0.2,,0.2,,,Based on number of incidents in last 6 months over successive interviews during calendar year. Percent of persons age 12 or older (2016 data are not comparable),United Nations Office on Drugs and Crime (UNODC),,C: Country data
16,Goal 16,"Promote peaceful and inclusive societies for sustainable development, provide access to justice for all and build effective, accountable and inclusive institutions at all levels",16.1,Significantly reduce all forms of violence and related death rates everywhere,C160103,16.1.3,II,UNODC,"Proportion of population subjected to (a) physical violence, (b) psychological violence and (c) sexual violence in the previous 12 months",2020.Q1.G.01,"['violence', 'crime']",VC_VOV_ROBB,"Proportion of population subjected to robbery in the previous 12 months, by sex (%)",858,Uruguay,5,5,South America,Country,-56.01387025,-32.8002838,URY,1,1,M,Male,[2011],2011,2011,1,PT,Percentage,G,Global,,,,,,,5.0,,,,,,,5.0,,,"Including robbery with violence only, exlcuding theft without violence. Excluding attempts. Source: Ministry of the Interior. 2011 ENCUESTA DE OPININ PBLICA SOBRE NIVELES DE VICTIMIZACIN, PERCEPCIONES DE INSEGURIDAD Y GRADOS DE CONFIANZA INSTITUCIONAL EN EL URUGUAY SEGUNDO INFORME PRELIMINAR",United Nations Office on Drugs and Crime (UNODC),,C: Country data
16,Goal 16,"Promote peaceful and inclusive societies for sustainable development, provide access to justice for all and build effective, accountable and inclusive institutions at all levels",16.1,Significantly reduce all forms of violence and related death rates everywhere,C160103,16.1.3,II,UNODC,"Proportion of population subjected to (a) physical violence, (b) psychological violence and (c) sexual violence in the previous 12 months",2020.Q1.G.01,"['violence', 'crime']",VC_VOV_ROBB,"Proportion of population subjected to robbery in the previous 12 months, by sex (%)",858,Uruguay,5,5,South America,Country,-56.01387025,-32.8002838,URY,1,1,_T,Both sexes,[2011],2011,2011,1,PT,Percentage,G,Global,,,,,,,5.0,,,,,,,5.0,,,"Including robbery with violence only, exlcuding theft without violence. Excluding attempts. Source: Ministry of the Interior. 2011 ENCUESTA DE OPININ PBLICA SOBRE NIVELES DE VICTIMIZACIN, PERCEPCIONES DE INSEGURIDAD Y GRADOS DE CONFIANZA INSTITUCIONAL EN EL URUGUAY SEGUNDO INFORME PRELIMINAR",United Nations Office on Drugs and Crime (UNODC),,C: Country data
16,Goal 16,"Promote peaceful and inclusive societies for sustainable development, provide access to justice for all and build effective, accountable and inclusive institutions at all levels",16.1,Significantly reduce all forms of violence and related death rates everywhere,C160103,16.1.3,II,UNODC,"Proportion of population subjected to (a) physical violence, (b) psychological violence and (c) sexual violence in the previous 12 months",2020.Q1.G.01,"['violence', 'crime']",VC_VOV_ROBB,"Proportion of population subjected to robbery in the previous 12 months, by sex (%)",858,Uruguay,5,5,South America,Country,-56.01387025,-32.8002838,URY,1,1,F,Female,[2011],2011,2011,1,PT,Percentage,G,Global,,,,,,,5.0,,,,,,,5.0,,,"Including robbery with violence only, exlcuding theft without violence. Excluding attempts. Source: Ministry of the Interior. 2011 ENCUESTA DE OPININ PBLICA SOBRE NIVELES DE VICTIMIZACIN, PERCEPCIONES DE INSEGURIDAD Y GRADOS DE CONFIANZA INSTITUCIONAL EN EL URUGUAY SEGUNDO INFORME PRELIMINAR",United Nations Office on Drugs and Crime (UNODC),,C: Country data
