goal_code,goal_labelEN,goal_descEN,target_code,target_descEN,indicator_code,indicator_reference,indicator_tier,indicator_custodians,indicator_descEN,series_release,series_tags,series,seriesDescription,geoAreaCode,geoAreaName,level,parentCode,parentName,type,X,Y,ISO3,UN_Member,Country_Profile,sex_code,sex_desc,years,min_year,max_year,n_years,unitsCode,unitsDesc,reportingTypeCode,reportingTypeDesc,value_2003,value_2004,value_2005,value_2006,value_2007,value_2008,value_2009,value_2010,value_2011,value_2012,value_2013,value_2014,value_2015,value_2016,value_2017,latest_value,basePeriod,valueDetails,footnotes,sources,timeDetails,nature
16,Goal 16,"Promote peaceful and inclusive societies for sustainable development, provide access to justice for all and build effective, accountable and inclusive institutions at all levels",16.1,Significantly reduce all forms of violence and related death rates everywhere,C160103,16.1.3,II,UNODC,"Proportion of population subjected to (a) physical violence, (b) psychological violence and (c) sexual violence in the previous 12 months",2020.Q1.G.01,['violence'],VC_VOV_PHYL,"Proportion of population subjected to physical violence in the previous 12 months, by sex (%)",120,Cameroon,5,17,Middle Africa,Country,12.7419827,5.692387031,CMR,1,1,_T,Both sexes,[2011],2011,2011,1,PT,Percentage,G,Global,,,,,,,,,36.8,,,,,,,36.8,,,,United Nations Office on Drugs and Crime (UNODC),,_X: Data nature not available
16,Goal 16,"Promote peaceful and inclusive societies for sustainable development, provide access to justice for all and build effective, accountable and inclusive institutions at all levels",16.1,Significantly reduce all forms of violence and related death rates everywhere,C160103,16.1.3,II,UNODC,"Proportion of population subjected to (a) physical violence, (b) psychological violence and (c) sexual violence in the previous 12 months",2020.Q1.G.01,['violence'],VC_VOV_PHYL,"Proportion of population subjected to physical violence in the previous 12 months, by sex (%)",124,Canada,4,21,Northern America,Country,-101.6575058,57.72360191,CAN,1,1,_T,Both sexes,"[2004, 2009, 2014]",2004,2014,3,PT,Percentage,G,Global,,7.5,,,,,8.0,,,,,4.8,,,,4.8,,,"UN-CTS. Survey included population, aged 15 and older. It defines physical assault as: An attack (victim hit, slapped, grabbed, knocked down, or beaten), a facte-to-face threat of physical harm, or an incident with a weapon present.",United Nations Office on Drugs and Crime (UNODC),,_X: Data nature not available
16,Goal 16,"Promote peaceful and inclusive societies for sustainable development, provide access to justice for all and build effective, accountable and inclusive institutions at all levels",16.1,Significantly reduce all forms of violence and related death rates everywhere,C160103,16.1.3,II,UNODC,"Proportion of population subjected to (a) physical violence, (b) psychological violence and (c) sexual violence in the previous 12 months",2020.Q1.G.01,['violence'],VC_VOV_PHYL,"Proportion of population subjected to physical violence in the previous 12 months, by sex (%)",152,Chile,5,5,South America,Country,-71.23029019,-35.2652885,CHL,1,1,_T,Both sexes,"[2005, 2006, 2007, 2008, 2009, 2010, 2011, 2012, 2013, 2014, 2015, 2016, 2017]",2005,2017,13,PT,Percentage,G,Global,,,2.2,2.8,2.3,2.5,3.1,1.8,2.5,1.6,1.5,1.2,0.9,0.8,1.1,1.1,,,[2005-2014]: Data for 2005 -2016 Source: Encuesta Nacional Urbana de Seguridad Ciudadana (ENUSC). The indicator is estimated as percentage of the households that had victims of injuries. // [2015-2017]: UN-CTS: Data is available only for 2015-2017 and includes people with injuries (Personas vĂ­ctimas de lesiones).,United Nations Office on Drugs and Crime (UNODC),,_X: Data nature not available
16,Goal 16,"Promote peaceful and inclusive societies for sustainable development, provide access to justice for all and build effective, accountable and inclusive institutions at all levels",16.1,Significantly reduce all forms of violence and related death rates everywhere,C160103,16.1.3,II,UNODC,"Proportion of population subjected to (a) physical violence, (b) psychological violence and (c) sexual violence in the previous 12 months",2020.Q1.G.01,['violence'],VC_VOV_PHYL,"Proportion of population subjected to physical violence in the previous 12 months, by sex (%)",152,Chile,5,5,South America,Country,-71.23029019,-35.2652885,CHL,1,1,M,Male,"[2015, 2016, 2017]",2015,2017,3,PT,Percentage,G,Global,,,,,,,,,,,,,1.2,1.1,1.4,1.4,,,UN-CTS: Data is available only for 2015-2017 and includes people with injuries (Personas vĂ­ctimas de lesiones).,United Nations Office on Drugs and Crime (UNODC),,_X: Data nature not available
16,Goal 16,"Promote peaceful and inclusive societies for sustainable development, provide access to justice for all and build effective, accountable and inclusive institutions at all levels",16.1,Significantly reduce all forms of violence and related death rates everywhere,C160103,16.1.3,II,UNODC,"Proportion of population subjected to (a) physical violence, (b) psychological violence and (c) sexual violence in the previous 12 months",2020.Q1.G.01,['violence'],VC_VOV_PHYL,"Proportion of population subjected to physical violence in the previous 12 months, by sex (%)",152,Chile,5,5,South America,Country,-71.23029019,-35.2652885,CHL,1,1,F,Female,"[2015, 2016, 2017]",2015,2017,3,PT,Percentage,G,Global,,,,,,,,,,,,,0.7,0.6,0.7,0.7,,,UN-CTS: Data is available only for 2015-2017 and includes people with injuries (Personas vĂ­ctimas de lesiones).,United Nations Office on Drugs and Crime (UNODC),,_X: Data nature not available
16,Goal 16,"Promote peaceful and inclusive societies for sustainable development, provide access to justice for all and build effective, accountable and inclusive institutions at all levels",16.1,Significantly reduce all forms of violence and related death rates everywhere,C160103,16.1.3,II,UNODC,"Proportion of population subjected to (a) physical violence, (b) psychological violence and (c) sexual violence in the previous 12 months",2020.Q1.G.01,['violence'],VC_VOV_PHYL,"Proportion of population subjected to physical violence in the previous 12 months, by sex (%)",170,Colombia,5,5,South America,Country,-73.07446751,3.888209046,COL,1,1,_T,Both sexes,"[2012, 2013, 2014, 2015, 2016]",2012,2016,5,PT,Percentage,G,Global,,,,,,,,,,2.5,2.2,2.2,1.9,2.1,,2.1,,,UN-CTS. The ECSC measures the prevalence of persons over 15 years old involved in a fight or encounter that involved physical violence (with or without injuries to the person),United Nations Office on Drugs and Crime (UNODC),,_X: Data nature not available
16,Goal 16,"Promote peaceful and inclusive societies for sustainable development, provide access to justice for all and build effective, accountable and inclusive institutions at all levels",16.1,Significantly reduce all forms of violence and related death rates everywhere,C160103,16.1.3,II,UNODC,"Proportion of population subjected to (a) physical violence, (b) psychological violence and (c) sexual violence in the previous 12 months",2020.Q1.G.01,['violence'],VC_VOV_PHYL,"Proportion of population subjected to physical violence in the previous 12 months, by sex (%)",203,Czechia,4,151,Eastern Europe,Country,15.33151382,49.73913871,CZE,1,1,_T,Both sexes,"[2010, 2011, 2012, 2013, 2014, 2015, 2016, 2017]",2010,2017,8,PT,Percentage,G,Global,,,,,,,,0.4,0.4,0.4,0.4,0.3,0.3,0.4,0.4,0.4,,,"UN-CTS. We asked physical assault without specification of bodily injury or harm, NO domestic violence was involved",United Nations Office on Drugs and Crime (UNODC),,_X: Data nature not available
16,Goal 16,"Promote peaceful and inclusive societies for sustainable development, provide access to justice for all and build effective, accountable and inclusive institutions at all levels",16.1,Significantly reduce all forms of violence and related death rates everywhere,C160103,16.1.3,II,UNODC,"Proportion of population subjected to (a) physical violence, (b) psychological violence and (c) sexual violence in the previous 12 months",2020.Q1.G.01,['violence'],VC_VOV_PHYL,"Proportion of population subjected to physical violence in the previous 12 months, by sex (%)",214,Dominican Republic,5,29,Caribbean,Country,-70.49847576,18.89832088,DOM,1,1,_T,Both sexes,[2010],2010,2010,1,PT,Percentage,G,Global,,,,,,,,4.4,,,,,,,,4.4,,,Source: Module in the Encuesta Nacional de Hogares. Percentage of persons 12 and older that were victims of assault or threat during the previous 12 months,United Nations Office on Drugs and Crime (UNODC),,_X: Data nature not available
16,Goal 16,"Promote peaceful and inclusive societies for sustainable development, provide access to justice for all and build effective, accountable and inclusive institutions at all levels",16.1,Significantly reduce all forms of violence and related death rates everywhere,C160103,16.1.3,II,UNODC,"Proportion of population subjected to (a) physical violence, (b) psychological violence and (c) sexual violence in the previous 12 months",2020.Q1.G.01,['violence'],VC_VOV_PHYL,"Proportion of population subjected to physical violence in the previous 12 months, by sex (%)",246,Finland,4,154,Northern Europe,Country,23.308447,61.91586738,FIN,1,1,_T,Both sexes,"[2012, 2013, 2014, 2015, 2016, 2017]",2012,2017,6,PT,Percentage,G,Global,,,,,,,,,,7.0,7.0,5.9,7.3,6.1,6.3,6.3,,,"UN-CTS: Includes also incidents of minor physical force and incidents which did not result in injury. Attempts are not included but whether the respondent includes attempts is in his/her own discretion, as the wording in the question only enquires about being a victim of certain acts, whether or not the attempt was fulfilled. The data includes robbery",United Nations Office on Drugs and Crime (UNODC),,_X: Data nature not available
16,Goal 16,"Promote peaceful and inclusive societies for sustainable development, provide access to justice for all and build effective, accountable and inclusive institutions at all levels",16.1,Significantly reduce all forms of violence and related death rates everywhere,C160103,16.1.3,II,UNODC,"Proportion of population subjected to (a) physical violence, (b) psychological violence and (c) sexual violence in the previous 12 months",2020.Q1.G.01,['violence'],VC_VOV_PHYL,"Proportion of population subjected to physical violence in the previous 12 months, by sex (%)",246,Finland,4,154,Northern Europe,Country,23.308447,61.91586738,FIN,1,1,F,Female,"[2016, 2017]",2016,2017,2,PT,Percentage,G,Global,,,,,,,,,,,,,,6.4,6.4,6.4,,,"UN-CTS: Includes also incidents of minor physical force and incidents which did not result in injury. Attempts are not included but whether the respondent includes attempts is in his/her own discretion, as the wording in the question only enquires about being a victim of certain acts, whether or not the attempt was fulfilled. The data includes robbery",United Nations Office on Drugs and Crime (UNODC),,_X: Data nature not available
16,Goal 16,"Promote peaceful and inclusive societies for sustainable development, provide access to justice for all and build effective, accountable and inclusive institutions at all levels",16.1,Significantly reduce all forms of violence and related death rates everywhere,C160103,16.1.3,II,UNODC,"Proportion of population subjected to (a) physical violence, (b) psychological violence and (c) sexual violence in the previous 12 months",2020.Q1.G.01,['violence'],VC_VOV_PHYL,"Proportion of population subjected to physical violence in the previous 12 months, by sex (%)",246,Finland,4,154,Northern Europe,Country,23.308447,61.91586738,FIN,1,1,M,Male,"[2016, 2017]",2016,2017,2,PT,Percentage,G,Global,,,,,,,,,,,,,,5.8,6.2,6.2,,,"UN-CTS: Includes also incidents of minor physical force and incidents which did not result in injury. Attempts are not included but whether the respondent includes attempts is in his/her own discretion, as the wording in the question only enquires about being a victim of certain acts, whether or not the attempt was fulfilled. The data includes robbery",United Nations Office on Drugs and Crime (UNODC),,_X: Data nature not available
16,Goal 16,"Promote peaceful and inclusive societies for sustainable development, provide access to justice for all and build effective, accountable and inclusive institutions at all levels",16.1,Significantly reduce all forms of violence and related death rates everywhere,C160103,16.1.3,II,UNODC,"Proportion of population subjected to (a) physical violence, (b) psychological violence and (c) sexual violence in the previous 12 months",2020.Q1.G.01,['violence'],VC_VOV_PHYL,"Proportion of population subjected to physical violence in the previous 12 months, by sex (%)",250,France,4,155,Western Europe,Country,2.457288129,46.62660861,FRA,1,1,_T,Both sexes,"[2009, 2010, 2011, 2012, 2013, 2014, 2015, 2016, 2017]",2009,2017,9,PT,Percentage,G,Global,,,,,,,2.4,2.5,2.1,2.2,2.4,2.0,2.5,2.3,1.7,1.7,,,"UN-CTS. Physical violence (slaps, blows, wounds) 18-75 years",United Nations Office on Drugs and Crime (UNODC),,_X: Data nature not available
16,Goal 16,"Promote peaceful and inclusive societies for sustainable development, provide access to justice for all and build effective, accountable and inclusive institutions at all levels",16.1,Significantly reduce all forms of violence and related death rates everywhere,C160103,16.1.3,II,UNODC,"Proportion of population subjected to (a) physical violence, (b) psychological violence and (c) sexual violence in the previous 12 months",2020.Q1.G.01,['violence'],VC_VOV_PHYL,"Proportion of population subjected to physical violence in the previous 12 months, by sex (%)",250,France,4,155,Western Europe,Country,2.457288129,46.62660861,FRA,1,1,M,Male,"[2014, 2015, 2016, 2017]",2014,2017,4,PT,Percentage,G,Global,,,,,,,,,,,,2.1,2.5,2.2,1.7,1.7,,,"UN-CTS. Physical violence (slaps, blows, wounds) 18-75 years",United Nations Office on Drugs and Crime (UNODC),,_X: Data nature not available
16,Goal 16,"Promote peaceful and inclusive societies for sustainable development, provide access to justice for all and build effective, accountable and inclusive institutions at all levels",16.1,Significantly reduce all forms of violence and related death rates everywhere,C160103,16.1.3,II,UNODC,"Proportion of population subjected to (a) physical violence, (b) psychological violence and (c) sexual violence in the previous 12 months",2020.Q1.G.01,['violence'],VC_VOV_PHYL,"Proportion of population subjected to physical violence in the previous 12 months, by sex (%)",250,France,4,155,Western Europe,Country,2.457288129,46.62660861,FRA,1,1,F,Female,"[2014, 2015, 2016, 2017]",2014,2017,4,PT,Percentage,G,Global,,,,,,,,,,,,2.0,2.4,2.4,1.8,1.8,,,"UN-CTS. Physical violence (slaps, blows, wounds) 18-75 years",United Nations Office on Drugs and Crime (UNODC),,_X: Data nature not available
16,Goal 16,"Promote peaceful and inclusive societies for sustainable development, provide access to justice for all and build effective, accountable and inclusive institutions at all levels",16.1,Significantly reduce all forms of violence and related death rates everywhere,C160103,16.1.3,II,UNODC,"Proportion of population subjected to (a) physical violence, (b) psychological violence and (c) sexual violence in the previous 12 months",2020.Q1.G.01,['violence'],VC_VOV_PHYL,"Proportion of population subjected to physical violence in the previous 12 months, by sex (%)",275,State of Palestine,4,145,Western Asia,Country,35.25694122,31.94347933,PSE,0,1,_T,Both sexes,"[2004, 2008, 2012, 2016]",2004,2016,4,PT,Percentage,G,Global,,1.5,,,,0.9,,,,0.7,,,,0.9,,0.9,,,,United Nations Office on Drugs and Crime (UNODC),,_X: Data nature not available
16,Goal 16,"Promote peaceful and inclusive societies for sustainable development, provide access to justice for all and build effective, accountable and inclusive institutions at all levels",16.1,Significantly reduce all forms of violence and related death rates everywhere,C160103,16.1.3,II,UNODC,"Proportion of population subjected to (a) physical violence, (b) psychological violence and (c) sexual violence in the previous 12 months",2020.Q1.G.01,['violence'],VC_VOV_PHYL,"Proportion of population subjected to physical violence in the previous 12 months, by sex (%)",276,Germany,4,155,Western Europe,Country,10.3806066,51.08862743,DEU,1,1,_T,Both sexes,[2012],2012,2012,1,PT,Percentage,G,Global,,,,,,,,,,2.8,,,,,,2.8,,,,United Nations Office on Drugs and Crime (UNODC),,_X: Data nature not available
16,Goal 16,"Promote peaceful and inclusive societies for sustainable development, provide access to justice for all and build effective, accountable and inclusive institutions at all levels",16.1,Significantly reduce all forms of violence and related death rates everywhere,C160103,16.1.3,II,UNODC,"Proportion of population subjected to (a) physical violence, (b) psychological violence and (c) sexual violence in the previous 12 months",2020.Q1.G.01,['violence'],VC_VOV_PHYL,"Proportion of population subjected to physical violence in the previous 12 months, by sex (%)",32,Argentina,5,5,South America,Country,-65.14563274,-35.19446255,ARG,1,1,_T,Both sexes,[2016],2016,2016,1,PT,Percentage,G,Global,,,,,,,,,,,,,,21.7,,21.7,,,,United Nations Office on Drugs and Crime (UNODC),,_X: Data nature not available
16,Goal 16,"Promote peaceful and inclusive societies for sustainable development, provide access to justice for all and build effective, accountable and inclusive institutions at all levels",16.1,Significantly reduce all forms of violence and related death rates everywhere,C160103,16.1.3,II,UNODC,"Proportion of population subjected to (a) physical violence, (b) psychological violence and (c) sexual violence in the previous 12 months",2020.Q1.G.01,['violence'],VC_VOV_PHYL,"Proportion of population subjected to physical violence in the previous 12 months, by sex (%)",328,Guyana,5,5,South America,Country,-58.97322037,4.788012784,GUY,1,1,_T,Both sexes,[2010],2010,2010,1,PT,Percentage,G,Global,,,,,,,,4.2,,,,,,,,4.2,,,,United Nations Office on Drugs and Crime (UNODC),,_X: Data nature not available
16,Goal 16,"Promote peaceful and inclusive societies for sustainable development, provide access to justice for all and build effective, accountable and inclusive institutions at all levels",16.1,Significantly reduce all forms of violence and related death rates everywhere,C160103,16.1.3,II,UNODC,"Proportion of population subjected to (a) physical violence, (b) psychological violence and (c) sexual violence in the previous 12 months",2020.Q1.G.01,['violence'],VC_VOV_PHYL,"Proportion of population subjected to physical violence in the previous 12 months, by sex (%)",348,Hungary,4,151,Eastern Europe,Country,19.41221519,47.1651448,HUN,1,1,_T,Both sexes,"[2009, 2010, 2011, 2012, 2013, 2014]",2009,2014,6,PT,Percentage,G,Global,,,,,,,0.1,0.1,0.1,0.1,0.1,0.1,,,,0.1,,,,United Nations Office on Drugs and Crime (UNODC),,_X: Data nature not available
16,Goal 16,"Promote peaceful and inclusive societies for sustainable development, provide access to justice for all and build effective, accountable and inclusive institutions at all levels",16.1,Significantly reduce all forms of violence and related death rates everywhere,C160103,16.1.3,II,UNODC,"Proportion of population subjected to (a) physical violence, (b) psychological violence and (c) sexual violence in the previous 12 months",2020.Q1.G.01,['violence'],VC_VOV_PHYL,"Proportion of population subjected to physical violence in the previous 12 months, by sex (%)",352,Iceland,4,154,Northern Europe,Country,-19.02116966,64.79134763,ISL,1,1,_T,Both sexes,"[2013, 2014, 2015, 2016, 2017]",2013,2017,5,PT,Percentage,G,Global,,,,,,,,,,,3.3,3.0,2.6,2.1,3.0,3.0,,,"UN-CTS: The wording of the question is: Did you experience some violent offence(s) in the previous year? Some violent offence(s) can includes violence or an assault, for eample, if someone hits you with a fist or a weapon. Includes also incidents where minor physical force was applied. Attempts are excluded.",United Nations Office on Drugs and Crime (UNODC),,_X: Data nature not available
16,Goal 16,"Promote peaceful and inclusive societies for sustainable development, provide access to justice for all and build effective, accountable and inclusive institutions at all levels",16.1,Significantly reduce all forms of violence and related death rates everywhere,C160103,16.1.3,II,UNODC,"Proportion of population subjected to (a) physical violence, (b) psychological violence and (c) sexual violence in the previous 12 months",2020.Q1.G.01,['violence'],VC_VOV_PHYL,"Proportion of population subjected to physical violence in the previous 12 months, by sex (%)",36,Australia,4,53,Australia and New Zealand,Country,134.3499412,-25.57717202,AUS,1,1,M,Male,"[2009, 2010, 2011, 2012, 2013, 2014, 2015, 2016, 2017]",2009,2017,9,PT,Percentage,G,Global,,,,,,,3.9,3.4,3.2,3.5,3.2,2.5,2.3,2.6,2.4,2.4,,,"UN-CTS. Data relate to 12 months prior to interview. For this survey, physical assault is defined as an act of physical force or violence by a person against another person. It includes: being pushed, grabbed, shoved, slapped, kicked, bitten, choked, shot, burnt, being hit with something such as a bat, being dragged or hit deliberately by a vehicle. Includes all acts of physical force or violence regardless of severity or injury. Excluding attempts.",United Nations Office on Drugs and Crime (UNODC),,_X: Data nature not available
16,Goal 16,"Promote peaceful and inclusive societies for sustainable development, provide access to justice for all and build effective, accountable and inclusive institutions at all levels",16.1,Significantly reduce all forms of violence and related death rates everywhere,C160103,16.1.3,II,UNODC,"Proportion of population subjected to (a) physical violence, (b) psychological violence and (c) sexual violence in the previous 12 months",2020.Q1.G.01,['violence'],VC_VOV_PHYL,"Proportion of population subjected to physical violence in the previous 12 months, by sex (%)",36,Australia,4,53,Australia and New Zealand,Country,134.3499412,-25.57717202,AUS,1,1,_T,Both sexes,"[2009, 2010, 2011, 2012, 2013, 2014, 2015, 2016, 2017]",2009,2017,9,PT,Percentage,G,Global,,,,,,,3.1,2.9,2.7,3.0,2.7,2.3,2.1,2.4,2.4,2.4,,,"UN-CTS. Data relate to 12 months prior to interview. For this survey, physical assault is defined as an act of physical force or violence by a person against another person. It includes: being pushed, grabbed, shoved, slapped, kicked, bitten, choked, shot, burnt, being hit with something such as a bat, being dragged or hit deliberately by a vehicle. Includes all acts of physical force or violence regardless of severity or injury. Excluding attempts.",United Nations Office on Drugs and Crime (UNODC),,_X: Data nature not available
16,Goal 16,"Promote peaceful and inclusive societies for sustainable development, provide access to justice for all and build effective, accountable and inclusive institutions at all levels",16.1,Significantly reduce all forms of violence and related death rates everywhere,C160103,16.1.3,II,UNODC,"Proportion of population subjected to (a) physical violence, (b) psychological violence and (c) sexual violence in the previous 12 months",2020.Q1.G.01,['violence'],VC_VOV_PHYL,"Proportion of population subjected to physical violence in the previous 12 months, by sex (%)",36,Australia,4,53,Australia and New Zealand,Country,134.3499412,-25.57717202,AUS,1,1,F,Female,"[2009, 2010, 2011, 2012, 2013, 2014, 2015, 2016, 2017]",2009,2017,9,PT,Percentage,G,Global,,,,,,,2.4,2.4,2.3,2.5,2.2,2.0,2.0,2.3,2.3,2.3,,,"UN-CTS. Data relate to 12 months prior to interview. For this survey, physical assault is defined as an act of physical force or violence by a person against another person. It includes: being pushed, grabbed, shoved, slapped, kicked, bitten, choked, shot, burnt, being hit with something such as a bat, being dragged or hit deliberately by a vehicle. Includes all acts of physical force or violence regardless of severity or injury. Excluding attempts.",United Nations Office on Drugs and Crime (UNODC),,_X: Data nature not available
16,Goal 16,"Promote peaceful and inclusive societies for sustainable development, provide access to justice for all and build effective, accountable and inclusive institutions at all levels",16.1,Significantly reduce all forms of violence and related death rates everywhere,C160103,16.1.3,II,UNODC,"Proportion of population subjected to (a) physical violence, (b) psychological violence and (c) sexual violence in the previous 12 months",2020.Q1.G.01,['violence'],VC_VOV_PHYL,"Proportion of population subjected to physical violence in the previous 12 months, by sex (%)",372,Ireland,4,154,Northern Europe,Country,-7.121425272,53.25274054,IRL,1,1,_T,Both sexes,[2015],2015,2015,1,PT,Percentage,G,Global,,,,,,,,,,,,,1.0,,,1.0,,,UN-CTS: This figure is based on the number of persons over 18 who suffered a physical assault,United Nations Office on Drugs and Crime (UNODC),,_X: Data nature not available
16,Goal 16,"Promote peaceful and inclusive societies for sustainable development, provide access to justice for all and build effective, accountable and inclusive institutions at all levels",16.1,Significantly reduce all forms of violence and related death rates everywhere,C160103,16.1.3,II,UNODC,"Proportion of population subjected to (a) physical violence, (b) psychological violence and (c) sexual violence in the previous 12 months",2020.Q1.G.01,['violence'],VC_VOV_PHYL,"Proportion of population subjected to physical violence in the previous 12 months, by sex (%)",376,Israel,4,145,Western Asia,Country,34.62277992,31.06164552,ISR,1,1,_T,Both sexes,[2015],2015,2015,1,PT,Percentage,G,Global,,,,,,,,,,,,,0.3,,,0.3,,,UN-CTS. Individuals who were victims of violence and turn to a medical treatment,United Nations Office on Drugs and Crime (UNODC),,_X: Data nature not available
16,Goal 16,"Promote peaceful and inclusive societies for sustainable development, provide access to justice for all and build effective, accountable and inclusive institutions at all levels",16.1,Significantly reduce all forms of violence and related death rates everywhere,C160103,16.1.3,II,UNODC,"Proportion of population subjected to (a) physical violence, (b) psychological violence and (c) sexual violence in the previous 12 months",2020.Q1.G.01,['violence'],VC_VOV_PHYL,"Proportion of population subjected to physical violence in the previous 12 months, by sex (%)",380,Italy,4,39,Southern Europe,Country,12.57022427,42.79917282,ITA,1,1,_T,Both sexes,[2016],2016,2016,1,PT,Percentage,G,Global,,,,,,,,,,,,,,1.2,,1.2,,,,United Nations Office on Drugs and Crime (UNODC),,_X: Data nature not available
16,Goal 16,"Promote peaceful and inclusive societies for sustainable development, provide access to justice for all and build effective, accountable and inclusive institutions at all levels",16.1,Significantly reduce all forms of violence and related death rates everywhere,C160103,16.1.3,II,UNODC,"Proportion of population subjected to (a) physical violence, (b) psychological violence and (c) sexual violence in the previous 12 months",2020.Q1.G.01,['violence'],VC_VOV_PHYL,"Proportion of population subjected to physical violence in the previous 12 months, by sex (%)",388,Jamaica,5,29,Caribbean,Country,-77.31068409,18.15616857,JAM,1,1,_T,Both sexes,[2016],2016,2016,1,PT,Percentage,G,Global,,,,,,,,,,,,,,0.3,,0.3,,,"Prevalence Rate for Physical Assault Without A Weapon. This includes : kick, punch, slapped, pushed or any other kind of force, includes also incidents of minor physical force.",United Nations Office on Drugs and Crime (UNODC),,_X: Data nature not available
16,Goal 16,"Promote peaceful and inclusive societies for sustainable development, provide access to justice for all and build effective, accountable and inclusive institutions at all levels",16.1,Significantly reduce all forms of violence and related death rates everywhere,C160103,16.1.3,II,UNODC,"Proportion of population subjected to (a) physical violence, (b) psychological violence and (c) sexual violence in the previous 12 months",2020.Q1.G.01,['violence'],VC_VOV_PHYL,"Proportion of population subjected to physical violence in the previous 12 months, by sex (%)",410,Republic of Korea,4,30,Eastern Asia,Country,127.8610254,36.45201023,KOR,1,1,_T,Both sexes,"[2012, 2014, 2016]",2012,2016,3,PT,Percentage,G,Global,,,,,,,,,,0.1,,0.2,,0.2,,0.2,,,"The data inlcudes incidents with both serious, minor or no bodily injury. Attempts are also included.",United Nations Office on Drugs and Crime (UNODC),,_X: Data nature not available
16,Goal 16,"Promote peaceful and inclusive societies for sustainable development, provide access to justice for all and build effective, accountable and inclusive institutions at all levels",16.1,Significantly reduce all forms of violence and related death rates everywhere,C160103,16.1.3,II,UNODC,"Proportion of population subjected to (a) physical violence, (b) psychological violence and (c) sexual violence in the previous 12 months",2020.Q1.G.01,['violence'],VC_VOV_PHYL,"Proportion of population subjected to physical violence in the previous 12 months, by sex (%)",410,Republic of Korea,4,30,Eastern Asia,Country,127.8610254,36.45201023,KOR,1,1,M,Male,"[2014, 2016]",2014,2016,2,PT,Percentage,G,Global,,,,,,,,,,,,0.2,,0.2,,0.2,,,"The data inlcudes incidents with both serious, minor or no bodily injury. Attempts are also included.",United Nations Office on Drugs and Crime (UNODC),,_X: Data nature not available
16,Goal 16,"Promote peaceful and inclusive societies for sustainable development, provide access to justice for all and build effective, accountable and inclusive institutions at all levels",16.1,Significantly reduce all forms of violence and related death rates everywhere,C160103,16.1.3,II,UNODC,"Proportion of population subjected to (a) physical violence, (b) psychological violence and (c) sexual violence in the previous 12 months",2020.Q1.G.01,['violence'],VC_VOV_PHYL,"Proportion of population subjected to physical violence in the previous 12 months, by sex (%)",410,Republic of Korea,4,30,Eastern Asia,Country,127.8610254,36.45201023,KOR,1,1,F,Female,"[2014, 2016]",2014,2016,2,PT,Percentage,G,Global,,,,,,,,,,,,0.1,,0.1,,0.1,,,"The data inlcudes incidents with both serious, minor or no bodily injury. Attempts are also included.",United Nations Office on Drugs and Crime (UNODC),,_X: Data nature not available
16,Goal 16,"Promote peaceful and inclusive societies for sustainable development, provide access to justice for all and build effective, accountable and inclusive institutions at all levels",16.1,Significantly reduce all forms of violence and related death rates everywhere,C160103,16.1.3,II,UNODC,"Proportion of population subjected to (a) physical violence, (b) psychological violence and (c) sexual violence in the previous 12 months",2020.Q1.G.01,['violence'],VC_VOV_PHYL,"Proportion of population subjected to physical violence in the previous 12 months, by sex (%)",417,Kyrgyzstan,4,143,Central Asia,Country,74.52324839,41.46204516,KGZ,1,1,_T,Both sexes,[2015],2015,2015,1,PT,Percentage,G,Global,,,,,,,,,,,,,1.0,,,1.0,,,,United Nations Office on Drugs and Crime (UNODC),,_X: Data nature not available
16,Goal 16,"Promote peaceful and inclusive societies for sustainable development, provide access to justice for all and build effective, accountable and inclusive institutions at all levels",16.1,Significantly reduce all forms of violence and related death rates everywhere,C160103,16.1.3,II,UNODC,"Proportion of population subjected to (a) physical violence, (b) psychological violence and (c) sexual violence in the previous 12 months",2020.Q1.G.01,['violence'],VC_VOV_PHYL,"Proportion of population subjected to physical violence in the previous 12 months, by sex (%)",418,Lao People's Democratic Republic,4,35,South-Eastern Asia,Country,101.9901968,20.27482773,LAO,1,1,_T,Both sexes,"[2014, 2016]",2014,2016,2,PT,Percentage,G,Global,,,,,,,,,,,,4.0,,16.0,,16.0,,,Five-year prevalence rate of physical violence for women only,United Nations Office on Drugs and Crime (UNODC),,_X: Data nature not available
16,Goal 16,"Promote peaceful and inclusive societies for sustainable development, provide access to justice for all and build effective, accountable and inclusive institutions at all levels",16.1,Significantly reduce all forms of violence and related death rates everywhere,C160103,16.1.3,II,UNODC,"Proportion of population subjected to (a) physical violence, (b) psychological violence and (c) sexual violence in the previous 12 months",2020.Q1.G.01,['violence'],VC_VOV_PHYL,"Proportion of population subjected to physical violence in the previous 12 months, by sex (%)",484,Mexico,5,13,Central America,Country,-102.5148166,23.93378032,MEX,1,1,_T,Both sexes,"[2013, 2014, 2015, 2016, 2017]",2013,2017,5,PT,Percentage,G,Global,,,,,,,,,,,1.0,1.0,1.1,1.0,1.0,1.0,,,"Includes all incidents of serious and of minor physical force, excludes attempts",United Nations Office on Drugs and Crime (UNODC),,_X: Data nature not available
16,Goal 16,"Promote peaceful and inclusive societies for sustainable development, provide access to justice for all and build effective, accountable and inclusive institutions at all levels",16.1,Significantly reduce all forms of violence and related death rates everywhere,C160103,16.1.3,II,UNODC,"Proportion of population subjected to (a) physical violence, (b) psychological violence and (c) sexual violence in the previous 12 months",2020.Q1.G.01,['violence'],VC_VOV_PHYL,"Proportion of population subjected to physical violence in the previous 12 months, by sex (%)",554,New Zealand,4,53,Australia and New Zealand,Country,170.4755673,-43.98721568,NZL,1,1,_T,Both sexes,"[2009, 2014]",2009,2014,2,PT,Percentage,G,Global,,,,,,,8.8,,,,,5.5,,,,5.5,,,"UN-CTS. This module is applied to population 15 years and older, it measures victims of assault (physical and sexual) during the previous 12 months in urban areas.",United Nations Office on Drugs and Crime (UNODC),,_X: Data nature not available
16,Goal 16,"Promote peaceful and inclusive societies for sustainable development, provide access to justice for all and build effective, accountable and inclusive institutions at all levels",16.1,Significantly reduce all forms of violence and related death rates everywhere,C160103,16.1.3,II,UNODC,"Proportion of population subjected to (a) physical violence, (b) psychological violence and (c) sexual violence in the previous 12 months",2020.Q1.G.01,['violence'],VC_VOV_PHYL,"Proportion of population subjected to physical violence in the previous 12 months, by sex (%)",591,Panama,5,13,Central America,Country,-81.26616623,8.450965746,PAN,1,1,_T,Both sexes,[2016],2016,2016,1,PT,Percentage,G,Global,,,,,,,,,,,,,,1.4,,1.4,,,"[""Source: National Integrated System of Criminal Statistics (SIEC), Panama's National Crime Victim Survey (ENVI) 2017""]",United Nations Office on Drugs and Crime (UNODC),,_X: Data nature not available
16,Goal 16,"Promote peaceful and inclusive societies for sustainable development, provide access to justice for all and build effective, accountable and inclusive institutions at all levels",16.1,Significantly reduce all forms of violence and related death rates everywhere,C160103,16.1.3,II,UNODC,"Proportion of population subjected to (a) physical violence, (b) psychological violence and (c) sexual violence in the previous 12 months",2020.Q1.G.01,['violence'],VC_VOV_PHYL,"Proportion of population subjected to physical violence in the previous 12 months, by sex (%)",604,Peru,5,5,South America,Country,-71.82093277,-13.58939705,PER,1,1,_T,Both sexes,"[2010, 2011, 2012, 2013, 2014, 2015, 2016, 2017]",2010,2017,8,PT,Percentage,G,Global,,,,,,,,2.0,2.1,2.3,1.9,1.5,1.5,1.4,1.7,1.7,,,Source: Encuesta Nacional de Programas EstratĂŠticos. It includes physical or psychological assault and sexual assault in a separate question.,United Nations Office on Drugs and Crime (UNODC),,_X: Data nature not available
16,Goal 16,"Promote peaceful and inclusive societies for sustainable development, provide access to justice for all and build effective, accountable and inclusive institutions at all levels",16.1,Significantly reduce all forms of violence and related death rates everywhere,C160103,16.1.3,II,UNODC,"Proportion of population subjected to (a) physical violence, (b) psychological violence and (c) sexual violence in the previous 12 months",2020.Q1.G.01,['violence'],VC_VOV_PHYL,"Proportion of population subjected to physical violence in the previous 12 months, by sex (%)",608,Philippines,4,35,South-Eastern Asia,Country,120.8601418,14.16591706,PHL,1,1,_T,Both sexes,[2012],2012,2012,1,PT,Percentage,G,Global,,,,,,,,,,0.4,,,,,,0.4,,,UN-CTS. Reference period is 5 years,United Nations Office on Drugs and Crime (UNODC),,_X: Data nature not available
16,Goal 16,"Promote peaceful and inclusive societies for sustainable development, provide access to justice for all and build effective, accountable and inclusive institutions at all levels",16.1,Significantly reduce all forms of violence and related death rates everywhere,C160103,16.1.3,II,UNODC,"Proportion of population subjected to (a) physical violence, (b) psychological violence and (c) sexual violence in the previous 12 months",2020.Q1.G.01,['violence'],VC_VOV_PHYL,"Proportion of population subjected to physical violence in the previous 12 months, by sex (%)",616,Poland,4,151,Eastern Europe,Country,19.40660158,52.1226733,POL,1,1,_T,Both sexes,"[2011, 2012, 2013, 2014, 2015, 2016, 2017]",2011,2017,7,PT,Percentage,G,Global,,,,,,,,,3.0,4.0,0.9,3.0,4.0,3.0,3.0,3.0,,,"UN-CTS. ""Five Years Prevalence Rate of Physical Assault"" percentage of individuals who experienced someone beat and intentionally hurt them in the last 5 years; except 2013 which refers to 12 months prevalence rate. Inlcludes incidents with serious and minor physical force, resulting in no injury or minor bodily injury. Attempts are excluded.",United Nations Office on Drugs and Crime (UNODC),,_X: Data nature not available
16,Goal 16,"Promote peaceful and inclusive societies for sustainable development, provide access to justice for all and build effective, accountable and inclusive institutions at all levels",16.1,Significantly reduce all forms of violence and related death rates everywhere,C160103,16.1.3,II,UNODC,"Proportion of population subjected to (a) physical violence, (b) psychological violence and (c) sexual violence in the previous 12 months",2020.Q1.G.01,['violence'],VC_VOV_PHYL,"Proportion of population subjected to physical violence in the previous 12 months, by sex (%)",710,South Africa,5,18,Southern Africa,Country,24.67184355,-29.99957544,ZAF,1,1,_T,Both sexes,"[2013, 2014, 2015, 2016]",2013,2016,4,PT,Percentage,G,Global,,,,,,,,,,,0.9,0.9,0.7,0.7,,0.7,,,,United Nations Office on Drugs and Crime (UNODC),,_X: Data nature not available
16,Goal 16,"Promote peaceful and inclusive societies for sustainable development, provide access to justice for all and build effective, accountable and inclusive institutions at all levels",16.1,Significantly reduce all forms of violence and related death rates everywhere,C160103,16.1.3,II,UNODC,"Proportion of population subjected to (a) physical violence, (b) psychological violence and (c) sexual violence in the previous 12 months",2020.Q1.G.01,['violence'],VC_VOV_PHYL,"Proportion of population subjected to physical violence in the previous 12 months, by sex (%)",752,Sweden,4,154,Northern Europe,Country,14.3775338,60.60103109,SWE,1,1,_T,Both sexes,"[2009, 2010, 2011, 2012, 2013, 2014, 2015, 2016, 2017]",2009,2017,9,PT,Percentage,G,Global,,,,,,,2.4,2.4,2.4,2.5,1.9,2.3,2.1,2.0,2.7,2.7,,,"UN-CTS. The definition of Physical Assault is fighting, kicking or other type violence that has caused physical harm. The reporting period is the calendar year prior to the interview",United Nations Office on Drugs and Crime (UNODC),,_X: Data nature not available
16,Goal 16,"Promote peaceful and inclusive societies for sustainable development, provide access to justice for all and build effective, accountable and inclusive institutions at all levels",16.1,Significantly reduce all forms of violence and related death rates everywhere,C160103,16.1.3,II,UNODC,"Proportion of population subjected to (a) physical violence, (b) psychological violence and (c) sexual violence in the previous 12 months",2020.Q1.G.01,['violence'],VC_VOV_PHYL,"Proportion of population subjected to physical violence in the previous 12 months, by sex (%)",752,Sweden,4,154,Northern Europe,Country,14.3775338,60.60103109,SWE,1,1,M,Male,"[2014, 2015, 2016, 2017]",2014,2017,4,PT,Percentage,G,Global,,,,,,,,,,,,2.7,2.5,2.5,3.3,3.3,,,"UN-CTS. The definition of Physical Assault is fighting, kicking or other type violence that has caused physical harm. The reporting period is the calendar year prior to the interview",United Nations Office on Drugs and Crime (UNODC),,_X: Data nature not available
16,Goal 16,"Promote peaceful and inclusive societies for sustainable development, provide access to justice for all and build effective, accountable and inclusive institutions at all levels",16.1,Significantly reduce all forms of violence and related death rates everywhere,C160103,16.1.3,II,UNODC,"Proportion of population subjected to (a) physical violence, (b) psychological violence and (c) sexual violence in the previous 12 months",2020.Q1.G.01,['violence'],VC_VOV_PHYL,"Proportion of population subjected to physical violence in the previous 12 months, by sex (%)",752,Sweden,4,154,Northern Europe,Country,14.3775338,60.60103109,SWE,1,1,F,Female,"[2014, 2015, 2016, 2017]",2014,2017,4,PT,Percentage,G,Global,,,,,,,,,,,,1.9,1.6,1.5,2.0,2.0,,,"UN-CTS. The definition of Physical Assault is fighting, kicking or other type violence that has caused physical harm. The reporting period is the calendar year prior to the interview",United Nations Office on Drugs and Crime (UNODC),,_X: Data nature not available
16,Goal 16,"Promote peaceful and inclusive societies for sustainable development, provide access to justice for all and build effective, accountable and inclusive institutions at all levels",16.1,Significantly reduce all forms of violence and related death rates everywhere,C160103,16.1.3,II,UNODC,"Proportion of population subjected to (a) physical violence, (b) psychological violence and (c) sexual violence in the previous 12 months",2020.Q1.G.01,['violence'],VC_VOV_PHYL,"Proportion of population subjected to physical violence in the previous 12 months, by sex (%)",764,Thailand,4,35,South-Eastern Asia,Country,101.0202951,15.13089239,THA,1,1,_T,Both sexes,[2016],2016,2016,1,PT,Percentage,G,Global,,,,,,,,,,,,,,0.3,,0.3,,,,United Nations Office on Drugs and Crime (UNODC),,_X: Data nature not available
16,Goal 16,"Promote peaceful and inclusive societies for sustainable development, provide access to justice for all and build effective, accountable and inclusive institutions at all levels",16.1,Significantly reduce all forms of violence and related death rates everywhere,C160103,16.1.3,II,UNODC,"Proportion of population subjected to (a) physical violence, (b) psychological violence and (c) sexual violence in the previous 12 months",2020.Q1.G.01,['violence'],VC_VOV_PHYL,"Proportion of population subjected to physical violence in the previous 12 months, by sex (%)",780,Trinidad and Tobago,5,29,Caribbean,Country,-61.29389504,10.41877263,TTO,1,1,_T,Both sexes,[2015],2015,2015,1,PT,Percentage,G,Global,,,,,,,,,,,,,0.5,,,0.5,,,UN-CTS. Used Serious Assault only,United Nations Office on Drugs and Crime (UNODC),,_X: Data nature not available
16,Goal 16,"Promote peaceful and inclusive societies for sustainable development, provide access to justice for all and build effective, accountable and inclusive institutions at all levels",16.1,Significantly reduce all forms of violence and related death rates everywhere,C160103,16.1.3,II,UNODC,"Proportion of population subjected to (a) physical violence, (b) psychological violence and (c) sexual violence in the previous 12 months",2020.Q1.G.01,['violence'],VC_VOV_PHYL,"Proportion of population subjected to physical violence in the previous 12 months, by sex (%)",800,Uganda,5,14,Eastern Africa,Country,32.39100438,1.279557331,UGA,1,1,_T,Both sexes,[2016],2016,2016,1,PT,Percentage,G,Global,,,,,,,,,,,,,,5.0,,5.0,,,Crime Victims Survey 2016/17,United Nations Office on Drugs and Crime (UNODC),,_X: Data nature not available
16,Goal 16,"Promote peaceful and inclusive societies for sustainable development, provide access to justice for all and build effective, accountable and inclusive institutions at all levels",16.1,Significantly reduce all forms of violence and related death rates everywhere,C160103,16.1.3,II,UNODC,"Proportion of population subjected to (a) physical violence, (b) psychological violence and (c) sexual violence in the previous 12 months",2020.Q1.G.01,['violence'],VC_VOV_PHYL,"Proportion of population subjected to physical violence in the previous 12 months, by sex (%)",818,Egypt,4,15,Northern Africa,Country,29.77468534,26.57438204,EGY,1,1,_T,Both sexes,[2007],2007,2007,1,PT,Percentage,G,Global,,,,,7.0,,,,,,,,,,,7.0,,,,United Nations Office on Drugs and Crime (UNODC),,_X: Data nature not available
16,Goal 16,"Promote peaceful and inclusive societies for sustainable development, provide access to justice for all and build effective, accountable and inclusive institutions at all levels",16.1,Significantly reduce all forms of violence and related death rates everywhere,C160103,16.1.3,II,UNODC,"Proportion of population subjected to (a) physical violence, (b) psychological violence and (c) sexual violence in the previous 12 months",2020.Q1.G.01,['violence'],VC_VOV_PHYL,"Proportion of population subjected to physical violence in the previous 12 months, by sex (%)",827,United Kingdom (England and Wales),4,154,Northern Europe,Country,,,,,,_T,Both sexes,"[2009, 2010, 2011, 2012, 2013, 2014, 2015, 2016]",2009,2016,8,PT,Percentage,G,Global,,,,,,,2.4,2.7,2.5,2.2,1.8,1.8,1.8,1.7,,1.7,,,Include also incidents where minor physical force was applied resulting in no injury or minor bodily injury. Includes attempts. All figures are financial year April to March.,United Nations Office on Drugs and Crime (UNODC),,_X: Data nature not available
16,Goal 16,"Promote peaceful and inclusive societies for sustainable development, provide access to justice for all and build effective, accountable and inclusive institutions at all levels",16.1,Significantly reduce all forms of violence and related death rates everywhere,C160103,16.1.3,II,UNODC,"Proportion of population subjected to (a) physical violence, (b) psychological violence and (c) sexual violence in the previous 12 months",2020.Q1.G.01,['violence'],VC_VOV_PHYL,"Proportion of population subjected to physical violence in the previous 12 months, by sex (%)",828,United Kingdom (Northern Ireland),4,154,Northern Europe,Country,,,,,,_T,Both sexes,"[2010, 2011, 2012, 2013, 2014, 2015]",2010,2015,6,PT,Percentage,G,Global,,,,,,,,2.1,1.8,1.8,1.3,1.1,1.1,,,1.1,,,Include also incidents where minor physical force was applied resulting in no injury or minor bodily injury. Includes attempts,United Nations Office on Drugs and Crime (UNODC),,_X: Data nature not available
16,Goal 16,"Promote peaceful and inclusive societies for sustainable development, provide access to justice for all and build effective, accountable and inclusive institutions at all levels",16.1,Significantly reduce all forms of violence and related death rates everywhere,C160103,16.1.3,II,UNODC,"Proportion of population subjected to (a) physical violence, (b) psychological violence and (c) sexual violence in the previous 12 months",2020.Q1.G.01,['violence'],VC_VOV_PHYL,"Proportion of population subjected to physical violence in the previous 12 months, by sex (%)",829,United Kingdom (Scotland),4,154,Northern Europe,Country,,,,,,_T,Both sexes,[2015],2015,2015,1,PT,Percentage,G,Global,,,,,,,,,,,,,2.5,,,2.5,,,Include also incidents where minor physical force was applied resulting in no injury or minor bodily injury. Includes attempts,United Nations Office on Drugs and Crime (UNODC),,_X: Data nature not available
16,Goal 16,"Promote peaceful and inclusive societies for sustainable development, provide access to justice for all and build effective, accountable and inclusive institutions at all levels",16.1,Significantly reduce all forms of violence and related death rates everywhere,C160103,16.1.3,II,UNODC,"Proportion of population subjected to (a) physical violence, (b) psychological violence and (c) sexual violence in the previous 12 months",2020.Q1.G.01,['violence'],VC_VOV_PHYL,"Proportion of population subjected to physical violence in the previous 12 months, by sex (%)",840,United States of America,4,21,Northern America,Country,-99.13830311,39.5277871,USA,1,1,_T,Both sexes,"[2003, 2004, 2005, 2006, 2007, 2008, 2009, 2010, 2011, 2012, 2013, 2014, 2015, 2016]",2003,2016,14,PT,Percentage,G,Global,1.3,1.3,1.2,1.4,1.1,1.1,1.0,0.9,1.0,1.2,1.0,0.9,0.8,1.2,,1.2,,,,United Nations Office on Drugs and Crime (UNODC),,_X: Data nature not available
