goal_code,goal_labelEN,goal_descEN,target_code,target_descEN,indicator_code,indicator_reference,indicator_tier,indicator_custodians,indicator_descEN,series_release,series_tags,series,seriesDescription,geoAreaCode,geoAreaName,level,parentCode,parentName,type,X,Y,ISO3,UN_Member,Country_Profile,observationStatus_code,observationStatus_desc,years,min_year,max_year,n_years,unitsCode,unitsDesc,reportingTypeCode,reportingTypeDesc,value_2000,value_2001,value_2002,value_2003,value_2004,value_2005,value_2006,value_2007,value_2008,value_2009,value_2010,value_2011,value_2012,value_2013,value_2014,value_2015,value_2016,value_2017,value_2018,value_2019,latest_value,basePeriod,valueDetails,footnotes,sources,timeDetails,nature
10,Goal 10,Reduce inequality within and among countries,10.5,Improve the regulation and monitoring of global financial markets and institutions and strengthen the implementation of such regulations,C100501,10.5.1,I,IMF,Financial Soundness Indicators,2020.Q1.G.01,"['financial aspects', 'risk management']",FI_FSI_FSSNO,Net open position in foreign exchange to capital (%),100,Bulgaria,4,151,Eastern Europe,Country,25.23763153,42.75731323,BGR,1,1,A,Normal value,"[2008, 2009]",2008,2009,2,PT,Percentage,G,Global,,,,,,,,,0.21074643518543,0.222049359334666,,,,,,,,,,,0.222049359334666,,,,IMF,,_X: Data nature not available
10,Goal 10,Reduce inequality within and among countries,10.5,Improve the regulation and monitoring of global financial markets and institutions and strengthen the implementation of such regulations,C100501,10.5.1,I,IMF,Financial Soundness Indicators,2020.Q1.G.01,"['financial aspects', 'risk management']",FI_FSI_FSSNO,Net open position in foreign exchange to capital (%),108,Burundi,5,14,Eastern Africa,Country,29.89080992,-3.366387428,BDI,1,1,A,Normal value,"[2010, 2011, 2012, 2013, 2014, 2015, 2016, 2017]",2010,2017,8,PT,Percentage,G,Global,,,,,,,,,,,-0.207435542922817,0.0183604015682121,-10.7796025265753,0.0547563570053693,-9.16999523940965,12.3402409300668,2.45947670154455,1.49341187048977,,,1.49341187048977,,,,IMF,,_X: Data nature not available
10,Goal 10,Reduce inequality within and among countries,10.5,Improve the regulation and monitoring of global financial markets and institutions and strengthen the implementation of such regulations,C100501,10.5.1,I,IMF,Financial Soundness Indicators,2020.Q1.G.01,"['financial aspects', 'risk management']",FI_FSI_FSSNO,Net open position in foreign exchange to capital (%),112,Belarus,4,151,Eastern Europe,Country,28.04940161,53.54193075,BLR,1,1,A,Normal value,"[2010, 2011, 2012, 2013, 2014, 2015, 2016, 2017, 2018]",2010,2018,9,PT,Percentage,G,Global,,,,,,,,,,,-1.17979204588223,5.473732684574,9.17106246757061,11.3342382354077,9.1126713419351,4.40667845396781,6.27004900996216,2.99419064901533,2.95523302605481,,2.95523302605481,,,,IMF,,_X: Data nature not available
10,Goal 10,Reduce inequality within and among countries,10.5,Improve the regulation and monitoring of global financial markets and institutions and strengthen the implementation of such regulations,C100501,10.5.1,I,IMF,Financial Soundness Indicators,2020.Q1.G.01,"['financial aspects', 'risk management']",FI_FSI_FSSNO,Net open position in foreign exchange to capital (%),116,Cambodia,4,35,South-Eastern Asia,Country,104.922836,12.71163737,KHM,1,1,A,Normal value,"[2010, 2011, 2012, 2013, 2014, 2015, 2016, 2017, 2018]",2010,2018,9,PT,Percentage,G,Global,,,,,,,,,,,1.01312724836654,3.62003893064712,2.73861288393643,9.3547720390102,4.09961417962446,3.57634913861899,2.63062936179192,2.50237658977753,3.97929346707838,,3.97929346707838,,,,IMF,,_X: Data nature not available
10,Goal 10,Reduce inequality within and among countries,10.5,Improve the regulation and monitoring of global financial markets and institutions and strengthen the implementation of such regulations,C100501,10.5.1,I,IMF,Financial Soundness Indicators,2020.Q1.G.01,"['financial aspects', 'risk management']",FI_FSI_FSSNO,Net open position in foreign exchange to capital (%),12,Algeria,4,15,Northern Africa,Country,2.678164227,28.15940032,DZA,1,1,A,Normal value,"[2009, 2010, 2011, 2012, 2013]",2009,2013,5,PT,Percentage,G,Global,,,,,,,,,,0.0,0.0,0.0,0.0,0.0,,,,,,,0.0,,,,IMF,,_X: Data nature not available
10,Goal 10,Reduce inequality within and among countries,10.5,Improve the regulation and monitoring of global financial markets and institutions and strengthen the implementation of such regulations,C100501,10.5.1,I,IMF,Financial Soundness Indicators,2020.Q1.G.01,"['financial aspects', 'risk management']",FI_FSI_FSSNO,Net open position in foreign exchange to capital (%),120,Cameroon,5,17,Middle Africa,Country,12.7419827,5.692387031,CMR,1,1,A,Normal value,"[2010, 2011, 2012, 2013, 2014, 2015, 2016, 2017, 2018]",2010,2018,9,PT,Percentage,G,Global,,,,,,,,,,,15.7073255887767,-3.29734461628246,10.9428365520195,-12.207101384003,-4.94820921165664,-2.91107281083696,4.66750651676135,6.05200892606838,16.6967044284243,,16.6967044284243,,,,IMF,,_X: Data nature not available
10,Goal 10,Reduce inequality within and among countries,10.5,Improve the regulation and monitoring of global financial markets and institutions and strengthen the implementation of such regulations,C100501,10.5.1,I,IMF,Financial Soundness Indicators,2020.Q1.G.01,"['financial aspects', 'risk management']",FI_FSI_FSSNO,Net open position in foreign exchange to capital (%),140,Central African Republic,5,17,Middle Africa,Country,20.93559492,7.003720791,CAF,1,1,A,Normal value,"[2010, 2011, 2012, 2013, 2014, 2015, 2016, 2017]",2010,2017,8,PT,Percentage,G,Global,,,,,,,,,,,14.5000622587474,-3.76995802440077,1.00958071494798,-6.45029239766082,-20.010049985454,-2.96966471527408,-20.9152872444012,-6.31957932635369,,,-6.31957932635369,,,,IMF,,_X: Data nature not available
10,Goal 10,Reduce inequality within and among countries,10.5,Improve the regulation and monitoring of global financial markets and institutions and strengthen the implementation of such regulations,C100501,10.5.1,I,IMF,Financial Soundness Indicators,2020.Q1.G.01,"['financial aspects', 'risk management']",FI_FSI_FSSNO,Net open position in foreign exchange to capital (%),148,Chad,5,17,Middle Africa,Country,18.66618401,15.36279341,TCD,1,1,A,Normal value,"[2010, 2011, 2012, 2013, 2014, 2015, 2016, 2017, 2018]",2010,2018,9,PT,Percentage,G,Global,,,,,,,,,,,19.9383561643836,6.2463083284111,-3.94028565276681,-22.2909301717572,-14.0516160025621,1.62855397977879,24.8340718857706,-14.5937403498574,3.08973410924991,,3.08973410924991,,,,IMF,,_X: Data nature not available
10,Goal 10,Reduce inequality within and among countries,10.5,Improve the regulation and monitoring of global financial markets and institutions and strengthen the implementation of such regulations,C100501,10.5.1,I,IMF,Financial Soundness Indicators,2020.Q1.G.01,"['financial aspects', 'risk management']",FI_FSI_FSSNO,Net open position in foreign exchange to capital (%),152,Chile,5,5,South America,Country,-71.23029019,-35.2652885,CHL,1,1,A,Normal value,"[2008, 2009, 2010, 2011, 2012, 2013, 2014, 2015, 2016, 2017, 2018]",2008,2018,11,PT,Percentage,G,Global,,,,,,,,,5.9587271901251,0.768746829002164,0.84405211899431,1.94368628943412,5.57302969223705,-0.245759932292958,3.48215201359548,-0.698036427863212,-13.0928479396799,-1.43099395156788,4.29447217893375,,4.29447217893375,,,,IMF,,_X: Data nature not available
10,Goal 10,Reduce inequality within and among countries,10.5,Improve the regulation and monitoring of global financial markets and institutions and strengthen the implementation of such regulations,C100501,10.5.1,I,IMF,Financial Soundness Indicators,2020.Q1.G.01,"['financial aspects', 'risk management']",FI_FSI_FSSNO,Net open position in foreign exchange to capital (%),156,China,4,30,Eastern Asia,Country,104.1403375,32.30955217,CHN,1,1,A,Normal value,"[2010, 2011, 2012, 2013, 2014, 2015, 2016, 2017, 2018]",2010,2018,9,PT,Percentage,G,Global,,,,,,,,,,,6.73178269006016,4.57625959924734,3.91923240985662,3.68237889696243,3.49504993345394,3.6725241356773,3.54164343678662,2.54427416631625,2.43689500725789,,2.43689500725789,,,,IMF,,_X: Data nature not available
10,Goal 10,Reduce inequality within and among countries,10.5,Improve the regulation and monitoring of global financial markets and institutions and strengthen the implementation of such regulations,C100501,10.5.1,I,IMF,Financial Soundness Indicators,2020.Q1.G.01,"['financial aspects', 'risk management']",FI_FSI_FSSNO,Net open position in foreign exchange to capital (%),170,Colombia,5,5,South America,Country,-73.07446751,3.888209046,COL,1,1,A,Normal value,"[2005, 2006, 2007, 2008, 2009, 2010, 2011, 2012, 2013, 2014, 2015, 2016, 2017, 2018]",2005,2018,14,PT,Percentage,G,Global,,,,,,0.969649459143762,-0.0472494183683214,0.553770756602516,0.0852025357197541,0.531522398051879,0.613056862784347,1.04130919748246,0.608385250593772,0.528244166984221,0.716519735153547,1.27044895453162,5.54894933019934,6.37840982962107,7.05272256268613,,7.05272256268613,,,,IMF,,_X: Data nature not available
10,Goal 10,Reduce inequality within and among countries,10.5,Improve the regulation and monitoring of global financial markets and institutions and strengthen the implementation of such regulations,C100501,10.5.1,I,IMF,Financial Soundness Indicators,2020.Q1.G.01,"['financial aspects', 'risk management']",FI_FSI_FSSNO,Net open position in foreign exchange to capital (%),174,Comoros,5,14,Eastern Africa,Country,43.34234565,-11.66121732,COM,1,1,A,Normal value,"[2010, 2011, 2012, 2013, 2014, 2015]",2010,2015,6,PT,Percentage,G,Global,,,,,,,,,,,0.0,0.0,0.0,0.0,0.0,0.0,,,,,0.0,,,,IMF,,_X: Data nature not available
10,Goal 10,Reduce inequality within and among countries,10.5,Improve the regulation and monitoring of global financial markets and institutions and strengthen the implementation of such regulations,C100501,10.5.1,I,IMF,Financial Soundness Indicators,2020.Q1.G.01,"['financial aspects', 'risk management']",FI_FSI_FSSNO,Net open position in foreign exchange to capital (%),188,Costa Rica,5,13,Central America,Country,-84.19712782,9.970998683,CRI,1,1,A,Normal value,"[2008, 2009, 2010, 2011, 2012, 2013, 2014, 2015, 2016, 2017, 2018, 2019]",2008,2019,12,PT,Percentage,G,Global,,,,,,,,,23.1854011093668,28.304159942823,21.269525515105,21.5413446135332,22.2665220193981,20.7888826354495,19.2660058484866,22.4163658782301,23.9773568725867,25.3273573150653,23.9260576997743,27.2979219539059,27.2979219539059,,,,IMF,,_X: Data nature not available
10,Goal 10,Reduce inequality within and among countries,10.5,Improve the regulation and monitoring of global financial markets and institutions and strengthen the implementation of such regulations,C100501,10.5.1,I,IMF,Financial Soundness Indicators,2020.Q1.G.01,"['financial aspects', 'risk management']",FI_FSI_FSSNO,Net open position in foreign exchange to capital (%),191,Croatia,4,39,Southern Europe,Country,17.95874553,45.45172212,HRV,1,1,A,Normal value,"[2006, 2007, 2008, 2009, 2010, 2011, 2012, 2013, 2014, 2015, 2016, 2017, 2018]",2006,2018,13,PT,Percentage,G,Global,,,,,,,5.99935071482338,6.24568696829293,3.60092101439113,5.43789788615766,2.88361574305449,1.67846758246243,2.32305832596072,2.89417329359595,2.90128462502829,12.4684448625103,3.8074886503487,3.27707877906801,5.06882209661572,,5.06882209661572,,,,IMF,,_X: Data nature not available
10,Goal 10,Reduce inequality within and among countries,10.5,Improve the regulation and monitoring of global financial markets and institutions and strengthen the implementation of such regulations,C100501,10.5.1,I,IMF,Financial Soundness Indicators,2020.Q1.G.01,"['financial aspects', 'risk management']",FI_FSI_FSSNO,Net open position in foreign exchange to capital (%),196,Cyprus,4,145,Western Asia,Country,33.22285964,35.05659437,CYP,1,1,A,Normal value,"[2008, 2009, 2010, 2011, 2012, 2013, 2014, 2015, 2016, 2017, 2018]",2008,2018,11,PT,Percentage,G,Global,,,,,,,,,0.81193236995358,0.955098776456986,2.19583460870828,3.49764761099381,3.32156280477434,1.01455662999849,0.639794801655515,0.207628223756556,0.175909912700845,0.139732226914668,0.0990295277046489,,0.0990295277046489,,,,IMF,,_X: Data nature not available
10,Goal 10,Reduce inequality within and among countries,10.5,Improve the regulation and monitoring of global financial markets and institutions and strengthen the implementation of such regulations,C100501,10.5.1,I,IMF,Financial Soundness Indicators,2020.Q1.G.01,"['financial aspects', 'risk management']",FI_FSI_FSSNO,Net open position in foreign exchange to capital (%),203,Czechia,4,151,Eastern Europe,Country,15.33151382,49.73913871,CZE,1,1,A,Normal value,"[2007, 2008, 2009, 2010, 2011, 2012, 2013, 2014, 2015, 2016, 2017, 2018]",2007,2018,12,PT,Percentage,G,Global,,,,,,,,-5.05327343900418,3.93559439320007,0.511132040660538,0.368485707241766,-3.16336920519931,5.13634388924433,1.17371769262675,1.24470232804772,-0.328380160989275,0.448679197945389,0.73608040302671,1.03770159324363,,1.03770159324363,,,,IMF,,_X: Data nature not available
10,Goal 10,Reduce inequality within and among countries,10.5,Improve the regulation and monitoring of global financial markets and institutions and strengthen the implementation of such regulations,C100501,10.5.1,I,IMF,Financial Soundness Indicators,2020.Q1.G.01,"['financial aspects', 'risk management']",FI_FSI_FSSNO,Net open position in foreign exchange to capital (%),208,Denmark,4,154,Northern Europe,Country,9.326571283,56.03829721,DNK,1,1,A,Normal value,"[2005, 2006, 2007, 2008, 2009, 2010, 2011, 2012, 2013, 2014, 2015, 2016, 2017, 2018]",2005,2018,14,PT,Percentage,G,Global,,,,,,-64.8218040550597,-52.5768322235152,-66.3036884800637,-48.2092424544253,-30.0285129221294,-20.5969701113215,-42.1716618435433,-20.418186314008,-9.5079155172263,-8.97270794488486,-3.91480309475786,-8.38019731646276,-9.4990686731395,-19.3142526234361,,-19.3142526234361,,,,IMF,,_X: Data nature not available
10,Goal 10,Reduce inequality within and among countries,10.5,Improve the regulation and monitoring of global financial markets and institutions and strengthen the implementation of such regulations,C100501,10.5.1,I,IMF,Financial Soundness Indicators,2020.Q1.G.01,"['financial aspects', 'risk management']",FI_FSI_FSSNO,Net open position in foreign exchange to capital (%),212,Dominica,5,29,Caribbean,Country,-61.3493756,15.43391378,DMA,1,1,A,Normal value,"[2015, 2016, 2017, 2018]",2015,2018,4,PT,Percentage,G,Global,,,,,,,,,,,,,,,,302.382421923219,367.385969794328,494.99348691801,434.529884742725,,434.529884742725,,,,IMF,,_X: Data nature not available
10,Goal 10,Reduce inequality within and among countries,10.5,Improve the regulation and monitoring of global financial markets and institutions and strengthen the implementation of such regulations,C100501,10.5.1,I,IMF,Financial Soundness Indicators,2020.Q1.G.01,"['financial aspects', 'risk management']",FI_FSI_FSSNO,Net open position in foreign exchange to capital (%),222,El Salvador,5,13,Central America,Country,-88.86862995,13.73603564,SLV,1,1,A,Normal value,"[2005, 2006, 2007, 2008, 2009, 2010, 2011, 2012, 2013, 2014, 2015, 2016, 2017, 2018]",2005,2018,14,PT,Percentage,G,Global,,,,,,100.0,100.0,100.0,100.0,100.0,100.0,100.0,100.0,100.0,100.0,100.0,100.0,100.0,100.0,,100.0,,,,IMF,,_X: Data nature not available
10,Goal 10,Reduce inequality within and among countries,10.5,Improve the regulation and monitoring of global financial markets and institutions and strengthen the implementation of such regulations,C100501,10.5.1,I,IMF,Financial Soundness Indicators,2020.Q1.G.01,"['financial aspects', 'risk management']",FI_FSI_FSSNO,Net open position in foreign exchange to capital (%),226,Equatorial Guinea,5,17,Middle Africa,Country,10.46535826,1.565792376,GNQ,1,1,A,Normal value,"[2010, 2011, 2012, 2013, 2014, 2015, 2016, 2017, 2018]",2010,2018,9,PT,Percentage,G,Global,,,,,,,,,,,4.24892417201798,1.89217869580164,6.0452845354543,38.7862751792421,7.98235077590716,2.03137251347223,0.182247839621901,1.55918591332146,3.01119399698793,,3.01119399698793,,,,IMF,,_X: Data nature not available
10,Goal 10,Reduce inequality within and among countries,10.5,Improve the regulation and monitoring of global financial markets and institutions and strengthen the implementation of such regulations,C100501,10.5.1,I,IMF,Financial Soundness Indicators,2020.Q1.G.01,"['financial aspects', 'risk management']",FI_FSI_FSSNO,Net open position in foreign exchange to capital (%),233,Estonia,4,154,Northern Europe,Country,25.84093481,58.68487172,EST,1,1,A,Normal value,"[2008, 2009, 2010, 2011, 2012, 2013]",2008,2013,6,PT,Percentage,G,Global,,,,,,,,,18.309196221103,44.563163698347,47.5237866273199,-14.5888594164456,-10.5460399974019,-23.6083636258181,,,,,,,-23.6083636258181,,,,IMF,,_X: Data nature not available
10,Goal 10,Reduce inequality within and among countries,10.5,Improve the regulation and monitoring of global financial markets and institutions and strengthen the implementation of such regulations,C100501,10.5.1,I,IMF,Financial Soundness Indicators,2020.Q1.G.01,"['financial aspects', 'risk management']",FI_FSI_FSSNO,Net open position in foreign exchange to capital (%),24,Angola,5,17,Middle Africa,Country,17.57817062,-12.33724746,AGO,1,1,A,Normal value,"[2010, 2011, 2012, 2013, 2014, 2015, 2016, 2017, 2018]",2010,2018,9,PT,Percentage,G,Global,,,,,,,,,,,21.4559943142818,14.2188018344143,1.42139317146916,6.08691966513097,15.7008199598312,33.9155703162035,56.4501051814244,44.263118202319,37.0364777912489,,37.0364777912489,,,,IMF,,_X: Data nature not available
10,Goal 10,Reduce inequality within and among countries,10.5,Improve the regulation and monitoring of global financial markets and institutions and strengthen the implementation of such regulations,C100501,10.5.1,I,IMF,Financial Soundness Indicators,2020.Q1.G.01,"['financial aspects', 'risk management']",FI_FSI_FSSNO,Net open position in foreign exchange to capital (%),242,Fiji,4,54,Melanesia,Country,177.9660884,-17.83301566,FJI,1,1,A,Normal value,"[2016, 2017, 2018]",2016,2018,3,PT,Percentage,G,Global,,,,,,,,,,,,,,,,,15.0159571420428,2.82662880703582,1.79367556668623,,1.79367556668623,,,,IMF,,_X: Data nature not available
10,Goal 10,Reduce inequality within and among countries,10.5,Improve the regulation and monitoring of global financial markets and institutions and strengthen the implementation of such regulations,C100501,10.5.1,I,IMF,Financial Soundness Indicators,2020.Q1.G.01,"['financial aspects', 'risk management']",FI_FSI_FSSNO,Net open position in foreign exchange to capital (%),266,Gabon,5,17,Middle Africa,Country,11.78727747,-0.60687619,GAB,1,1,A,Normal value,"[2010, 2011, 2012, 2013, 2014, 2015, 2016, 2017, 2018]",2010,2018,9,PT,Percentage,G,Global,,,,,,,,,,,27.007933598969,2.49247206073548,4.36956074415677,0.510223425863236,3.06252437280645,6.4725348485085,2.7059735084677,33.0478841076144,5.41581386716434,,5.41581386716434,,,,IMF,,_X: Data nature not available
10,Goal 10,Reduce inequality within and among countries,10.5,Improve the regulation and monitoring of global financial markets and institutions and strengthen the implementation of such regulations,C100501,10.5.1,I,IMF,Financial Soundness Indicators,2020.Q1.G.01,"['financial aspects', 'risk management']",FI_FSI_FSSNO,Net open position in foreign exchange to capital (%),268,Georgia,4,145,Western Asia,Country,43.3713615,42.04813028,GEO,1,1,A,Normal value,"[2002, 2003, 2004, 2005, 2006, 2007, 2008, 2009, 2010, 2011, 2012, 2013, 2014, 2015, 2016, 2017, 2018]",2002,2018,17,PT,Percentage,G,Global,,,23.9220570102024,33.8588727145994,30.3417096682787,19.1979896154109,3.52384182402915,7.57855822555158,2.84183875130462,-1.3209975618558,5.51425720713891,4.85662746374227,3.04783126562071,1.84417457423305,2.09112024570614,-0.379943871196402,7.26527051146333,6.76272596057975,9.76280383465051,,9.76280383465051,,,,IMF,,_X: Data nature not available
10,Goal 10,Reduce inequality within and among countries,10.5,Improve the regulation and monitoring of global financial markets and institutions and strengthen the implementation of such regulations,C100501,10.5.1,I,IMF,Financial Soundness Indicators,2020.Q1.G.01,"['financial aspects', 'risk management']",FI_FSI_FSSNO,Net open position in foreign exchange to capital (%),270,Gambia,5,11,Western Africa,Country,-15.39944785,13.45295927,GMB,1,1,A,Normal value,"[2007, 2008, 2009, 2010, 2011, 2012, 2013, 2014, 2015, 2016, 2017, 2018]",2007,2018,12,PT,Percentage,G,Global,,,,,,,,36.7027449639013,19.6119114915188,6.49048084595337,1.41534205219102,-1.01873175099832,4.65432187781543,35.1434259709305,-0.0994881540639087,-3.78355459355915,-0.942228041006112,2.31031810547162,6.08580148322984,,6.08580148322984,,,,IMF,,_X: Data nature not available
10,Goal 10,Reduce inequality within and among countries,10.5,Improve the regulation and monitoring of global financial markets and institutions and strengthen the implementation of such regulations,C100501,10.5.1,I,IMF,Financial Soundness Indicators,2020.Q1.G.01,"['financial aspects', 'risk management']",FI_FSI_FSSNO,Net open position in foreign exchange to capital (%),276,Germany,4,155,Western Europe,Country,10.3806066,51.08862743,DEU,1,1,A,Normal value,"[2008, 2009, 2010, 2011, 2012, 2013, 2014, 2015, 2016, 2017, 2018]",2008,2018,11,PT,Percentage,G,Global,,,,,,,,,6.56,5.28,4.4,4.48,3.93,3.84,3.95,4.62,4.0,3.67,3.19,,3.19,,,,IMF,,_X: Data nature not available
10,Goal 10,Reduce inequality within and among countries,10.5,Improve the regulation and monitoring of global financial markets and institutions and strengthen the implementation of such regulations,C100501,10.5.1,I,IMF,Financial Soundness Indicators,2020.Q1.G.01,"['financial aspects', 'risk management']",FI_FSI_FSSNO,Net open position in foreign exchange to capital (%),28,Antigua and Barbuda,5,29,Caribbean,Country,-61.7999755,17.07761471,ATG,1,1,A,Normal value,"[2015, 2016, 2017, 2018]",2015,2018,4,PT,Percentage,G,Global,,,,,,,,,,,,,,,,31.2188504526822,49.0588488967329,120.570805709437,107.6151853814,,107.6151853814,,,,IMF,,_X: Data nature not available
10,Goal 10,Reduce inequality within and among countries,10.5,Improve the regulation and monitoring of global financial markets and institutions and strengthen the implementation of such regulations,C100501,10.5.1,I,IMF,Financial Soundness Indicators,2020.Q1.G.01,"['financial aspects', 'risk management']",FI_FSI_FSSNO,Net open position in foreign exchange to capital (%),288,Ghana,5,11,Western Africa,Country,-1.205623522,7.964825185,GHA,1,1,A,Normal value,[2017],2017,2017,1,PT,Percentage,G,Global,,,,,,,,,,,,,,,,,,3.39962233495877,,,3.39962233495877,,,,IMF,,_X: Data nature not available
10,Goal 10,Reduce inequality within and among countries,10.5,Improve the regulation and monitoring of global financial markets and institutions and strengthen the implementation of such regulations,C100501,10.5.1,I,IMF,Financial Soundness Indicators,2020.Q1.G.01,"['financial aspects', 'risk management']",FI_FSI_FSSNO,Net open position in foreign exchange to capital (%),300,Greece,4,39,Southern Europe,Country,22.58307827,39.47301873,GRC,1,1,A,Normal value,"[2008, 2009, 2010, 2012, 2013, 2014, 2015, 2016, 2017, 2018]",2008,2018,10,PT,Percentage,G,Global,,,,,,,,,8.23069919955446,16.3131195762016,12.4388564843105,,15.9462468074562,4.5735506117478,5.37458223102245,5.61620189856922,0.821316233446276,1.32091705923064,0.736984106490856,,0.736984106490856,,,,IMF,,_X: Data nature not available
10,Goal 10,Reduce inequality within and among countries,10.5,Improve the regulation and monitoring of global financial markets and institutions and strengthen the implementation of such regulations,C100501,10.5.1,I,IMF,Financial Soundness Indicators,2020.Q1.G.01,"['financial aspects', 'risk management']",FI_FSI_FSSNO,Net open position in foreign exchange to capital (%),308,Grenada,5,29,Caribbean,Country,-61.68248568,12.11238395,GRD,1,1,A,Normal value,"[2015, 2016, 2017, 2018]",2015,2018,4,PT,Percentage,G,Global,,,,,,,,,,,,,,,,172.039794525002,197.989958084958,165.504549727726,267.297449400036,,267.297449400036,,,,IMF,,_X: Data nature not available
10,Goal 10,Reduce inequality within and among countries,10.5,Improve the regulation and monitoring of global financial markets and institutions and strengthen the implementation of such regulations,C100501,10.5.1,I,IMF,Financial Soundness Indicators,2020.Q1.G.01,"['financial aspects', 'risk management']",FI_FSI_FSSNO,Net open position in foreign exchange to capital (%),32,Argentina,5,5,South America,Country,-65.14563274,-35.19446255,ARG,1,1,A,Normal value,"[2005, 2006, 2007, 2008, 2009, 2010, 2011, 2012, 2013, 2014, 2015, 2016, 2017, 2018]",2005,2018,14,PT,Percentage,G,Global,,,,,,39.9532277888552,29.5285304227201,37.118196064746,50.5628352037458,39.4903784684168,32.1487131391557,42.472721905663,43.1688200955529,71.4399229782483,21.761024617133,21.8772046206583,19.5083172718251,12.0771729324942,9.3398047284583,,9.3398047284583,,,,IMF,,_X: Data nature not available
10,Goal 10,Reduce inequality within and among countries,10.5,Improve the regulation and monitoring of global financial markets and institutions and strengthen the implementation of such regulations,C100501,10.5.1,I,IMF,Financial Soundness Indicators,2020.Q1.G.01,"['financial aspects', 'risk management']",FI_FSI_FSSNO,Net open position in foreign exchange to capital (%),320,Guatemala,5,13,Central America,Country,-91.2312746,15.00273719,GTM,1,1,A,Normal value,"[2009, 2010, 2011, 2012, 2013, 2014, 2015, 2016, 2017, 2018]",2009,2018,10,PT,Percentage,G,Global,,,,,,,,,,30.5828901120153,20.6296494647366,10.234926388978,8.64379895852584,11.9991700316757,12.2809262600249,19.6076234484564,19.6649946031573,18.2596316150357,18.7500155056972,,18.7500155056972,,,,IMF,,_X: Data nature not available
10,Goal 10,Reduce inequality within and among countries,10.5,Improve the regulation and monitoring of global financial markets and institutions and strengthen the implementation of such regulations,C100501,10.5.1,I,IMF,Financial Soundness Indicators,2020.Q1.G.01,"['financial aspects', 'risk management']",FI_FSI_FSSNO,Net open position in foreign exchange to capital (%),324,Guinea,5,11,Western Africa,Country,-11.28173419,11.00210343,GIN,1,1,A,Normal value,"[2013, 2014, 2015, 2016, 2017, 2018]",2013,2018,6,PT,Percentage,G,Global,,,,,,,,,,,,,,168.029311004574,30.710860860548,-56.347885984845,25.106483366172,79.157191677336,105.70739199497,,105.70739199497,,,,IMF,,_X: Data nature not available
10,Goal 10,Reduce inequality within and among countries,10.5,Improve the regulation and monitoring of global financial markets and institutions and strengthen the implementation of such regulations,C100501,10.5.1,I,IMF,Financial Soundness Indicators,2020.Q1.G.01,"['financial aspects', 'risk management']",FI_FSI_FSSNO,Net open position in foreign exchange to capital (%),340,Honduras,5,13,Central America,Country,-86.59974381,14.82243161,HND,1,1,A,Normal value,"[2015, 2016, 2017, 2018]",2015,2018,4,PT,Percentage,G,Global,,,,,,,,,,,,,,,,10.3662145095369,10.2144089005047,8.84759589338508,9.20362077381078,,9.20362077381078,,,,IMF,,_X: Data nature not available
10,Goal 10,Reduce inequality within and among countries,10.5,Improve the regulation and monitoring of global financial markets and institutions and strengthen the implementation of such regulations,C100501,10.5.1,I,IMF,Financial Soundness Indicators,2020.Q1.G.01,"['financial aspects', 'risk management']",FI_FSI_FSSNO,Net open position in foreign exchange to capital (%),344,"China, Hong Kong Special Administrative Region",4,30,Eastern Asia,Country,114.0266445,22.41749934,HKG,0,1,A,Normal value,"[2011, 2012, 2013, 2014, 2015, 2016, 2017, 2018]",2011,2018,8,PT,Percentage,G,Global,,,,,,,,,,,,2.82,7.3,3.69,5.28,5.86,4.07626375999207,0.512609787925081,0.0196717007841685,,0.0196717007841685,,,,IMF,,_X: Data nature not available
10,Goal 10,Reduce inequality within and among countries,10.5,Improve the regulation and monitoring of global financial markets and institutions and strengthen the implementation of such regulations,C100501,10.5.1,I,IMF,Financial Soundness Indicators,2020.Q1.G.01,"['financial aspects', 'risk management']",FI_FSI_FSSNO,Net open position in foreign exchange to capital (%),348,Hungary,4,151,Eastern Europe,Country,19.41221519,47.1651448,HUN,1,1,A,Normal value,"[2008, 2009, 2010, 2011, 2012, 2013, 2014, 2015, 2016, 2017, 2018]",2008,2018,11,PT,Percentage,G,Global,,,,,,,,,15.2729617766198,17.7839813822192,15.8937395206432,23.9142097901674,20.4744948039037,15.4778469964237,21.9193244855654,17.0874214400026,16.3970018402707,-1.2900746989921,-1.04735899723997,,-1.04735899723997,,,,IMF,,_X: Data nature not available
10,Goal 10,Reduce inequality within and among countries,10.5,Improve the regulation and monitoring of global financial markets and institutions and strengthen the implementation of such regulations,C100501,10.5.1,I,IMF,Financial Soundness Indicators,2020.Q1.G.01,"['financial aspects', 'risk management']",FI_FSI_FSSNO,Net open position in foreign exchange to capital (%),352,Iceland,4,154,Northern Europe,Country,-19.02116966,64.79134763,ISL,1,1,A,Normal value,"[2014, 2015, 2016, 2017, 2018]",2014,2018,5,PT,Percentage,G,Global,,,,,,,,,,,,,,,6.186410693691,2.08829009791011,-0.483676464434354,0.538272135130873,-0.243563625661042,,-0.243563625661042,,,,IMF,,_X: Data nature not available
10,Goal 10,Reduce inequality within and among countries,10.5,Improve the regulation and monitoring of global financial markets and institutions and strengthen the implementation of such regulations,C100501,10.5.1,I,IMF,Financial Soundness Indicators,2020.Q1.G.01,"['financial aspects', 'risk management']",FI_FSI_FSSNO,Net open position in foreign exchange to capital (%),356,India,4,34,Southern Asia,Country,79.3608464,22.34642074,IND,1,1,A,Normal value,"[2008, 2011, 2012, 2013, 2014, 2015, 2016, 2017, 2018]",2008,2018,9,PT,Percentage,G,Global,,,,,,,,,1.00988623918736,,,3.05053095387628,3.63968109434879,6.31581604844422,3.39810451672625,8.23771318570644,7.04553870268426,8.34,8.59027388026279,,8.59027388026279,,,,IMF,,_X: Data nature not available
10,Goal 10,Reduce inequality within and among countries,10.5,Improve the regulation and monitoring of global financial markets and institutions and strengthen the implementation of such regulations,C100501,10.5.1,I,IMF,Financial Soundness Indicators,2020.Q1.G.01,"['financial aspects', 'risk management']",FI_FSI_FSSNO,Net open position in foreign exchange to capital (%),360,Indonesia,4,35,South-Eastern Asia,Country,113.9174,-0.994582204,IDN,1,1,A,Normal value,"[2005, 2006, 2007, 2008, 2009, 2010, 2011, 2012, 2013, 2014, 2015, 2016, 2017, 2018]",2005,2018,14,PT,Percentage,G,Global,,,,,,3.40237955146232,9.60088928517684,6.1241794057683,9.16528882833801,3.34454490177882,3.06163617482633,2.96502323983462,3.29225723766374,1.73727150347341,2.38481549243511,0.908800906910787,1.7798363549676,1.58580807983695,1.68463399599115,,1.68463399599115,,,,IMF,,_X: Data nature not available
10,Goal 10,Reduce inequality within and among countries,10.5,Improve the regulation and monitoring of global financial markets and institutions and strengthen the implementation of such regulations,C100501,10.5.1,I,IMF,Financial Soundness Indicators,2020.Q1.G.01,"['financial aspects', 'risk management']",FI_FSI_FSSNO,Net open position in foreign exchange to capital (%),372,Ireland,4,154,Northern Europe,Country,-7.121425272,53.25274054,IRL,1,1,A,Normal value,"[2005, 2006, 2007, 2008, 2009, 2010, 2011, 2012, 2013, 2014, 2015, 2016, 2017, 2018]",2005,2018,14,PT,Percentage,G,Global,,,,,,1.18920409499845,2.25400695828006,2.63651230505365,0.0273248929775025,3.25301514644997,4.45824251462659,0.32599837000815,0.430194561861079,1.4021536802185,0.760796753364177,0.242182355761273,1.44364468406296,1.49873664831274,2.43309024345239,,2.43309024345239,,,,IMF,,_X: Data nature not available
10,Goal 10,Reduce inequality within and among countries,10.5,Improve the regulation and monitoring of global financial markets and institutions and strengthen the implementation of such regulations,C100501,10.5.1,I,IMF,Financial Soundness Indicators,2020.Q1.G.01,"['financial aspects', 'risk management']",FI_FSI_FSSNO,Net open position in foreign exchange to capital (%),376,Israel,4,145,Western Asia,Country,34.62277992,31.06164552,ISR,1,1,A,Normal value,"[2002, 2003, 2004, 2005, 2006, 2007, 2008, 2009, 2010, 2011, 2012, 2013, 2014, 2015, 2016, 2017, 2018]",2002,2018,17,PT,Percentage,G,Global,,,37.5359446350653,35.3101545375868,37.4998231660909,24.4160360152614,33.687831959314,6.01601118562577,-9.46150188148699,-41.2751645855997,-43.688643375258,-44.5850008345738,-43.6901235139556,-55.7474206990982,-55.1808013193637,-61.0887733497645,-65.6434995058279,-55.3906757338559,-56.943819548017,,-56.943819548017,,,,IMF,,_X: Data nature not available
10,Goal 10,Reduce inequality within and among countries,10.5,Improve the regulation and monitoring of global financial markets and institutions and strengthen the implementation of such regulations,C100501,10.5.1,I,IMF,Financial Soundness Indicators,2020.Q1.G.01,"['financial aspects', 'risk management']",FI_FSI_FSSNO,Net open position in foreign exchange to capital (%),380,Italy,4,39,Southern Europe,Country,12.57022427,42.79917282,ITA,1,1,A,Normal value,"[2008, 2009, 2010, 2011, 2012, 2013, 2014, 2015, 2016, 2017, 2018]",2008,2018,11,PT,Percentage,G,Global,,,,,,,,,2.1655036585284,1.64059972861373,1.65468991813787,1.70409508396143,1.22434852374694,1.96116003832755,0.0368348745658766,0.26459142779978,1.49735582339758,1.26122566107324,0.663006102545276,,0.663006102545276,,,,IMF,,_X: Data nature not available
10,Goal 10,Reduce inequality within and among countries,10.5,Improve the regulation and monitoring of global financial markets and institutions and strengthen the implementation of such regulations,C100501,10.5.1,I,IMF,Financial Soundness Indicators,2020.Q1.G.01,"['financial aspects', 'risk management']",FI_FSI_FSSNO,Net open position in foreign exchange to capital (%),398,Kazakhstan,4,143,Central Asia,Country,66.65359159,48.01963494,KAZ,1,1,A,Normal value,"[2008, 2009, 2010, 2011, 2012, 2013, 2014, 2015, 2016, 2017, 2018]",2008,2018,11,PT,Percentage,G,Global,,,,,,,,,4.89415178167977,-73.2989978161185,-1.52489595669345,-0.0586896952013524,-4.32644605866674,-3.99509432080624,-1.10672501607211,2.65338612000506,1.62654668393571,-0.0139805910944373,2.51818133670514,,2.51818133670514,,,,IMF,,_X: Data nature not available
10,Goal 10,Reduce inequality within and among countries,10.5,Improve the regulation and monitoring of global financial markets and institutions and strengthen the implementation of such regulations,C100501,10.5.1,I,IMF,Financial Soundness Indicators,2020.Q1.G.01,"['financial aspects', 'risk management']",FI_FSI_FSSNO,Net open position in foreign exchange to capital (%),4,Afghanistan,4,34,Southern Asia,Country,66.02688198,33.83160199,AFG,1,1,A,Normal value,"[2011, 2012, 2013, 2014, 2015, 2016, 2017, 2018]",2011,2018,8,PT,Percentage,G,Global,,,,,,,,,,,,39.4096763779027,45.5707003823738,44.0541855348886,154.659902375501,212.057797819526,25.4141617579973,23.9995895390221,30.821362117906,,30.821362117906,,,,IMF,,_X: Data nature not available
10,Goal 10,Reduce inequality within and among countries,10.5,Improve the regulation and monitoring of global financial markets and institutions and strengthen the implementation of such regulations,C100501,10.5.1,I,IMF,Financial Soundness Indicators,2020.Q1.G.01,"['financial aspects', 'risk management']",FI_FSI_FSSNO,Net open position in foreign exchange to capital (%),40,Austria,4,155,Western Europe,Country,14.14172472,47.58704857,AUT,1,1,A,Normal value,"[2006, 2007, 2008, 2009, 2010, 2011, 2012, 2013, 2014, 2015, 2016, 2017, 2018]",2006,2018,13,PT,Percentage,G,Global,,,,,,,6.46382251503558,2.46542619703618,1.61666979639949,0.617055751709437,0.30318447867341,0.115156986285357,0.446433683103773,0.154127149180375,0.653615252475192,0.226030291984889,0.976386669480176,0.0987637424248317,0.6770980687584,,0.6770980687584,,,,IMF,,_X: Data nature not available
10,Goal 10,Reduce inequality within and among countries,10.5,Improve the regulation and monitoring of global financial markets and institutions and strengthen the implementation of such regulations,C100501,10.5.1,I,IMF,Financial Soundness Indicators,2020.Q1.G.01,"['financial aspects', 'risk management']",FI_FSI_FSSNO,Net open position in foreign exchange to capital (%),400,Jordan,4,145,Western Asia,Country,37.13024774,30.65365973,JOR,1,1,A,Normal value,"[2015, 2016, 2017, 2018]",2015,2018,4,PT,Percentage,G,Global,,,,,,,,,,,,,,,,12.9056431843457,11.9222057755245,7.66405958141386,-1.89174473653282,,-1.89174473653282,,,,IMF,,_X: Data nature not available
10,Goal 10,Reduce inequality within and among countries,10.5,Improve the regulation and monitoring of global financial markets and institutions and strengthen the implementation of such regulations,C100501,10.5.1,I,IMF,Financial Soundness Indicators,2020.Q1.G.01,"['financial aspects', 'risk management']",FI_FSI_FSSNO,Net open position in foreign exchange to capital (%),404,Kenya,5,14,Eastern Africa,Country,37.86096816,0.534797278,KEN,1,1,A,Normal value,"[2008, 2009, 2010, 2011, 2012, 2013, 2014, 2015, 2016, 2017, 2018]",2008,2018,11,PT,Percentage,G,Global,,,,,,,,,18.4355764789477,-6.29947465823138,12.4779748936654,9.84137142120479,5.75376980926817,-3.07397211717827,4.36583383214893,2.72862977726427,6.53637001910228,2.02109063292155,3.77376244592575,,3.77376244592575,,,,IMF,,_X: Data nature not available
10,Goal 10,Reduce inequality within and among countries,10.5,Improve the regulation and monitoring of global financial markets and institutions and strengthen the implementation of such regulations,C100501,10.5.1,I,IMF,Financial Soundness Indicators,2020.Q1.G.01,"['financial aspects', 'risk management']",FI_FSI_FSSNO,Net open position in foreign exchange to capital (%),410,Republic of Korea,4,30,Eastern Asia,Country,127.8610254,36.45201023,KOR,1,1,A,Normal value,"[2008, 2009, 2010, 2011, 2012, 2013, 2014, 2015, 2016, 2017]",2008,2017,10,PT,Percentage,G,Global,,,,,,,,,1.87520030548718,2.91099976139346,0.937660530473967,0.934750386325649,0.154542653527393,-0.150401408263831,0.46559734185627,-0.0418544681734494,0.0191377162952684,-0.980681201583182,,,-0.980681201583182,,,,IMF,,_X: Data nature not available
10,Goal 10,Reduce inequality within and among countries,10.5,Improve the regulation and monitoring of global financial markets and institutions and strengthen the implementation of such regulations,C100501,10.5.1,I,IMF,Financial Soundness Indicators,2020.Q1.G.01,"['financial aspects', 'risk management']",FI_FSI_FSSNO,Net open position in foreign exchange to capital (%),412,Kosovo,4,151,Eastern Europe,Country,,,,,,A,Normal value,"[2010, 2011, 2012, 2013, 2014, 2015, 2016, 2017, 2018]",2010,2018,9,PT,Percentage,G,Global,,,,,,,,,,,-0.0937729244949123,2.51844913339431,0.00147406100379353,2.31550933394812,1.76176960635515,1.81749522743048,4.36053953090658,1.18947846529337,3.837211,,3.837211,,,,IMF,,_X: Data nature not available
10,Goal 10,Reduce inequality within and among countries,10.5,Improve the regulation and monitoring of global financial markets and institutions and strengthen the implementation of such regulations,C100501,10.5.1,I,IMF,Financial Soundness Indicators,2020.Q1.G.01,"['financial aspects', 'risk management']",FI_FSI_FSSNO,Net open position in foreign exchange to capital (%),417,Kyrgyzstan,4,143,Central Asia,Country,74.52324839,41.46204516,KGZ,1,1,A,Normal value,"[2010, 2011, 2012, 2013, 2014, 2015, 2016, 2017, 2018]",2010,2018,9,PT,Percentage,G,Global,,,,,,,,,,,-9.05785747764823,4.16207283015485,2.44128477348166,5.27540313926061,7.6593460091589,-1.92972832987905,4.09232004751804,2.78831756115026,3.33786858166891,,3.33786858166891,,,,IMF,,_X: Data nature not available
10,Goal 10,Reduce inequality within and among countries,10.5,Improve the regulation and monitoring of global financial markets and institutions and strengthen the implementation of such regulations,C100501,10.5.1,I,IMF,Financial Soundness Indicators,2020.Q1.G.01,"['financial aspects', 'risk management']",FI_FSI_FSSNO,Net open position in foreign exchange to capital (%),422,Lebanon,4,145,Western Asia,Country,35.89391711,33.92152458,LBN,1,1,A,Normal value,"[2011, 2012, 2013, 2014, 2015, 2016, 2017, 2018]",2011,2018,8,PT,Percentage,G,Global,,,,,,,,,,,,16.9090260672114,13.9006395419995,11.7572217347367,13.9102112402983,14.1458348637299,16.0694206064575,16.4053734992034,11.8296372314516,,11.8296372314516,,,,IMF,,_X: Data nature not available
10,Goal 10,Reduce inequality within and among countries,10.5,Improve the regulation and monitoring of global financial markets and institutions and strengthen the implementation of such regulations,C100501,10.5.1,I,IMF,Financial Soundness Indicators,2020.Q1.G.01,"['financial aspects', 'risk management']",FI_FSI_FSSNO,Net open position in foreign exchange to capital (%),426,Lesotho,5,18,Southern Africa,Country,28.25362195,-29.58041814,LSO,1,1,A,Normal value,"[2013, 2014, 2015, 2016, 2017, 2018]",2013,2018,6,PT,Percentage,G,Global,,,,,,,,,,,,,,32.1476118994031,5.52502915165714,14.393514640632,31.9184388524433,24.5673886791829,23.5831845748727,,23.5831845748727,,,,IMF,,_X: Data nature not available
10,Goal 10,Reduce inequality within and among countries,10.5,Improve the regulation and monitoring of global financial markets and institutions and strengthen the implementation of such regulations,C100501,10.5.1,I,IMF,Financial Soundness Indicators,2020.Q1.G.01,"['financial aspects', 'risk management']",FI_FSI_FSSNO,Net open position in foreign exchange to capital (%),428,Latvia,4,154,Northern Europe,Country,26.42461876,56.64196636,LVA,1,1,A,Normal value,"[2008, 2009, 2010, 2011, 2012, 2013, 2014, 2015, 2016, 2017, 2018]",2008,2018,11,PT,Percentage,G,Global,,,,,,,,,8.50106914902568,12.0233761936277,8.33810170946287,14.3328767107125,12.8177102210946,9.07356987304377,2.52474400512856,2.33525192732064,3.42547753783031,2.04121805692241,0.905570798604407,,0.905570798604407,,,,IMF,,_X: Data nature not available
10,Goal 10,Reduce inequality within and among countries,10.5,Improve the regulation and monitoring of global financial markets and institutions and strengthen the implementation of such regulations,C100501,10.5.1,I,IMF,Financial Soundness Indicators,2020.Q1.G.01,"['financial aspects', 'risk management']",FI_FSI_FSSNO,Net open position in foreign exchange to capital (%),440,Lithuania,4,154,Northern Europe,Country,23.90517807,55.33680309,LTU,1,1,A,Normal value,"[2008, 2009, 2010, 2011, 2012, 2013, 2014, 2015, 2016, 2017, 2018]",2008,2018,11,PT,Percentage,G,Global,,,,,,,,,0.974186762234267,1.00556896605563,0.535641700864634,0.624826515504093,0.290335843756412,0.44377855302218,0.402207499988464,0.0507592540761579,0.0214729828418111,0.0121835107463077,0.0230335683044323,,0.0230335683044323,,,,IMF,,_X: Data nature not available
10,Goal 10,Reduce inequality within and among countries,10.5,Improve the regulation and monitoring of global financial markets and institutions and strengthen the implementation of such regulations,C100501,10.5.1,I,IMF,Financial Soundness Indicators,2020.Q1.G.01,"['financial aspects', 'risk management']",FI_FSI_FSSNO,Net open position in foreign exchange to capital (%),442,Luxembourg,4,155,Western Europe,Country,6.092656563,49.77679538,LUX,1,1,A,Normal value,"[2008, 2009, 2010, 2011, 2012, 2013, 2016, 2017, 2018]",2008,2018,9,PT,Percentage,G,Global,,,,,,,,,1.60773397627958,-0.623418865196964,0.337634149282527,2.11902966641533,0.307069123219652,0.29559683875603,,,2.97294958325813,1.92700866519616,1.88521804846183,,1.88521804846183,,,,IMF,,_X: Data nature not available
10,Goal 10,Reduce inequality within and among countries,10.5,Improve the regulation and monitoring of global financial markets and institutions and strengthen the implementation of such regulations,C100501,10.5.1,I,IMF,Financial Soundness Indicators,2020.Q1.G.01,"['financial aspects', 'risk management']",FI_FSI_FSSNO,Net open position in foreign exchange to capital (%),446,"China, Macao Special Administrative Region",4,30,Eastern Asia,Country,113.5665388,22.1237259,MAC,0,1,A,Normal value,"[2010, 2011, 2012, 2013, 2014, 2015, 2016, 2017, 2018]",2010,2018,9,PT,Percentage,G,Global,,,,,,,,,,,187.752103777335,182.276634003304,143.908975055323,139.790452120568,143.105073253196,124.129335836902,136.674215860456,116.540301001239,93.1052803645913,,93.1052803645913,,,,IMF,,_X: Data nature not available
10,Goal 10,Reduce inequality within and among countries,10.5,Improve the regulation and monitoring of global financial markets and institutions and strengthen the implementation of such regulations,C100501,10.5.1,I,IMF,Financial Soundness Indicators,2020.Q1.G.01,"['financial aspects', 'risk management']",FI_FSI_FSSNO,Net open position in foreign exchange to capital (%),450,Madagascar,5,14,Eastern Africa,Country,46.6982339,-19.38514785,MDG,1,1,A,Normal value,"[2005, 2006, 2007, 2008, 2009, 2010, 2011, 2012, 2013, 2014, 2015, 2016, 2017, 2018]",2005,2018,14,PT,Percentage,G,Global,,,,,,8.71739318934624,12.7018406724903,14.1616861858002,10.9459397844805,18.213557806651,18.3720514647004,13.7448287752785,9.63223087694448,12.7624452802376,10.8981423163341,11.742373502701,8.57612384183848,8.93781031373587,5.63810548515359,,5.63810548515359,,,,IMF,,_X: Data nature not available
10,Goal 10,Reduce inequality within and among countries,10.5,Improve the regulation and monitoring of global financial markets and institutions and strengthen the implementation of such regulations,C100501,10.5.1,I,IMF,Financial Soundness Indicators,2020.Q1.G.01,"['financial aspects', 'risk management']",FI_FSI_FSSNO,Net open position in foreign exchange to capital (%),458,Malaysia,4,35,South-Eastern Asia,Country,116.8346314,5.452415309,MYS,1,1,A,Normal value,"[2005, 2006, 2007, 2008, 2009, 2010, 2011, 2012, 2013, 2014, 2015, 2016, 2017, 2018]",2005,2018,14,PT,Percentage,G,Global,,,,,,1.31491726063219,5.2355977678092,5.67241249609298,5.14972253381139,3.88254546593143,9.312134550339,14.6484835380678,14.0651238157886,13.759653700176,13.2015734763961,6.09986773514271,6.26194762517394,6.13133700760592,5.75531612658444,,5.75531612658444,,,,IMF,,_X: Data nature not available
10,Goal 10,Reduce inequality within and among countries,10.5,Improve the regulation and monitoring of global financial markets and institutions and strengthen the implementation of such regulations,C100501,10.5.1,I,IMF,Financial Soundness Indicators,2020.Q1.G.01,"['financial aspects', 'risk management']",FI_FSI_FSSNO,Net open position in foreign exchange to capital (%),462,Maldives,4,34,Southern Asia,Country,73.09672546,-0.614385021,MDV,1,1,A,Normal value,"[2012, 2013, 2014, 2015, 2016, 2017, 2018]",2012,2018,7,PT,Percentage,G,Global,,,,,,,,,,,,,66.3611918172735,34.3477497746775,30.9253794193707,20.954172551471,13.4050602525325,11.9799160531838,12.4318545210094,,12.4318545210094,,,,IMF,,_X: Data nature not available
10,Goal 10,Reduce inequality within and among countries,10.5,Improve the regulation and monitoring of global financial markets and institutions and strengthen the implementation of such regulations,C100501,10.5.1,I,IMF,Financial Soundness Indicators,2020.Q1.G.01,"['financial aspects', 'risk management']",FI_FSI_FSSNO,Net open position in foreign exchange to capital (%),470,Malta,4,39,Southern Europe,Country,14.44617519,35.89194275,MLT,1,1,A,Normal value,"[2005, 2006, 2007, 2008, 2009, 2010, 2011, 2012, 2013, 2014, 2015, 2016, 2017, 2018]",2005,2018,14,PT,Percentage,G,Global,,,,,,-3.62237898695166,1.17029443376427,2.4066197459114,-0.269448983084547,-0.191171748088099,-0.0338987369512341,-0.327081078121105,0.123613340955775,0.143938877140323,1.04993738905478,0.354294016063156,0.376541525024193,-0.0507956198134999,-0.0067371825102742,,-0.0067371825102742,,,,IMF,,_X: Data nature not available
10,Goal 10,Reduce inequality within and among countries,10.5,Improve the regulation and monitoring of global financial markets and institutions and strengthen the implementation of such regulations,C100501,10.5.1,I,IMF,Financial Soundness Indicators,2020.Q1.G.01,"['financial aspects', 'risk management']",FI_FSI_FSSNO,Net open position in foreign exchange to capital (%),480,Mauritius,5,14,Eastern Africa,Country,57.568022,-20.28581998,MUS,1,1,A,Normal value,"[2009, 2010, 2011, 2012, 2013, 2014, 2015, 2016, 2017, 2018]",2009,2018,10,PT,Percentage,G,Global,,,,,,,,,,5.30129085030799,4.51376216076826,2.23727698785651,2.10967320961307,2.11358541250099,2.3671240711072,3.03995890896603,3.12812461800909,3.22594644593971,2.10013866254942,,2.10013866254942,,,,IMF,,_X: Data nature not available
10,Goal 10,Reduce inequality within and among countries,10.5,Improve the regulation and monitoring of global financial markets and institutions and strengthen the implementation of such regulations,C100501,10.5.1,I,IMF,Financial Soundness Indicators,2020.Q1.G.01,"['financial aspects', 'risk management']",FI_FSI_FSSNO,Net open position in foreign exchange to capital (%),484,Mexico,5,13,Central America,Country,-102.5148166,23.93378032,MEX,1,1,A,Normal value,"[2014, 2015, 2016, 2017, 2018]",2014,2018,5,PT,Percentage,G,Global,,,,,,,,,,,,,,,-1.69712728132066,-0.425284045684331,0.781888867568582,1.05969136300823,1.2211892210725,,1.2211892210725,,,,IMF,,_X: Data nature not available
10,Goal 10,Reduce inequality within and among countries,10.5,Improve the regulation and monitoring of global financial markets and institutions and strengthen the implementation of such regulations,C100501,10.5.1,I,IMF,Financial Soundness Indicators,2020.Q1.G.01,"['financial aspects', 'risk management']",FI_FSI_FSSNO,Net open position in foreign exchange to capital (%),498,Republic of Moldova,4,151,Eastern Europe,Country,28.4650624,47.20236795,MDA,1,1,A,Normal value,"[2009, 2010, 2011, 2012, 2013, 2014, 2015, 2016, 2017, 2018]",2009,2018,10,PT,Percentage,G,Global,,,,,,,,,,4.7984820964532,5.06480706283296,4.83258419852284,2.59502964100342,3.62683909545498,36.0274908494539,-8.0214795576125,-7.20952965195899,-6.36709794579383,-9.77240574143761,,-9.77240574143761,,,,IMF,,_X: Data nature not available
10,Goal 10,Reduce inequality within and among countries,10.5,Improve the regulation and monitoring of global financial markets and institutions and strengthen the implementation of such regulations,C100501,10.5.1,I,IMF,Financial Soundness Indicators,2020.Q1.G.01,"['financial aspects', 'risk management']",FI_FSI_FSSNO,Net open position in foreign exchange to capital (%),499,Montenegro,4,39,Southern Europe,Country,19.25214024,42.78717043,MNE,1,1,A,Normal value,"[2013, 2014, 2015, 2016, 2017, 2018]",2013,2018,6,PT,Percentage,G,Global,,,,,,,,,,,,,,0.508232402499334,0.60006476889569,2.14508829937985,1.56513931367322,0.831168831168831,0.0227031002070424,,0.0227031002070424,,,,IMF,,_X: Data nature not available
10,Goal 10,Reduce inequality within and among countries,10.5,Improve the regulation and monitoring of global financial markets and institutions and strengthen the implementation of such regulations,C100501,10.5.1,I,IMF,Financial Soundness Indicators,2020.Q1.G.01,"['financial aspects', 'risk management']",FI_FSI_FSSNO,Net open position in foreign exchange to capital (%),50,Bangladesh,4,34,Southern Asia,Country,89.17660788,22.86961622,BGD,1,1,A,Normal value,"[2014, 2015, 2016, 2017, 2018]",2014,2018,5,PT,Percentage,G,Global,,,,,,,,,,,,,,,5.04489776257965,5.34013613912626,4.93496464136441,4.48850748650742,7.42799305348158,,7.42799305348158,,,,IMF,,_X: Data nature not available
10,Goal 10,Reduce inequality within and among countries,10.5,Improve the regulation and monitoring of global financial markets and institutions and strengthen the implementation of such regulations,C100501,10.5.1,I,IMF,Financial Soundness Indicators,2020.Q1.G.01,"['financial aspects', 'risk management']",FI_FSI_FSSNO,Net open position in foreign exchange to capital (%),500,Montserrat,5,29,Caribbean,Country,-62.19261223,16.73558313,MSR,0,1,A,Normal value,"[2015, 2016, 2017, 2018]",2015,2018,4,PT,Percentage,G,Global,,,,,,,,,,,,,,,,562.485160269094,463.802375084024,481.881761556114,440.08667708364,,440.08667708364,,,,IMF,,_X: Data nature not available
10,Goal 10,Reduce inequality within and among countries,10.5,Improve the regulation and monitoring of global financial markets and institutions and strengthen the implementation of such regulations,C100501,10.5.1,I,IMF,Financial Soundness Indicators,2020.Q1.G.01,"['financial aspects', 'risk management']",FI_FSI_FSSNO,Net open position in foreign exchange to capital (%),51,Armenia,4,145,Western Asia,Country,44.93839317,40.29499741,ARM,1,1,A,Normal value,"[2005, 2006, 2007, 2008, 2009, 2010, 2011, 2012, 2013, 2014, 2015, 2016, 2017, 2018]",2005,2018,14,PT,Percentage,G,Global,,,,,,0.814034037233852,-0.433818257144081,-2.35349160774452,-8.83936526875237,0.51079779215787,-1.69594674178465,-1.83227091793612,0.539989243366122,-0.88875370004352,-11.5638422326138,-2.84732975816266,-3.48183526347462,-1.41994339026254,-3.15932144421365,,-3.15932144421365,,,,IMF,,_X: Data nature not available
10,Goal 10,Reduce inequality within and among countries,10.5,Improve the regulation and monitoring of global financial markets and institutions and strengthen the implementation of such regulations,C100501,10.5.1,I,IMF,Financial Soundness Indicators,2020.Q1.G.01,"['financial aspects', 'risk management']",FI_FSI_FSSNO,Net open position in foreign exchange to capital (%),516,Namibia,5,18,Southern Africa,Country,17.21907885,-22.13817068,NAM,1,1,A,Normal value,"[2010, 2011, 2012, 2013, 2014, 2015, 2016, 2017, 2018]",2010,2018,9,PT,Percentage,G,Global,,,,,,,,,,,2.36757343416308,2.09150150801492,2.20709948775762,1.73091436331736,1.95955805711903,4.1117979037893,2.56748380830842,2.46820861988053,6.83729668760049,,6.83729668760049,,,,IMF,,_X: Data nature not available
10,Goal 10,Reduce inequality within and among countries,10.5,Improve the regulation and monitoring of global financial markets and institutions and strengthen the implementation of such regulations,C100501,10.5.1,I,IMF,Financial Soundness Indicators,2020.Q1.G.01,"['financial aspects', 'risk management']",FI_FSI_FSSNO,Net open position in foreign exchange to capital (%),524,Nepal,4,34,Southern Asia,Country,83.94678863,28.25866332,NPL,1,1,A,Normal value,"[2016, 2017, 2018]",2016,2018,3,PT,Percentage,G,Global,,,,,,,,,,,,,,,,,5.82627827949399,5.01533288696891,1.67074843816722,,1.67074843816722,,,,IMF,,_X: Data nature not available
10,Goal 10,Reduce inequality within and among countries,10.5,Improve the regulation and monitoring of global financial markets and institutions and strengthen the implementation of such regulations,C100501,10.5.1,I,IMF,Financial Soundness Indicators,2020.Q1.G.01,"['financial aspects', 'risk management']",FI_FSI_FSSNO,Net open position in foreign exchange to capital (%),548,Vanuatu,4,54,Melanesia,Country,167.0679779,-15.34445547,VUT,1,1,A,Normal value,"[2010, 2011, 2012, 2013, 2014, 2015, 2016, 2017]",2010,2017,8,PT,Percentage,G,Global,,,,,,,,,,,-10.056665116438,-0.509742589324193,2.87146238685511,-2.69602149446725,1.2907259460642,7.59047213371212,6.80689404183808,4.2593272489355,,,4.2593272489355,,,,IMF,,_X: Data nature not available
10,Goal 10,Reduce inequality within and among countries,10.5,Improve the regulation and monitoring of global financial markets and institutions and strengthen the implementation of such regulations,C100501,10.5.1,I,IMF,Financial Soundness Indicators,2020.Q1.G.01,"['financial aspects', 'risk management']",FI_FSI_FSSNO,Net open position in foreign exchange to capital (%),558,Nicaragua,5,13,Central America,Country,-85.03060315,12.84210839,NIC,1,1,A,Normal value,"[2008, 2009, 2010, 2011, 2012, 2013, 2014, 2015, 2016, 2017, 2018]",2008,2018,11,PT,Percentage,G,Global,,,,,,,,,87.5642622524855,76.9705966048007,91.6971674286942,81.4442486299785,106.920891335382,113.453769004836,114.316325584926,112.715038816509,114.550631366865,109.829677421052,97.171617880624,,97.171617880624,,,,IMF,,_X: Data nature not available
10,Goal 10,Reduce inequality within and among countries,10.5,Improve the regulation and monitoring of global financial markets and institutions and strengthen the implementation of such regulations,C100501,10.5.1,I,IMF,Financial Soundness Indicators,2020.Q1.G.01,"['financial aspects', 'risk management']",FI_FSI_FSSNO,Net open position in foreign exchange to capital (%),56,Belgium,4,155,Western Europe,Country,4.660976456,50.64104975,BEL,1,1,A,Normal value,"[2006, 2007, 2008, 2009, 2010, 2011, 2012, 2013, 2014, 2015, 2016, 2017, 2018]",2006,2018,13,PT,Percentage,G,Global,,,,,,,4.8876694424492,3.28062298673956,6.56371918783437,4.70295607744887,3.25547898687441,1.42861550527772,2.08613624686281,2.14908285790504,3.32681441681893,2.58972417888844,2.08275544409701,1.60187768924608,1.85135945660819,,1.85135945660819,,,,IMF,,_X: Data nature not available
10,Goal 10,Reduce inequality within and among countries,10.5,Improve the regulation and monitoring of global financial markets and institutions and strengthen the implementation of such regulations,C100501,10.5.1,I,IMF,Financial Soundness Indicators,2020.Q1.G.01,"['financial aspects', 'risk management']",FI_FSI_FSSNO,Net open position in foreign exchange to capital (%),566,Nigeria,5,11,Western Africa,Country,8.097363256,9.585789025,NGA,1,1,A,Normal value,"[2014, 2015, 2016, 2017, 2018, 2019]",2014,2019,6,PT,Percentage,G,Global,,,,,,,,,,,,,,,0.0,0.0,16.9561857443907,21.6042676765439,9.26020101260831,4.71230641865175,4.71230641865175,,,,IMF,,_X: Data nature not available
10,Goal 10,Reduce inequality within and among countries,10.5,Improve the regulation and monitoring of global financial markets and institutions and strengthen the implementation of such regulations,C100501,10.5.1,I,IMF,Financial Soundness Indicators,2020.Q1.G.01,"['financial aspects', 'risk management']",FI_FSI_FSSNO,Net open position in foreign exchange to capital (%),578,Norway,4,154,Northern Europe,Country,11.47846389,61.34311134,NOR,1,1,A,Normal value,"[2008, 2009, 2010, 2011, 2012, 2013, 2014, 2015, 2016, 2017, 2018]",2008,2018,11,PT,Percentage,G,Global,,,,,,,,,-90.7499364729798,-96.7007636424773,-54.764688747482,-52.2076603989743,-39.3243072251044,-35.5964826449686,-30.9689779337088,-5.87335396057868,-19.8489373301814,8.60009834804497,11.7356218366203,,11.7356218366203,,,,IMF,,_X: Data nature not available
10,Goal 10,Reduce inequality within and among countries,10.5,Improve the regulation and monitoring of global financial markets and institutions and strengthen the implementation of such regulations,C100501,10.5.1,I,IMF,Financial Soundness Indicators,2020.Q1.G.01,"['financial aspects', 'risk management']",FI_FSI_FSSNO,Net open position in foreign exchange to capital (%),586,Pakistan,4,34,Southern Asia,Country,68.80479684,29.36491634,PAK,1,1,A,Normal value,"[2005, 2006, 2007, 2008, 2009, 2010, 2011, 2012, 2013, 2014, 2015, 2016, 2017, 2018]",2005,2018,14,PT,Percentage,G,Global,,,,,,1.42281899620154,1.17196777759655,0.212961986168237,1.39119377111601,0.0623427715316567,1.58961992811839,-0.119915537623268,-0.099651311865734,-0.0940357448009858,-0.970817294538612,-0.731606502720555,-0.62303586303553,-0.252306169301116,-0.0249901470620158,,-0.0249901470620158,,,,IMF,,_X: Data nature not available
10,Goal 10,Reduce inequality within and among countries,10.5,Improve the regulation and monitoring of global financial markets and institutions and strengthen the implementation of such regulations,C100501,10.5.1,I,IMF,Financial Soundness Indicators,2020.Q1.G.01,"['financial aspects', 'risk management']",FI_FSI_FSSNO,Net open position in foreign exchange to capital (%),598,Papua New Guinea,4,54,Melanesia,Country,145.8587761,-6.756057077,PNG,1,1,A,Normal value,"[2008, 2009, 2010, 2011, 2012, 2013, 2014, 2015, 2016, 2017, 2018]",2008,2018,11,PT,Percentage,G,Global,,,,,,,,,2.05209556297354,-26.8614721329358,-9.56161247642635,-1.17424737377318,10.3581170755617,14.2580975546566,-3.09012343383281,5.01059854803201,12.4395927790247,11.728438714996,14.1874134367075,,14.1874134367075,,,,IMF,,_X: Data nature not available
10,Goal 10,Reduce inequality within and among countries,10.5,Improve the regulation and monitoring of global financial markets and institutions and strengthen the implementation of such regulations,C100501,10.5.1,I,IMF,Financial Soundness Indicators,2020.Q1.G.01,"['financial aspects', 'risk management']",FI_FSI_FSSNO,Net open position in foreign exchange to capital (%),600,Paraguay,5,5,South America,Country,-60.54854225,-21.70216237,PRY,1,1,A,Normal value,"[2005, 2006, 2007, 2008, 2009, 2010, 2011, 2012, 2013, 2014, 2015, 2016, 2017, 2018]",2005,2018,14,PT,Percentage,G,Global,,,,,,22.2571299921467,9.74788147856142,14.7102928639031,6.03752261750294,-0.143366630593215,2.45819850245045,10.8149732041773,8.32209164100662,10.1583065245745,8.42221863348337,9.08032270650601,8.55614131937822,9.59668132812759,17.2955262604672,,17.2955262604672,,,,IMF,,_X: Data nature not available
10,Goal 10,Reduce inequality within and among countries,10.5,Improve the regulation and monitoring of global financial markets and institutions and strengthen the implementation of such regulations,C100501,10.5.1,I,IMF,Financial Soundness Indicators,2020.Q1.G.01,"['financial aspects', 'risk management']",FI_FSI_FSSNO,Net open position in foreign exchange to capital (%),604,Peru,5,5,South America,Country,-71.82093277,-13.58939705,PER,1,1,A,Normal value,"[2010, 2011, 2012, 2013, 2014, 2015, 2016, 2017, 2018]",2010,2018,9,PT,Percentage,G,Global,,,,,,,,,,,0.191790833992721,4.31989467697104,0.191843297961414,6.85763870315926,1.90351291748275,7.91038327594026,2.33045291398289,2.5037664974473,1.80533079672883,,1.80533079672883,,,,IMF,,_X: Data nature not available
10,Goal 10,Reduce inequality within and among countries,10.5,Improve the regulation and monitoring of global financial markets and institutions and strengthen the implementation of such regulations,C100501,10.5.1,I,IMF,Financial Soundness Indicators,2020.Q1.G.01,"['financial aspects', 'risk management']",FI_FSI_FSSNO,Net open position in foreign exchange to capital (%),608,Philippines,4,35,South-Eastern Asia,Country,120.8601418,14.16591706,PHL,1,1,A,Normal value,"[2009, 2010, 2011, 2012, 2013, 2014, 2015, 2016, 2017, 2018]",2009,2018,10,PT,Percentage,G,Global,,,,,,,,,,4.51210038856824,5.72160874902153,3.58468176737978,8.66658887438113,3.3045963784383,5.09599151205775,2.43011594805468,2.00336047264246,7.93341858693534,4.71704103563097,,4.71704103563097,,,,IMF,,_X: Data nature not available
10,Goal 10,Reduce inequality within and among countries,10.5,Improve the regulation and monitoring of global financial markets and institutions and strengthen the implementation of such regulations,C100501,10.5.1,I,IMF,Financial Soundness Indicators,2020.Q1.G.01,"['financial aspects', 'risk management']",FI_FSI_FSSNO,Net open position in foreign exchange to capital (%),616,Poland,4,151,Eastern Europe,Country,19.40660158,52.1226733,POL,1,1,A,Normal value,"[2008, 2009, 2010, 2011, 2012, 2013, 2014, 2015, 2016, 2017, 2018]",2008,2018,11,PT,Percentage,G,Global,,,,,,,,,-0.0270711298478889,2.65462314894589,0.307810910922731,-0.324420734379459,0.159054442324631,-0.148732557813136,0.269550887793297,0.767725894199553,0.776210570162638,0.362634410464028,0.13531509686435,,0.13531509686435,,,,IMF,,_X: Data nature not available
10,Goal 10,Reduce inequality within and among countries,10.5,Improve the regulation and monitoring of global financial markets and institutions and strengthen the implementation of such regulations,C100501,10.5.1,I,IMF,Financial Soundness Indicators,2020.Q1.G.01,"['financial aspects', 'risk management']",FI_FSI_FSSNO,Net open position in foreign exchange to capital (%),64,Bhutan,4,34,Southern Asia,Country,90.45098484,27.39598568,BTN,1,1,A,Normal value,"[2011, 2012, 2013, 2014, 2015, 2016, 2017, 2018]",2011,2018,8,PT,Percentage,G,Global,,,,,,,,,,,,4.7368662413125,7.25585526185252,1.78235644773622,1.2868135314,0.7207774719,0.610589439509675,0.670231992257337,0.794919465508552,,0.794919465508552,,,,IMF,,_X: Data nature not available
10,Goal 10,Reduce inequality within and among countries,10.5,Improve the regulation and monitoring of global financial markets and institutions and strengthen the implementation of such regulations,C100501,10.5.1,I,IMF,Financial Soundness Indicators,2020.Q1.G.01,"['financial aspects', 'risk management']",FI_FSI_FSSNO,Net open position in foreign exchange to capital (%),642,Romania,4,151,Eastern Europe,Country,24.98481009,45.83893563,ROU,1,1,A,Normal value,"[2007, 2008, 2009, 2010, 2011, 2012, 2013, 2014, 2015, 2016, 2017, 2018]",2007,2018,12,PT,Percentage,G,Global,,,,,,,,1.29973478394815,1.56994264644967,2.3276064843812,-1.42778224000036,-4.71822890639034,-1.76078797527997,2.45293479476636,2.01191431228931,0.710933593160253,0.490104258452527,0.764521134980695,0.664867480551006,,0.664867480551006,,,,IMF,,_X: Data nature not available
10,Goal 10,Reduce inequality within and among countries,10.5,Improve the regulation and monitoring of global financial markets and institutions and strengthen the implementation of such regulations,C100501,10.5.1,I,IMF,Financial Soundness Indicators,2020.Q1.G.01,"['financial aspects', 'risk management']",FI_FSI_FSSNO,Net open position in foreign exchange to capital (%),643,Russian Federation,4,151,Eastern Europe,Country,99.01404926,61.61899849,RUS,1,1,A,Normal value,"[2008, 2009, 2010, 2011, 2012, 2013, 2014, 2015, 2016, 2017, 2018]",2008,2018,11,PT,Percentage,G,Global,,,,,,,,,0.756257807355305,0.943763666842884,0.602717768374696,0.576033568981402,2.46005354651748,1.73583940722713,0.539505114580715,0.971273359841079,0.997609170768777,2.21362508325211,2.96128721803449,,2.96128721803449,,,,IMF,,_X: Data nature not available
10,Goal 10,Reduce inequality within and among countries,10.5,Improve the regulation and monitoring of global financial markets and institutions and strengthen the implementation of such regulations,C100501,10.5.1,I,IMF,Financial Soundness Indicators,2020.Q1.G.01,"['financial aspects', 'risk management']",FI_FSI_FSSNO,Net open position in foreign exchange to capital (%),646,Rwanda,5,14,Eastern Africa,Country,29.92310194,-1.999842114,RWA,1,1,A,Normal value,"[2008, 2009, 2010, 2011, 2012, 2013, 2014, 2015, 2016, 2017, 2018]",2008,2018,11,PT,Percentage,G,Global,,,,,,,,,1.76270319342101,0.783369070571872,4.48034692222457,6.04574263685212,-0.227527030846109,-1.99577555538896,-1.56429452513853,-5.02224143378412,-3.00903269253247,-7.33866266520614,-5.05495039478701,,-5.05495039478701,,,,IMF,,_X: Data nature not available
10,Goal 10,Reduce inequality within and among countries,10.5,Improve the regulation and monitoring of global financial markets and institutions and strengthen the implementation of such regulations,C100501,10.5.1,I,IMF,Financial Soundness Indicators,2020.Q1.G.01,"['financial aspects', 'risk management']",FI_FSI_FSSNO,Net open position in foreign exchange to capital (%),659,Saint Kitts and Nevis,5,29,Caribbean,Country,-62.76628613,17.33994219,KNA,1,1,A,Normal value,"[2015, 2016, 2017, 2018]",2015,2018,4,PT,Percentage,G,Global,,,,,,,,,,,,,,,,183.367335155318,145.75300526766,122.799191569222,150.155378544548,,150.155378544548,,,,IMF,,_X: Data nature not available
10,Goal 10,Reduce inequality within and among countries,10.5,Improve the regulation and monitoring of global financial markets and institutions and strengthen the implementation of such regulations,C100501,10.5.1,I,IMF,Financial Soundness Indicators,2020.Q1.G.01,"['financial aspects', 'risk management']",FI_FSI_FSSNO,Net open position in foreign exchange to capital (%),660,Anguilla,5,29,Caribbean,Country,-63.05651612,18.21525315,AIA,0,1,A,Normal value,"[2016, 2017, 2018]",2016,2018,3,PT,Percentage,G,Global,,,,,,,,,,,,,,,,,-216.942521817635,-360.908558030481,-1.11695744484446,,-1.11695744484446,,,,IMF,,_X: Data nature not available
10,Goal 10,Reduce inequality within and among countries,10.5,Improve the regulation and monitoring of global financial markets and institutions and strengthen the implementation of such regulations,C100501,10.5.1,I,IMF,Financial Soundness Indicators,2020.Q1.G.01,"['financial aspects', 'risk management']",FI_FSI_FSSNO,Net open position in foreign exchange to capital (%),662,Saint Lucia,5,29,Caribbean,Country,-60.96529553,13.89405601,LCA,1,1,A,Normal value,"[2015, 2016, 2017, 2018]",2015,2018,4,PT,Percentage,G,Global,,,,,,,,,,,,,,,,143.911529596391,189.386937692442,151.700368998866,210.903833679011,,210.903833679011,,,,IMF,,_X: Data nature not available
10,Goal 10,Reduce inequality within and among countries,10.5,Improve the regulation and monitoring of global financial markets and institutions and strengthen the implementation of such regulations,C100501,10.5.1,I,IMF,Financial Soundness Indicators,2020.Q1.G.01,"['financial aspects', 'risk management']",FI_FSI_FSSNO,Net open position in foreign exchange to capital (%),670,Saint Vincent and the Grenadines,5,29,Caribbean,Country,-61.19024321,13.24627968,VCT,1,1,A,Normal value,"[2015, 2016, 2017, 2018]",2015,2018,4,PT,Percentage,G,Global,,,,,,,,,,,,,,,,26.2374122673177,52.7879484648164,33.0111962286388,24.0444921248703,,24.0444921248703,,,,IMF,,_X: Data nature not available
10,Goal 10,Reduce inequality within and among countries,10.5,Improve the regulation and monitoring of global financial markets and institutions and strengthen the implementation of such regulations,C100501,10.5.1,I,IMF,Financial Soundness Indicators,2020.Q1.G.01,"['financial aspects', 'risk management']",FI_FSI_FSSNO,Net open position in foreign exchange to capital (%),68,Bolivia (Plurinational State of),5,5,South America,Country,-64.66224284,-16.71273412,BOL,1,1,A,Normal value,"[2010, 2011, 2012, 2013, 2014, 2015, 2016, 2017, 2018]",2010,2018,9,PT,Percentage,G,Global,,,,,,,,,,,2.95099386153125,-5.89114115562399,-7.78897526332402,-4.92455990946965,-8.61142756409321,-4.26670248955682,-9.58004471760186,-3.01089582884886,-8.53262153781518,,-8.53262153781518,,,,IMF,,_X: Data nature not available
10,Goal 10,Reduce inequality within and among countries,10.5,Improve the regulation and monitoring of global financial markets and institutions and strengthen the implementation of such regulations,C100501,10.5.1,I,IMF,Financial Soundness Indicators,2020.Q1.G.01,"['financial aspects', 'risk management']",FI_FSI_FSSNO,Net open position in foreign exchange to capital (%),682,Saudi Arabia,4,145,Western Asia,Country,44.54763347,24.12594211,SAU,1,1,A,Normal value,"[2009, 2010, 2011, 2012, 2013, 2014, 2015, 2016, 2017, 2018]",2009,2018,10,PT,Percentage,G,Global,,,,,,,,,,10.4678440894569,12.115051152007,7.98542714918505,1.88732614064734,6.42411502645057,3.66566256245166,3.97196933454196,2.59475664172756,3.98114659567846,6.39203106773291,,6.39203106773291,,,,IMF,,_X: Data nature not available
10,Goal 10,Reduce inequality within and among countries,10.5,Improve the regulation and monitoring of global financial markets and institutions and strengthen the implementation of such regulations,C100501,10.5.1,I,IMF,Financial Soundness Indicators,2020.Q1.G.01,"['financial aspects', 'risk management']",FI_FSI_FSSNO,Net open position in foreign exchange to capital (%),690,Seychelles,5,14,Eastern Africa,Country,55.46561591,-4.678053059,SYC,1,1,A,Normal value,"[2006, 2007, 2008, 2009, 2010, 2011, 2012, 2013, 2014, 2015, 2016, 2017]",2006,2017,12,PT,Percentage,G,Global,,,,,,,1.66083336571939,38.0625787726637,36.2332575782222,36.6537530043522,4.89614125828093,1.85543700216147,1.37923326512128,10.6329379296626,8.49705744911733,1.36720248384095,0.486325523179843,1.61084974272512,,,1.61084974272512,,,,IMF,,_X: Data nature not available
10,Goal 10,Reduce inequality within and among countries,10.5,Improve the regulation and monitoring of global financial markets and institutions and strengthen the implementation of such regulations,C100501,10.5.1,I,IMF,Financial Soundness Indicators,2020.Q1.G.01,"['financial aspects', 'risk management']",FI_FSI_FSSNO,Net open position in foreign exchange to capital (%),70,Bosnia and Herzegovina,4,39,Southern Europe,Country,17.78584332,44.16845548,BIH,1,1,A,Normal value,"[2000, 2001, 2002, 2003, 2004, 2005, 2006, 2007, 2008, 2009, 2010, 2011, 2012, 2013, 2014, 2015, 2016, 2017, 2018]",2000,2018,19,PT,Percentage,G,Global,0.0,0.0,0.0,42.1821411110154,11.5558834942087,8.28096322435092,8.86905149119733,5.89756294023394,6.22305903291636,1.69836819888695,4.36946617542722,15.9850107971939,5.34710950449262,6.69157732243825,10.232227266882,8.97082138082051,1.69666615634728,-0.227571565492382,2.24102504028798,,2.24102504028798,,,,IMF,,_X: Data nature not available
10,Goal 10,Reduce inequality within and among countries,10.5,Improve the regulation and monitoring of global financial markets and institutions and strengthen the implementation of such regulations,C100501,10.5.1,I,IMF,Financial Soundness Indicators,2020.Q1.G.01,"['financial aspects', 'risk management']",FI_FSI_FSSNO,Net open position in foreign exchange to capital (%),703,Slovakia,4,151,Eastern Europe,Country,19.48495604,48.70741446,SVK,1,1,A,Normal value,"[2008, 2009, 2010, 2011, 2012, 2013, 2014, 2015, 2016, 2017, 2018]",2008,2018,11,PT,Percentage,G,Global,,,,,,,,,-19.4752096231035,-0.0505969215643331,-1.19301528248004,-1.69936016122216,0.0705166396951482,2.18185591138817,3.67600325828002,2.50861501224748,0.858590422843629,0.986982886308518,0.772439120714884,,0.772439120714884,,,,IMF,,_X: Data nature not available
10,Goal 10,Reduce inequality within and among countries,10.5,Improve the regulation and monitoring of global financial markets and institutions and strengthen the implementation of such regulations,C100501,10.5.1,I,IMF,Financial Soundness Indicators,2020.Q1.G.01,"['financial aspects', 'risk management']",FI_FSI_FSSNO,Net open position in foreign exchange to capital (%),705,Slovenia,4,39,Southern Europe,Country,14.82209486,46.11958061,SVN,1,1,A,Normal value,"[2008, 2009, 2010, 2011, 2012, 2013, 2014, 2015, 2016, 2017, 2018]",2008,2018,11,PT,Percentage,G,Global,,,,,,,,,-2.15962706141641,-0.914931562460812,-1.22919058363416,-1.81080179603677,-2.65328253147987,-4.1380295710021,-0.848564017115268,0.890173332911995,0.609478145686619,10.8251922686879,12.029056988602,,12.029056988602,,,,IMF,,_X: Data nature not available
10,Goal 10,Reduce inequality within and among countries,10.5,Improve the regulation and monitoring of global financial markets and institutions and strengthen the implementation of such regulations,C100501,10.5.1,I,IMF,Financial Soundness Indicators,2020.Q1.G.01,"['financial aspects', 'risk management']",FI_FSI_FSSNO,Net open position in foreign exchange to capital (%),710,South Africa,5,18,Southern Africa,Country,24.67184355,-29.99957544,ZAF,1,1,A,Normal value,"[2008, 2009, 2010, 2011, 2012, 2013, 2014, 2015, 2016, 2017, 2018]",2008,2018,11,PT,Percentage,G,Global,,,,,,,,,0.51437357836913,0.768050166137941,-1.03424765984708,4.31677303109077,2.53093921129607,0.258978178182461,0.272184454323947,-0.250933712609476,0.952382559156903,0.122844659976172,0.738650466930022,,0.738650466930022,,,,IMF,,_X: Data nature not available
10,Goal 10,Reduce inequality within and among countries,10.5,Improve the regulation and monitoring of global financial markets and institutions and strengthen the implementation of such regulations,C100501,10.5.1,I,IMF,Financial Soundness Indicators,2020.Q1.G.01,"['financial aspects', 'risk management']",FI_FSI_FSSNO,Net open position in foreign exchange to capital (%),72,Botswana,5,18,Southern Africa,Country,23.81380223,-22.18810073,BWA,1,1,A,Normal value,"[2012, 2013, 2014, 2015, 2016, 2017, 2018]",2012,2018,7,PT,Percentage,G,Global,,,,,,,,,,,,,10.8595421897201,10.4914493272522,-55.6611838217636,-59.4026122997473,0.0,-65.9806176434841,-63.5111003224527,,-63.5111003224527,,,,IMF,,_X: Data nature not available
10,Goal 10,Reduce inequality within and among countries,10.5,Improve the regulation and monitoring of global financial markets and institutions and strengthen the implementation of such regulations,C100501,10.5.1,I,IMF,Financial Soundness Indicators,2020.Q1.G.01,"['financial aspects', 'risk management']",FI_FSI_FSSNO,Net open position in foreign exchange to capital (%),724,Spain,4,39,Southern Europe,Country,-3.554078296,40.39211472,ESP,1,1,A,Normal value,"[2005, 2006, 2007]",2005,2007,3,PT,Percentage,G,Global,,,,,,7.91138470365131,7.75867884147202,10.1116124103894,,,,,,,,,,,,,10.1116124103894,,,,IMF,,_X: Data nature not available
10,Goal 10,Reduce inequality within and among countries,10.5,Improve the regulation and monitoring of global financial markets and institutions and strengthen the implementation of such regulations,C100501,10.5.1,I,IMF,Financial Soundness Indicators,2020.Q1.G.01,"['financial aspects', 'risk management']",FI_FSI_FSSNO,Net open position in foreign exchange to capital (%),748,Eswatini,5,18,Southern Africa,Country,31.50149288,-26.56471011,SWZ,1,1,A,Normal value,"[2009, 2010, 2011, 2012, 2013, 2018]",2009,2018,6,PT,Percentage,G,Global,,,,,,,,,,77.4001808607114,38.1374765478038,46.0937517797982,32.0700871226447,36.4802830511062,,,,,2.13323007872454,,2.13323007872454,,,,IMF,,_X: Data nature not available
10,Goal 10,Reduce inequality within and among countries,10.5,Improve the regulation and monitoring of global financial markets and institutions and strengthen the implementation of such regulations,C100501,10.5.1,I,IMF,Financial Soundness Indicators,2020.Q1.G.01,"['financial aspects', 'risk management']",FI_FSI_FSSNO,Net open position in foreign exchange to capital (%),752,Sweden,4,154,Northern Europe,Country,14.3775338,60.60103109,SWE,1,1,A,Normal value,"[2006, 2007, 2008, 2009, 2010, 2011, 2012, 2013, 2014, 2015, 2016, 2017, 2018]",2006,2018,13,PT,Percentage,G,Global,,,,,,,2.02753566279517,1.68827498955735,5.40259573200147,6.69947652349883,8.53269577208813,5.43064325085134,5.44112320933986,4.65006350945531,4.03588570977829,3.95710231235686,1.84547364926095,1.39306971419356,1.59488270430949,,1.59488270430949,,,,IMF,,_X: Data nature not available
10,Goal 10,Reduce inequality within and among countries,10.5,Improve the regulation and monitoring of global financial markets and institutions and strengthen the implementation of such regulations,C100501,10.5.1,I,IMF,Financial Soundness Indicators,2020.Q1.G.01,"['financial aspects', 'risk management']",FI_FSI_FSSNO,Net open position in foreign exchange to capital (%),756,Switzerland,4,155,Western Europe,Country,8.223158,46.96617097,CHE,1,1,A,Normal value,"[2005, 2006, 2007, 2008, 2009, 2010, 2011, 2012, 2013, 2014, 2015, 2016, 2017, 2018]",2005,2018,14,PT,Percentage,G,Global,,,,,,33.253542530464,23.5399603911787,12.9333406103825,-12.9909773377961,-20.5960754608295,-36.6547583936106,-56.88208626047,-44.5155519150155,-38.8026868866035,-45.5643555074278,-72.8161062220178,-95.4256053259891,-65.3306731792535,-51.4674200395073,,-51.4674200395073,,,,IMF,,_X: Data nature not available
10,Goal 10,Reduce inequality within and among countries,10.5,Improve the regulation and monitoring of global financial markets and institutions and strengthen the implementation of such regulations,C100501,10.5.1,I,IMF,Financial Soundness Indicators,2020.Q1.G.01,"['financial aspects', 'risk management']",FI_FSI_FSSNO,Net open position in foreign exchange to capital (%),76,Brazil,5,5,South America,Country,-53.08432878,-10.77668561,BRA,1,1,A,Normal value,"[2008, 2009, 2010, 2011, 2012, 2013, 2014, 2015, 2016, 2017, 2018]",2008,2018,11,PT,Percentage,G,Global,,,,,,,,,-0.217279112501849,0.153248737238624,1.11906696243717,0.161289944513163,-0.62422778521232,0.431133229691506,0.295140831459111,0.503239242361257,0.888142971822388,0.662914706654657,0.710729673283474,,0.710729673283474,,,,IMF,,_X: Data nature not available
10,Goal 10,Reduce inequality within and among countries,10.5,Improve the regulation and monitoring of global financial markets and institutions and strengthen the implementation of such regulations,C100501,10.5.1,I,IMF,Financial Soundness Indicators,2020.Q1.G.01,"['financial aspects', 'risk management']",FI_FSI_FSSNO,Net open position in foreign exchange to capital (%),762,Tajikistan,4,143,Central Asia,Country,69.294998,38.43069666,TJK,1,1,A,Normal value,"[2008, 2009, 2010, 2011, 2012, 2013, 2014]",2008,2014,7,PT,Percentage,G,Global,,,,,,,,,6.08759669312345,16.4611005946305,-0.310678908381636,-5.60839766872576,-0.702414655335606,-2.47142871625932,1.2132305788604,,,,,,1.2132305788604,,,,IMF,,_X: Data nature not available
10,Goal 10,Reduce inequality within and among countries,10.5,Improve the regulation and monitoring of global financial markets and institutions and strengthen the implementation of such regulations,C100501,10.5.1,I,IMF,Financial Soundness Indicators,2020.Q1.G.01,"['financial aspects', 'risk management']",FI_FSI_FSSNO,Net open position in foreign exchange to capital (%),776,Tonga,4,61,Polynesia,Country,-175.1959991,-21.19511329,TON,1,1,A,Normal value,"[2009, 2010, 2011, 2012, 2013, 2014, 2015, 2016, 2017, 2018]",2009,2018,10,PT,Percentage,G,Global,,,,,,,,,,5.15084506779798,7.11252303363737,8.85060818530051,3.40805842885099,2.53804622636893,2.06379917646475,3.43775152120022,3.66354684230122,5.72760677522462,5.54819679430098,,5.54819679430098,,,,IMF,,_X: Data nature not available
10,Goal 10,Reduce inequality within and among countries,10.5,Improve the regulation and monitoring of global financial markets and institutions and strengthen the implementation of such regulations,C100501,10.5.1,I,IMF,Financial Soundness Indicators,2020.Q1.G.01,"['financial aspects', 'risk management']",FI_FSI_FSSNO,Net open position in foreign exchange to capital (%),780,Trinidad and Tobago,5,29,Caribbean,Country,-61.29389504,10.41877263,TTO,1,1,A,Normal value,"[2006, 2007, 2008, 2009, 2010, 2011, 2012, 2013, 2014, 2015, 2016, 2017, 2018]",2006,2018,13,PT,Percentage,G,Global,,,,,,,0.0,20.653794442785,-1.02056693745822,5.94056088914388,6.20460759543768,11.7665231208336,12.5814171327452,12.8453222265641,3.63688286479535,5.65034663601422,12.1814945868826,15.3802351117126,13.31,,13.31,,,,IMF,,_X: Data nature not available
10,Goal 10,Reduce inequality within and among countries,10.5,Improve the regulation and monitoring of global financial markets and institutions and strengthen the implementation of such regulations,C100501,10.5.1,I,IMF,Financial Soundness Indicators,2020.Q1.G.01,"['financial aspects', 'risk management']",FI_FSI_FSSNO,Net open position in foreign exchange to capital (%),784,United Arab Emirates,4,145,Western Asia,Country,53.98279159,23.43322219,ARE,1,1,A,Normal value,"[2013, 2014, 2015, 2016, 2017, 2018]",2013,2018,6,PT,Percentage,G,Global,,,,,,,,,,,,,,11.7368908353418,9.40216083224133,20.7098788237033,9.40432839764282,14.469749713373,8.74764871781349,,8.74764871781349,,,,IMF,,_X: Data nature not available
10,Goal 10,Reduce inequality within and among countries,10.5,Improve the regulation and monitoring of global financial markets and institutions and strengthen the implementation of such regulations,C100501,10.5.1,I,IMF,Financial Soundness Indicators,2020.Q1.G.01,"['financial aspects', 'risk management']",FI_FSI_FSSNO,Net open position in foreign exchange to capital (%),792,Turkey,4,145,Western Asia,Country,35.42890329,38.9899684,TUR,1,1,A,Normal value,"[2005, 2006, 2007, 2008, 2009, 2010, 2011, 2012, 2013, 2014, 2015, 2016, 2017, 2018]",2005,2018,14,PT,Percentage,G,Global,,,,,,-4.63273099800491,-4.43778237468638,-2.38420843406007,-1.69099325592209,0.346317484021372,-0.120145549207003,-1.11136028631073,0.00245690013997181,-3.45270504474906,-2.13106314188437,-0.400276472111421,0.2067740222326,0.713251354744684,1.52177449145261,,1.52177449145261,,,,IMF,,_X: Data nature not available
10,Goal 10,Reduce inequality within and among countries,10.5,Improve the regulation and monitoring of global financial markets and institutions and strengthen the implementation of such regulations,C100501,10.5.1,I,IMF,Financial Soundness Indicators,2020.Q1.G.01,"['financial aspects', 'risk management']",FI_FSI_FSSNO,Net open position in foreign exchange to capital (%),8,Albania,4,39,Southern Europe,Country,20.06660928,41.13897007,ALB,1,1,A,Normal value,"[2010, 2011, 2012, 2013, 2014, 2015, 2016, 2017, 2018]",2010,2018,9,PT,Percentage,G,Global,,,,,,,,,,,5.02921064531658,3.93790358253001,3.97571475310227,4.07615418605366,8.48397935758824,7.50081831959146,7.03158110589388,6.6796583285904,7.78021978637956,,7.78021978637956,,,,IMF,,_X: Data nature not available
10,Goal 10,Reduce inequality within and among countries,10.5,Improve the regulation and monitoring of global financial markets and institutions and strengthen the implementation of such regulations,C100501,10.5.1,I,IMF,Financial Soundness Indicators,2020.Q1.G.01,"['financial aspects', 'risk management']",FI_FSI_FSSNO,Net open position in foreign exchange to capital (%),800,Uganda,5,14,Eastern Africa,Country,32.39100438,1.279557331,UGA,1,1,A,Normal value,"[2005, 2006, 2007, 2008, 2009, 2010, 2011, 2012, 2013, 2014, 2015, 2016, 2017, 2018]",2005,2018,14,PT,Percentage,G,Global,,,,,,-2.43972680933747,-6.75108070903996,-7.70530090511409,-1.28273323040602,-0.61988745314142,-1.35515163732671,-3.18986781615471,-0.493056507964568,-2.73167935521151,-6.07879526752278,-5.25293662583642,-7.43631522489914,-4.89447579582041,-6.89904340931427,,-6.89904340931427,,,,IMF,,_X: Data nature not available
10,Goal 10,Reduce inequality within and among countries,10.5,Improve the regulation and monitoring of global financial markets and institutions and strengthen the implementation of such regulations,C100501,10.5.1,I,IMF,Financial Soundness Indicators,2020.Q1.G.01,"['financial aspects', 'risk management']",FI_FSI_FSSNO,Net open position in foreign exchange to capital (%),804,Ukraine,4,151,Eastern Europe,Country,31.40270802,49.00735945,UKR,1,1,A,Normal value,"[2005, 2006, 2007, 2008, 2009, 2010, 2011, 2012, 2013, 2014, 2015, 2016, 2017, 2018]",2005,2018,14,PT,Percentage,G,Global,,,,,,1.40702817676123,10.5534310789467,13.3754746599347,10.8772223512338,26.432170448004,39.7801578120753,43.9250835251814,37.1421585569853,19.8292265746235,35.4698448582857,36.1452445344053,57.0667033263691,43.3130315762203,46.9948511577019,,46.9948511577019,,,,IMF,,_X: Data nature not available
10,Goal 10,Reduce inequality within and among countries,10.5,Improve the regulation and monitoring of global financial markets and institutions and strengthen the implementation of such regulations,C100501,10.5.1,I,IMF,Financial Soundness Indicators,2020.Q1.G.01,"['financial aspects', 'risk management']",FI_FSI_FSSNO,Net open position in foreign exchange to capital (%),826,United Kingdom of Great Britain and Northern Ireland,4,154,Northern Europe,Country,-2.23830539,53.27691757,GBR,1,1,A,Normal value,"[2008, 2009, 2010, 2011, 2012, 2013, 2014, 2015, 2016, 2017, 2018]",2008,2018,11,PT,Percentage,G,Global,,,,,,,,,29.1707688204952,1.0454565927824,5.6209365621236,3.33478187611339,-6.0929177537681,-10.5004491554457,8.29868768301941,3.06479372915334,-3.37516436015772,-3.72918576530756,-3.44740261259239,,-3.44740261259239,,,,IMF,,_X: Data nature not available
10,Goal 10,Reduce inequality within and among countries,10.5,Improve the regulation and monitoring of global financial markets and institutions and strengthen the implementation of such regulations,C100501,10.5.1,I,IMF,Financial Soundness Indicators,2020.Q1.G.01,"['financial aspects', 'risk management']",FI_FSI_FSSNO,Net open position in foreign exchange to capital (%),834,United Republic of Tanzania,5,14,Eastern Africa,Country,34.80521182,-6.265332606,TZA,1,1,A,Normal value,"[2010, 2011, 2012, 2013, 2014, 2015, 2016, 2017, 2018]",2010,2018,9,PT,Percentage,G,Global,,,,,,,,,,,-2.38249588944043,-0.327684737286978,-0.260818262737737,-0.042345584456749,-0.95155451483978,0.0209670189681863,-1.35506768743055,1.20259795967464,5.76401184306339,,5.76401184306339,,,,IMF,,_X: Data nature not available
10,Goal 10,Reduce inequality within and among countries,10.5,Improve the regulation and monitoring of global financial markets and institutions and strengthen the implementation of such regulations,C100501,10.5.1,I,IMF,Financial Soundness Indicators,2020.Q1.G.01,"['financial aspects', 'risk management']",FI_FSI_FSSNO,Net open position in foreign exchange to capital (%),858,Uruguay,5,5,South America,Country,-56.01387025,-32.8002838,URY,1,1,A,Normal value,"[2008, 2009, 2010, 2011, 2012, 2013, 2014, 2015, 2016, 2017]",2008,2017,10,PT,Percentage,G,Global,,,,,,,,,19.8390585574967,33.0284604494161,26.8712412420937,23.1880527120139,27.5027391640033,33.468737885971,39.6478809135613,50.7693942615222,36.3786128457164,34.7028942545744,,,34.7028942545744,,,,IMF,,_X: Data nature not available
10,Goal 10,Reduce inequality within and among countries,10.5,Improve the regulation and monitoring of global financial markets and institutions and strengthen the implementation of such regulations,C100501,10.5.1,I,IMF,Financial Soundness Indicators,2020.Q1.G.01,"['financial aspects', 'risk management']",FI_FSI_FSSNO,Net open position in foreign exchange to capital (%),860,Uzbekistan,4,143,Central Asia,Country,63.11944558,41.77560518,UZB,1,1,A,Normal value,"[2012, 2013, 2014, 2015, 2016, 2017, 2018]",2012,2018,7,PT,Percentage,G,Global,,,,,,,,,,,,,0.0,16.4631060166654,16.1327704148307,11.2514226456077,11.9116654316731,13.5363866816728,2.0714229010685,,2.0714229010685,,,,IMF,,_X: Data nature not available
10,Goal 10,Reduce inequality within and among countries,10.5,Improve the regulation and monitoring of global financial markets and institutions and strengthen the implementation of such regulations,C100501,10.5.1,I,IMF,Financial Soundness Indicators,2020.Q1.G.01,"['financial aspects', 'risk management']",FI_FSI_FSSNO,Net open position in foreign exchange to capital (%),882,Samoa,4,61,Polynesia,Country,-172.4430749,-13.61541469,WSM,1,1,A,Normal value,"[2002, 2003, 2004, 2005, 2006, 2007, 2008, 2009, 2010, 2011, 2012, 2013, 2014, 2015, 2016, 2017, 2018]",2002,2018,17,PT,Percentage,G,Global,,,4.4,6.4,6.8,5.5,4.3,5.0,10.8,4.0,4.5,4.3,11.9,10.8,11.6,9.5,16.487265,28.58,19.7182537786484,,19.7182537786484,,,,IMF,,_X: Data nature not available
10,Goal 10,Reduce inequality within and among countries,10.5,Improve the regulation and monitoring of global financial markets and institutions and strengthen the implementation of such regulations,C100501,10.5.1,I,IMF,Financial Soundness Indicators,2020.Q1.G.01,"['financial aspects', 'risk management']",FI_FSI_FSSNO,Net open position in foreign exchange to capital (%),894,Zambia,5,14,Eastern Africa,Country,27.850329,-14.59701056,ZMB,1,1,A,Normal value,"[2010, 2011, 2012, 2013, 2014, 2015, 2016, 2017, 2018]",2010,2018,9,PT,Percentage,G,Global,,,,,,,,,,,4.14,5.51,2.77,3.6,3.08,4.53,1.85,3.15,3.29,,3.29,,,,IMF,,_X: Data nature not available
10,Goal 10,Reduce inequality within and among countries,10.5,Improve the regulation and monitoring of global financial markets and institutions and strengthen the implementation of such regulations,C100501,10.5.1,I,IMF,Financial Soundness Indicators,2020.Q1.G.01,"['financial aspects', 'risk management']",FI_FSI_FSSNO,Net open position in foreign exchange to capital (%),90,Solomon Islands,4,54,Melanesia,Country,160.1584117,-9.622391719,SLB,1,1,A,Normal value,"[2010, 2011, 2012, 2013, 2014, 2015, 2016]",2010,2016,7,PT,Percentage,G,Global,,,,,,,,,,,6.65147007204105,4.96329229922264,3.7266676566627,8.71928057862243,11.0870446018249,7.89196616581605,3.64691633444347,,,,3.64691633444347,,,,IMF,,_X: Data nature not available
10,Goal 10,Reduce inequality within and among countries,10.5,Improve the regulation and monitoring of global financial markets and institutions and strengthen the implementation of such regulations,C100501,10.5.1,I,IMF,Financial Soundness Indicators,2020.Q1.G.01,"['financial aspects', 'risk management']",FI_FSI_FSSNO,Net open position in foreign exchange to capital (%),96,Brunei Darussalam,4,35,South-Eastern Asia,Country,114.6288563,4.49736984,BRN,1,1,A,Normal value,"[2009, 2010, 2011, 2012, 2013, 2014, 2015, 2016, 2017, 2018]",2009,2018,10,PT,Percentage,G,Global,,,,,,,,,,0.0,12.2603091070151,83.0047525154862,13.8036959335121,13.6687022697601,12.2982165172547,12.4395006465692,15.7004053858767,24.7083035981145,20.984668394006,,20.984668394006,,,,IMF,,_X: Data nature not available
