goal_code	goal_labelEN	goal_descEN	target_code	target_descEN	indicator_code	indicator_reference	indicator_tier	indicator_custodians	indicator_descEN	series_release	series_tags	series	seriesDescription	geoAreaCode	geoAreaName	level	parentCode	parentName	type	X	Y	ISO3	UN_Member	Country_Profile	years	min_year	max_year	n_years	unitsCode	unitsDesc	reportingTypeCode	reportingTypeDesc	value_2018	latest_value	basePeriod	valueDetails	footnotes	sources	timeDetails	nature
5	Goal 5	Achieve gender equality and empower all women and girls	5.c	Adopt and strengthen sound policies and enforceable legislation for the promotion of gender equality and the empowerment of all women and girls at all levels	C050c01	5.c.1	II	UN Women, OECD, UNDP	Proportion of countries with systems to track and make public allocations for gender equality and women’s empowerment	2019.Q4.G.01	['laws and regulations', 'advancement of women', 'gender equality', 'women']	SG_GEN_EQPWN	Proportion of countries with systems to track and make public allocations for gender equality and women's empowerment (%)	1	World	1			Region						[2018]	2018	2018	1	PT	Percentage	G	Global	19.0	19.0			Based on available data for 69 countries and areas	Data are derived from country reporting on 13 binary questions on questionnaire, collected through the Global Partneship for Effective Development Cooperation		G: Global monitoring data
5	Goal 5	Achieve gender equality and empower all women and girls	5.c	Adopt and strengthen sound policies and enforceable legislation for the promotion of gender equality and the empowerment of all women and girls at all levels	C050c01	5.c.1	II	UN Women, OECD, UNDP	Proportion of countries with systems to track and make public allocations for gender equality and women’s empowerment	2019.Q4.G.01	['laws and regulations', 'advancement of women', 'gender equality', 'women']	SG_GEN_EQPWN	Proportion of countries with systems to track and make public allocations for gender equality and women's empowerment (%)	104	Myanmar	4	35	South-Eastern Asia	Country	96.51752295	21.19332882	MMR	1	1	[2018]	2018	2018	1	PT	Percentage	G	Global	1.0	1.0			"The numerical value 1 represents ""Approaches requirement"", 0 for ""Does not meet requirement"" and 2 for ""Fully meets requirement""."	Data are derived from country reporting on 13 binary questions on questionnaire, collected through the Global Partneship for Effective Development Cooperation		G: Global monitoring data
5	Goal 5	Achieve gender equality and empower all women and girls	5.c	Adopt and strengthen sound policies and enforceable legislation for the promotion of gender equality and the empowerment of all women and girls at all levels	C050c01	5.c.1	II	UN Women, OECD, UNDP	Proportion of countries with systems to track and make public allocations for gender equality and women’s empowerment	2019.Q4.G.01	['laws and regulations', 'advancement of women', 'gender equality', 'women']	SG_GEN_EQPWN	Proportion of countries with systems to track and make public allocations for gender equality and women's empowerment (%)	108	Burundi	5	14	Eastern Africa	Country	29.89080992	-3.366387428	BDI	1	1	[2018]	2018	2018	1	PT	Percentage	G	Global	0.0	0.0			"The numerical value 1 represents ""Approaches requirement"", 0 for ""Does not meet requirement"" and 2 for ""Fully meets requirement""."	Data are derived from country reporting on 13 binary questions on questionnaire, collected through the Global Partneship for Effective Development Cooperation		G: Global monitoring data
5	Goal 5	Achieve gender equality and empower all women and girls	5.c	Adopt and strengthen sound policies and enforceable legislation for the promotion of gender equality and the empowerment of all women and girls at all levels	C050c01	5.c.1	II	UN Women, OECD, UNDP	Proportion of countries with systems to track and make public allocations for gender equality and women’s empowerment	2019.Q4.G.01	['laws and regulations', 'advancement of women', 'gender equality', 'women']	SG_GEN_EQPWN	Proportion of countries with systems to track and make public allocations for gender equality and women's empowerment (%)	112	Belarus	4	151	Eastern Europe	Country	28.04940161	53.54193075	BLR	1	1	[2018]	2018	2018	1	PT	Percentage	G	Global	1.0	1.0			"The numerical value 1 represents ""Approaches requirement"", 0 for ""Does not meet requirement"" and 2 for ""Fully meets requirement""."	Data are derived from country reporting on 13 binary questions on questionnaire, collected through the Global Partneship for Effective Development Cooperation		G: Global monitoring data
5	Goal 5	Achieve gender equality and empower all women and girls	5.c	Adopt and strengthen sound policies and enforceable legislation for the promotion of gender equality and the empowerment of all women and girls at all levels	C050c01	5.c.1	II	UN Women, OECD, UNDP	Proportion of countries with systems to track and make public allocations for gender equality and women’s empowerment	2019.Q4.G.01	['laws and regulations', 'advancement of women', 'gender equality', 'women']	SG_GEN_EQPWN	Proportion of countries with systems to track and make public allocations for gender equality and women's empowerment (%)	116	Cambodia	4	35	South-Eastern Asia	Country	104.922836	12.71163737	KHM	1	1	[2018]	2018	2018	1	PT	Percentage	G	Global	1.0	1.0			"The numerical value 1 represents ""Approaches requirement"", 0 for ""Does not meet requirement"" and 2 for ""Fully meets requirement""."	Data are derived from country reporting on 13 binary questions on questionnaire, collected through the Global Partneship for Effective Development Cooperation		G: Global monitoring data
5	Goal 5	Achieve gender equality and empower all women and girls	5.c	Adopt and strengthen sound policies and enforceable legislation for the promotion of gender equality and the empowerment of all women and girls at all levels	C050c01	5.c.1	II	UN Women, OECD, UNDP	Proportion of countries with systems to track and make public allocations for gender equality and women’s empowerment	2019.Q4.G.01	['laws and regulations', 'advancement of women', 'gender equality', 'women']	SG_GEN_EQPWN	Proportion of countries with systems to track and make public allocations for gender equality and women's empowerment (%)	120	Cameroon	5	17	Middle Africa	Country	12.7419827	5.692387031	CMR	1	1	[2018]	2018	2018	1	PT	Percentage	G	Global	1.0	1.0			"The numerical value 1 represents ""Approaches requirement"", 0 for ""Does not meet requirement"" and 2 for ""Fully meets requirement""."	Data are derived from country reporting on 13 binary questions on questionnaire, collected through the Global Partneship for Effective Development Cooperation		G: Global monitoring data
5	Goal 5	Achieve gender equality and empower all women and girls	5.c	Adopt and strengthen sound policies and enforceable legislation for the promotion of gender equality and the empowerment of all women and girls at all levels	C050c01	5.c.1	II	UN Women, OECD, UNDP	Proportion of countries with systems to track and make public allocations for gender equality and women’s empowerment	2019.Q4.G.01	['laws and regulations', 'advancement of women', 'gender equality', 'women']	SG_GEN_EQPWN	Proportion of countries with systems to track and make public allocations for gender equality and women's empowerment (%)	140	Central African Republic	5	17	Middle Africa	Country	20.93559492	7.003720791	CAF	1	1	[2018]	2018	2018	1	PT	Percentage	G	Global	0.0	0.0			"The numerical value 1 represents ""Approaches requirement"", 0 for ""Does not meet requirement"" and 2 for ""Fully meets requirement""."	Data are derived from country reporting on 13 binary questions on questionnaire, collected through the Global Partneship for Effective Development Cooperation		G: Global monitoring data
5	Goal 5	Achieve gender equality and empower all women and girls	5.c	Adopt and strengthen sound policies and enforceable legislation for the promotion of gender equality and the empowerment of all women and girls at all levels	C050c01	5.c.1	II	UN Women, OECD, UNDP	Proportion of countries with systems to track and make public allocations for gender equality and women’s empowerment	2019.Q4.G.01	['laws and regulations', 'advancement of women', 'gender equality', 'women']	SG_GEN_EQPWN	Proportion of countries with systems to track and make public allocations for gender equality and women's empowerment (%)	174	Comoros	5	14	Eastern Africa	Country	43.34234565	-11.66121732	COM	1	1	[2018]	2018	2018	1	PT	Percentage	G	Global	1.0	1.0			"The numerical value 1 represents ""Approaches requirement"", 0 for ""Does not meet requirement"" and 2 for ""Fully meets requirement""."	Data are derived from country reporting on 13 binary questions on questionnaire, collected through the Global Partneship for Effective Development Cooperation		G: Global monitoring data
5	Goal 5	Achieve gender equality and empower all women and girls	5.c	Adopt and strengthen sound policies and enforceable legislation for the promotion of gender equality and the empowerment of all women and girls at all levels	C050c01	5.c.1	II	UN Women, OECD, UNDP	Proportion of countries with systems to track and make public allocations for gender equality and women’s empowerment	2019.Q4.G.01	['laws and regulations', 'advancement of women', 'gender equality', 'women']	SG_GEN_EQPWN	Proportion of countries with systems to track and make public allocations for gender equality and women's empowerment (%)	178	Congo	5	11	Western Africa	Country	15.22052612	-0.840544119	COG	1	1	[2018]	2018	2018	1	PT	Percentage	G	Global	1.0	1.0			"The numerical value 1 represents ""Approaches requirement"", 0 for ""Does not meet requirement"" and 2 for ""Fully meets requirement""."	Data are derived from country reporting on 13 binary questions on questionnaire, collected through the Global Partneship for Effective Development Cooperation		G: Global monitoring data
5	Goal 5	Achieve gender equality and empower all women and girls	5.c	Adopt and strengthen sound policies and enforceable legislation for the promotion of gender equality and the empowerment of all women and girls at all levels	C050c01	5.c.1	II	UN Women, OECD, UNDP	Proportion of countries with systems to track and make public allocations for gender equality and women’s empowerment	2019.Q4.G.01	['laws and regulations', 'advancement of women', 'gender equality', 'women']	SG_GEN_EQPWN	Proportion of countries with systems to track and make public allocations for gender equality and women's empowerment (%)	180	Democratic Republic of the Congo	5	17	Middle Africa	Country	23.65496507	-2.877154732	COD	1	1	[2018]	2018	2018	1	PT	Percentage	G	Global	0.0	0.0			"The numerical value 1 represents ""Approaches requirement"", 0 for ""Does not meet requirement"" and 2 for ""Fully meets requirement""."	Data are derived from country reporting on 13 binary questions on questionnaire, collected through the Global Partneship for Effective Development Cooperation		G: Global monitoring data
5	Goal 5	Achieve gender equality and empower all women and girls	5.c	Adopt and strengthen sound policies and enforceable legislation for the promotion of gender equality and the empowerment of all women and girls at all levels	C050c01	5.c.1	II	UN Women, OECD, UNDP	Proportion of countries with systems to track and make public allocations for gender equality and women’s empowerment	2019.Q4.G.01	['laws and regulations', 'advancement of women', 'gender equality', 'women']	SG_GEN_EQPWN	Proportion of countries with systems to track and make public allocations for gender equality and women's empowerment (%)	184	Cook Islands	4	61	Polynesia	Country	-159.7711391	-21.22696458	COK	0	1	[2018]	2018	2018	1	PT	Percentage	G	Global	1.0	1.0			"The numerical value 1 represents ""Approaches requirement"", 0 for ""Does not meet requirement"" and 2 for ""Fully meets requirement""."	Data are derived from country reporting on 13 binary questions on questionnaire, collected through the Global Partneship for Effective Development Cooperation		G: Global monitoring data
5	Goal 5	Achieve gender equality and empower all women and girls	5.c	Adopt and strengthen sound policies and enforceable legislation for the promotion of gender equality and the empowerment of all women and girls at all levels	C050c01	5.c.1	II	UN Women, OECD, UNDP	Proportion of countries with systems to track and make public allocations for gender equality and women’s empowerment	2019.Q4.G.01	['laws and regulations', 'advancement of women', 'gender equality', 'women']	SG_GEN_EQPWN	Proportion of countries with systems to track and make public allocations for gender equality and women's empowerment (%)	188	Costa Rica	5	13	Central America	Country	-84.19712782	9.970998683	CRI	1	1	[2018]	2018	2018	1	PT	Percentage	G	Global	1.0	1.0			"The numerical value 1 represents ""Approaches requirement"", 0 for ""Does not meet requirement"" and 2 for ""Fully meets requirement""."	Data are derived from country reporting on 13 binary questions on questionnaire, collected through the Global Partneship for Effective Development Cooperation		G: Global monitoring data
5	Goal 5	Achieve gender equality and empower all women and girls	5.c	Adopt and strengthen sound policies and enforceable legislation for the promotion of gender equality and the empowerment of all women and girls at all levels	C050c01	5.c.1	II	UN Women, OECD, UNDP	Proportion of countries with systems to track and make public allocations for gender equality and women’s empowerment	2019.Q4.G.01	['laws and regulations', 'advancement of women', 'gender equality', 'women']	SG_GEN_EQPWN	Proportion of countries with systems to track and make public allocations for gender equality and women's empowerment (%)	204	Benin	5	11	Western Africa	Country	2.339933594	9.65401646	BEN	1	1	[2018]	2018	2018	1	PT	Percentage	G	Global	1.0	1.0			"The numerical value 1 represents ""Approaches requirement"", 0 for ""Does not meet requirement"" and 2 for ""Fully meets requirement""."	Data are derived from country reporting on 13 binary questions on questionnaire, collected through the Global Partneship for Effective Development Cooperation		G: Global monitoring data
5	Goal 5	Achieve gender equality and empower all women and girls	5.c	Adopt and strengthen sound policies and enforceable legislation for the promotion of gender equality and the empowerment of all women and girls at all levels	C050c01	5.c.1	II	UN Women, OECD, UNDP	Proportion of countries with systems to track and make public allocations for gender equality and women’s empowerment	2019.Q4.G.01	['laws and regulations', 'advancement of women', 'gender equality', 'women']	SG_GEN_EQPWN	Proportion of countries with systems to track and make public allocations for gender equality and women's empowerment (%)	214	Dominican Republic	5	29	Caribbean	Country	-70.49847576	18.89832088	DOM	1	1	[2018]	2018	2018	1	PT	Percentage	G	Global	1.0	1.0			"The numerical value 1 represents ""Approaches requirement"", 0 for ""Does not meet requirement"" and 2 for ""Fully meets requirement""."	Data are derived from country reporting on 13 binary questions on questionnaire, collected through the Global Partneship for Effective Development Cooperation		G: Global monitoring data
5	Goal 5	Achieve gender equality and empower all women and girls	5.c	Adopt and strengthen sound policies and enforceable legislation for the promotion of gender equality and the empowerment of all women and girls at all levels	C050c01	5.c.1	II	UN Women, OECD, UNDP	Proportion of countries with systems to track and make public allocations for gender equality and women’s empowerment	2019.Q4.G.01	['laws and regulations', 'advancement of women', 'gender equality', 'women']	SG_GEN_EQPWN	Proportion of countries with systems to track and make public allocations for gender equality and women's empowerment (%)	222	El Salvador	5	13	Central America	Country	-88.86862995	13.73603564	SLV	1	1	[2018]	2018	2018	1	PT	Percentage	G	Global	1.0	1.0			"The numerical value 1 represents ""Approaches requirement"", 0 for ""Does not meet requirement"" and 2 for ""Fully meets requirement""."	Data are derived from country reporting on 13 binary questions on questionnaire, collected through the Global Partneship for Effective Development Cooperation		G: Global monitoring data
5	Goal 5	Achieve gender equality and empower all women and girls	5.c	Adopt and strengthen sound policies and enforceable legislation for the promotion of gender equality and the empowerment of all women and girls at all levels	C050c01	5.c.1	II	UN Women, OECD, UNDP	Proportion of countries with systems to track and make public allocations for gender equality and women’s empowerment	2019.Q4.G.01	['laws and regulations', 'advancement of women', 'gender equality', 'women']	SG_GEN_EQPWN	Proportion of countries with systems to track and make public allocations for gender equality and women's empowerment (%)	226	Equatorial Guinea	5	17	Middle Africa	Country	10.46535826	1.565792376	GNQ	1	1	[2018]	2018	2018	1	PT	Percentage	G	Global	1.0	1.0			"The numerical value 1 represents ""Approaches requirement"", 0 for ""Does not meet requirement"" and 2 for ""Fully meets requirement""."	Data are derived from country reporting on 13 binary questions on questionnaire, collected through the Global Partneship for Effective Development Cooperation		G: Global monitoring data
5	Goal 5	Achieve gender equality and empower all women and girls	5.c	Adopt and strengthen sound policies and enforceable legislation for the promotion of gender equality and the empowerment of all women and girls at all levels	C050c01	5.c.1	II	UN Women, OECD, UNDP	Proportion of countries with systems to track and make public allocations for gender equality and women’s empowerment	2019.Q4.G.01	['laws and regulations', 'advancement of women', 'gender equality', 'women']	SG_GEN_EQPWN	Proportion of countries with systems to track and make public allocations for gender equality and women's empowerment (%)	231	Ethiopia	5	14	Eastern Africa	Country	39.63505296	8.631223181	ETH	1	1	[2018]	2018	2018	1	PT	Percentage	G	Global	1.0	1.0			"The numerical value 1 represents ""Approaches requirement"", 0 for ""Does not meet requirement"" and 2 for ""Fully meets requirement""."	Data are derived from country reporting on 13 binary questions on questionnaire, collected through the Global Partneship for Effective Development Cooperation		G: Global monitoring data
5	Goal 5	Achieve gender equality and empower all women and girls	5.c	Adopt and strengthen sound policies and enforceable legislation for the promotion of gender equality and the empowerment of all women and girls at all levels	C050c01	5.c.1	II	UN Women, OECD, UNDP	Proportion of countries with systems to track and make public allocations for gender equality and women’s empowerment	2019.Q4.G.01	['laws and regulations', 'advancement of women', 'gender equality', 'women']	SG_GEN_EQPWN	Proportion of countries with systems to track and make public allocations for gender equality and women's empowerment (%)	242	Fiji	4	54	Melanesia	Country	177.9660884	-17.83301566	FJI	1	1	[2018]	2018	2018	1	PT	Percentage	G	Global	1.0	1.0			"The numerical value 1 represents ""Approaches requirement"", 0 for ""Does not meet requirement"" and 2 for ""Fully meets requirement""."	Data are derived from country reporting on 13 binary questions on questionnaire, collected through the Global Partneship for Effective Development Cooperation		G: Global monitoring data
5	Goal 5	Achieve gender equality and empower all women and girls	5.c	Adopt and strengthen sound policies and enforceable legislation for the promotion of gender equality and the empowerment of all women and girls at all levels	C050c01	5.c.1	II	UN Women, OECD, UNDP	Proportion of countries with systems to track and make public allocations for gender equality and women’s empowerment	2019.Q4.G.01	['laws and regulations', 'advancement of women', 'gender equality', 'women']	SG_GEN_EQPWN	Proportion of countries with systems to track and make public allocations for gender equality and women's empowerment (%)	268	Georgia	4	145	Western Asia	Country	43.3713615	42.04813028	GEO	1	1	[2018]	2018	2018	1	PT	Percentage	G	Global	1.0	1.0			"The numerical value 1 represents ""Approaches requirement"", 0 for ""Does not meet requirement"" and 2 for ""Fully meets requirement""."	Data are derived from country reporting on 13 binary questions on questionnaire, collected through the Global Partneship for Effective Development Cooperation		G: Global monitoring data
5	Goal 5	Achieve gender equality and empower all women and girls	5.c	Adopt and strengthen sound policies and enforceable legislation for the promotion of gender equality and the empowerment of all women and girls at all levels	C050c01	5.c.1	II	UN Women, OECD, UNDP	Proportion of countries with systems to track and make public allocations for gender equality and women’s empowerment	2019.Q4.G.01	['laws and regulations', 'advancement of women', 'gender equality', 'women']	SG_GEN_EQPWN	Proportion of countries with systems to track and make public allocations for gender equality and women's empowerment (%)	270	Gambia	5	11	Western Africa	Country	-15.39944785	13.45295927	GMB	1	1	[2018]	2018	2018	1	PT	Percentage	G	Global	1.0	1.0			"The numerical value 1 represents ""Approaches requirement"", 0 for ""Does not meet requirement"" and 2 for ""Fully meets requirement""."	Data are derived from country reporting on 13 binary questions on questionnaire, collected through the Global Partneship for Effective Development Cooperation		G: Global monitoring data
5	Goal 5	Achieve gender equality and empower all women and girls	5.c	Adopt and strengthen sound policies and enforceable legislation for the promotion of gender equality and the empowerment of all women and girls at all levels	C050c01	5.c.1	II	UN Women, OECD, UNDP	Proportion of countries with systems to track and make public allocations for gender equality and women’s empowerment	2019.Q4.G.01	['laws and regulations', 'advancement of women', 'gender equality', 'women']	SG_GEN_EQPWN	Proportion of countries with systems to track and make public allocations for gender equality and women's empowerment (%)	296	Kiribati	4	57	Micronesia	Country	-157.5643005	1.768837732	KIR	1	1	[2018]	2018	2018	1	PT	Percentage	G	Global	1.0	1.0			"The numerical value 1 represents ""Approaches requirement"", 0 for ""Does not meet requirement"" and 2 for ""Fully meets requirement""."	Data are derived from country reporting on 13 binary questions on questionnaire, collected through the Global Partneship for Effective Development Cooperation		G: Global monitoring data
5	Goal 5	Achieve gender equality and empower all women and girls	5.c	Adopt and strengthen sound policies and enforceable legislation for the promotion of gender equality and the empowerment of all women and girls at all levels	C050c01	5.c.1	II	UN Women, OECD, UNDP	Proportion of countries with systems to track and make public allocations for gender equality and women’s empowerment	2019.Q4.G.01	['laws and regulations', 'advancement of women', 'gender equality', 'women']	SG_GEN_EQPWN	Proportion of countries with systems to track and make public allocations for gender equality and women's empowerment (%)	31	Azerbaijan	4	145	Western Asia	Country	50.01064725	40.39229544	AZE	1	1	[2018]	2018	2018	1	PT	Percentage	G	Global	0.0	0.0			"The numerical value 1 represents ""Approaches requirement"", 0 for ""Does not meet requirement"" and 2 for ""Fully meets requirement""."	Data are derived from country reporting on 13 binary questions on questionnaire, collected through the Global Partneship for Effective Development Cooperation		G: Global monitoring data
5	Goal 5	Achieve gender equality and empower all women and girls	5.c	Adopt and strengthen sound policies and enforceable legislation for the promotion of gender equality and the empowerment of all women and girls at all levels	C050c01	5.c.1	II	UN Women, OECD, UNDP	Proportion of countries with systems to track and make public allocations for gender equality and women’s empowerment	2019.Q4.G.01	['laws and regulations', 'advancement of women', 'gender equality', 'women']	SG_GEN_EQPWN	Proportion of countries with systems to track and make public allocations for gender equality and women's empowerment (%)	320	Guatemala	5	13	Central America	Country	-91.2312746	15.00273719	GTM	1	1	[2018]	2018	2018	1	PT	Percentage	G	Global	2.0	2.0			"The numerical value 1 represents ""Approaches requirement"", 0 for ""Does not meet requirement"" and 2 for ""Fully meets requirement""."	Data are derived from country reporting on 13 binary questions on questionnaire, collected through the Global Partneship for Effective Development Cooperation		G: Global monitoring data
5	Goal 5	Achieve gender equality and empower all women and girls	5.c	Adopt and strengthen sound policies and enforceable legislation for the promotion of gender equality and the empowerment of all women and girls at all levels	C050c01	5.c.1	II	UN Women, OECD, UNDP	Proportion of countries with systems to track and make public allocations for gender equality and women’s empowerment	2019.Q4.G.01	['laws and regulations', 'advancement of women', 'gender equality', 'women']	SG_GEN_EQPWN	Proportion of countries with systems to track and make public allocations for gender equality and women's empowerment (%)	332	Haiti	5	29	Caribbean	Country	-72.33640958	18.40426539	HTI	1	1	[2018]	2018	2018	1	PT	Percentage	G	Global	0.0	0.0			"The numerical value 1 represents ""Approaches requirement"", 0 for ""Does not meet requirement"" and 2 for ""Fully meets requirement""."	Data are derived from country reporting on 13 binary questions on questionnaire, collected through the Global Partneship for Effective Development Cooperation		G: Global monitoring data
5	Goal 5	Achieve gender equality and empower all women and girls	5.c	Adopt and strengthen sound policies and enforceable legislation for the promotion of gender equality and the empowerment of all women and girls at all levels	C050c01	5.c.1	II	UN Women, OECD, UNDP	Proportion of countries with systems to track and make public allocations for gender equality and women’s empowerment	2019.Q4.G.01	['laws and regulations', 'advancement of women', 'gender equality', 'women']	SG_GEN_EQPWN	Proportion of countries with systems to track and make public allocations for gender equality and women's empowerment (%)	4	Afghanistan	4	34	Southern Asia	Country	66.02688198	33.83160199	AFG	1	1	[2018]	2018	2018	1	PT	Percentage	G	Global	0.0	0.0			"The numerical value 1 represents ""Approaches requirement"", 0 for ""Does not meet requirement"" and 2 for ""Fully meets requirement""."	Data are derived from country reporting on 13 binary questions on questionnaire, collected through the Global Partneship for Effective Development Cooperation		G: Global monitoring data
5	Goal 5	Achieve gender equality and empower all women and girls	5.c	Adopt and strengthen sound policies and enforceable legislation for the promotion of gender equality and the empowerment of all women and girls at all levels	C050c01	5.c.1	II	UN Women, OECD, UNDP	Proportion of countries with systems to track and make public allocations for gender equality and women’s empowerment	2019.Q4.G.01	['laws and regulations', 'advancement of women', 'gender equality', 'women']	SG_GEN_EQPWN	Proportion of countries with systems to track and make public allocations for gender equality and women's empowerment (%)	400	Jordan	4	145	Western Asia	Country	37.13024774	30.65365973	JOR	1	1	[2018]	2018	2018	1	PT	Percentage	G	Global	2.0	2.0			"The numerical value 1 represents ""Approaches requirement"", 0 for ""Does not meet requirement"" and 2 for ""Fully meets requirement""."	Data are derived from country reporting on 13 binary questions on questionnaire, collected through the Global Partneship for Effective Development Cooperation		G: Global monitoring data
5	Goal 5	Achieve gender equality and empower all women and girls	5.c	Adopt and strengthen sound policies and enforceable legislation for the promotion of gender equality and the empowerment of all women and girls at all levels	C050c01	5.c.1	II	UN Women, OECD, UNDP	Proportion of countries with systems to track and make public allocations for gender equality and women’s empowerment	2019.Q4.G.01	['laws and regulations', 'advancement of women', 'gender equality', 'women']	SG_GEN_EQPWN	Proportion of countries with systems to track and make public allocations for gender equality and women's empowerment (%)	404	Kenya	5	14	Eastern Africa	Country	37.86096816	0.534797278	KEN	1	1	[2018]	2018	2018	1	PT	Percentage	G	Global	1.0	1.0			"The numerical value 1 represents ""Approaches requirement"", 0 for ""Does not meet requirement"" and 2 for ""Fully meets requirement""."	Data are derived from country reporting on 13 binary questions on questionnaire, collected through the Global Partneship for Effective Development Cooperation		G: Global monitoring data
5	Goal 5	Achieve gender equality and empower all women and girls	5.c	Adopt and strengthen sound policies and enforceable legislation for the promotion of gender equality and the empowerment of all women and girls at all levels	C050c01	5.c.1	II	UN Women, OECD, UNDP	Proportion of countries with systems to track and make public allocations for gender equality and women’s empowerment	2019.Q4.G.01	['laws and regulations', 'advancement of women', 'gender equality', 'women']	SG_GEN_EQPWN	Proportion of countries with systems to track and make public allocations for gender equality and women's empowerment (%)	418	Lao People's Democratic Republic	4	35	South-Eastern Asia	Country	101.9901968	20.27482773	LAO	1	1	[2018]	2018	2018	1	PT	Percentage	G	Global	0.0	0.0			"The numerical value 1 represents ""Approaches requirement"", 0 for ""Does not meet requirement"" and 2 for ""Fully meets requirement""."	Data are derived from country reporting on 13 binary questions on questionnaire, collected through the Global Partneship for Effective Development Cooperation		G: Global monitoring data
5	Goal 5	Achieve gender equality and empower all women and girls	5.c	Adopt and strengthen sound policies and enforceable legislation for the promotion of gender equality and the empowerment of all women and girls at all levels	C050c01	5.c.1	II	UN Women, OECD, UNDP	Proportion of countries with systems to track and make public allocations for gender equality and women’s empowerment	2019.Q4.G.01	['laws and regulations', 'advancement of women', 'gender equality', 'women']	SG_GEN_EQPWN	Proportion of countries with systems to track and make public allocations for gender equality and women's empowerment (%)	419	Latin America and the Caribbean	3	19	Americas	Region						[2018]	2018	2018	1	PT	Percentage	G	Global	11.0	11.0			Based on available data for 9 countries	Data are derived from country reporting on 13 binary questions on questionnaire, collected through the Global Partneship for Effective Development Cooperation		G: Global monitoring data
5	Goal 5	Achieve gender equality and empower all women and girls	5.c	Adopt and strengthen sound policies and enforceable legislation for the promotion of gender equality and the empowerment of all women and girls at all levels	C050c01	5.c.1	II	UN Women, OECD, UNDP	Proportion of countries with systems to track and make public allocations for gender equality and women’s empowerment	2019.Q4.G.01	['laws and regulations', 'advancement of women', 'gender equality', 'women']	SG_GEN_EQPWN	Proportion of countries with systems to track and make public allocations for gender equality and women's empowerment (%)	430	Liberia	5	11	Western Africa	Country	-9.311879038	6.448381009	LBR	1	1	[2018]	2018	2018	1	PT	Percentage	G	Global	1.0	1.0			"The numerical value 1 represents ""Approaches requirement"", 0 for ""Does not meet requirement"" and 2 for ""Fully meets requirement""."	Data are derived from country reporting on 13 binary questions on questionnaire, collected through the Global Partneship for Effective Development Cooperation		G: Global monitoring data
5	Goal 5	Achieve gender equality and empower all women and girls	5.c	Adopt and strengthen sound policies and enforceable legislation for the promotion of gender equality and the empowerment of all women and girls at all levels	C050c01	5.c.1	II	UN Women, OECD, UNDP	Proportion of countries with systems to track and make public allocations for gender equality and women’s empowerment	2019.Q4.G.01	['laws and regulations', 'advancement of women', 'gender equality', 'women']	SG_GEN_EQPWN	Proportion of countries with systems to track and make public allocations for gender equality and women's empowerment (%)	450	Madagascar	5	14	Eastern Africa	Country	46.6982339	-19.38514785	MDG	1	1	[2018]	2018	2018	1	PT	Percentage	G	Global	1.0	1.0			"The numerical value 1 represents ""Approaches requirement"", 0 for ""Does not meet requirement"" and 2 for ""Fully meets requirement""."	Data are derived from country reporting on 13 binary questions on questionnaire, collected through the Global Partneship for Effective Development Cooperation		G: Global monitoring data
5	Goal 5	Achieve gender equality and empower all women and girls	5.c	Adopt and strengthen sound policies and enforceable legislation for the promotion of gender equality and the empowerment of all women and girls at all levels	C050c01	5.c.1	II	UN Women, OECD, UNDP	Proportion of countries with systems to track and make public allocations for gender equality and women’s empowerment	2019.Q4.G.01	['laws and regulations', 'advancement of women', 'gender equality', 'women']	SG_GEN_EQPWN	Proportion of countries with systems to track and make public allocations for gender equality and women's empowerment (%)	454	Malawi	5	14	Eastern Africa	Country	33.4884625	-13.40819859	MWI	1	1	[2018]	2018	2018	1	PT	Percentage	G	Global	1.0	1.0			"The numerical value 1 represents ""Approaches requirement"", 0 for ""Does not meet requirement"" and 2 for ""Fully meets requirement""."	Data are derived from country reporting on 13 binary questions on questionnaire, collected through the Global Partneship for Effective Development Cooperation		G: Global monitoring data
5	Goal 5	Achieve gender equality and empower all women and girls	5.c	Adopt and strengthen sound policies and enforceable legislation for the promotion of gender equality and the empowerment of all women and girls at all levels	C050c01	5.c.1	II	UN Women, OECD, UNDP	Proportion of countries with systems to track and make public allocations for gender equality and women’s empowerment	2019.Q4.G.01	['laws and regulations', 'advancement of women', 'gender equality', 'women']	SG_GEN_EQPWN	Proportion of countries with systems to track and make public allocations for gender equality and women's empowerment (%)	466	Mali	5	11	Western Africa	Country	-3.522016039	17.35311254	MLI	1	1	[2018]	2018	2018	1	PT	Percentage	G	Global	2.0	2.0			"The numerical value 1 represents ""Approaches requirement"", 0 for ""Does not meet requirement"" and 2 for ""Fully meets requirement""."	Data are derived from country reporting on 13 binary questions on questionnaire, collected through the Global Partneship for Effective Development Cooperation		G: Global monitoring data
5	Goal 5	Achieve gender equality and empower all women and girls	5.c	Adopt and strengthen sound policies and enforceable legislation for the promotion of gender equality and the empowerment of all women and girls at all levels	C050c01	5.c.1	II	UN Women, OECD, UNDP	Proportion of countries with systems to track and make public allocations for gender equality and women’s empowerment	2019.Q4.G.01	['laws and regulations', 'advancement of women', 'gender equality', 'women']	SG_GEN_EQPWN	Proportion of countries with systems to track and make public allocations for gender equality and women's empowerment (%)	498	Republic of Moldova	4	151	Eastern Europe	Country	28.4650624	47.20236795	MDA	1	1	[2018]	2018	2018	1	PT	Percentage	G	Global	1.0	1.0			"The numerical value 1 represents ""Approaches requirement"", 0 for ""Does not meet requirement"" and 2 for ""Fully meets requirement""."	Data are derived from country reporting on 13 binary questions on questionnaire, collected through the Global Partneship for Effective Development Cooperation		G: Global monitoring data
5	Goal 5	Achieve gender equality and empower all women and girls	5.c	Adopt and strengthen sound policies and enforceable legislation for the promotion of gender equality and the empowerment of all women and girls at all levels	C050c01	5.c.1	II	UN Women, OECD, UNDP	Proportion of countries with systems to track and make public allocations for gender equality and women’s empowerment	2019.Q4.G.01	['laws and regulations', 'advancement of women', 'gender equality', 'women']	SG_GEN_EQPWN	Proportion of countries with systems to track and make public allocations for gender equality and women's empowerment (%)	499	Montenegro	4	39	Southern Europe	Country	19.25214024	42.78717043	MNE	1	1	[2018]	2018	2018	1	PT	Percentage	G	Global	0.0	0.0			"The numerical value 1 represents ""Approaches requirement"", 0 for ""Does not meet requirement"" and 2 for ""Fully meets requirement""."	Data are derived from country reporting on 13 binary questions on questionnaire, collected through the Global Partneship for Effective Development Cooperation		G: Global monitoring data
5	Goal 5	Achieve gender equality and empower all women and girls	5.c	Adopt and strengthen sound policies and enforceable legislation for the promotion of gender equality and the empowerment of all women and girls at all levels	C050c01	5.c.1	II	UN Women, OECD, UNDP	Proportion of countries with systems to track and make public allocations for gender equality and women’s empowerment	2019.Q4.G.01	['laws and regulations', 'advancement of women', 'gender equality', 'women']	SG_GEN_EQPWN	Proportion of countries with systems to track and make public allocations for gender equality and women's empowerment (%)	50	Bangladesh	4	34	Southern Asia	Country	89.17660788	22.86961622	BGD	1	1	[2018]	2018	2018	1	PT	Percentage	G	Global	2.0	2.0			"The numerical value 1 represents ""Approaches requirement"", 0 for ""Does not meet requirement"" and 2 for ""Fully meets requirement""."	Data are derived from country reporting on 13 binary questions on questionnaire, collected through the Global Partneship for Effective Development Cooperation		G: Global monitoring data
5	Goal 5	Achieve gender equality and empower all women and girls	5.c	Adopt and strengthen sound policies and enforceable legislation for the promotion of gender equality and the empowerment of all women and girls at all levels	C050c01	5.c.1	II	UN Women, OECD, UNDP	Proportion of countries with systems to track and make public allocations for gender equality and women’s empowerment	2019.Q4.G.01	['laws and regulations', 'advancement of women', 'gender equality', 'women']	SG_GEN_EQPWN	Proportion of countries with systems to track and make public allocations for gender equality and women's empowerment (%)	508	Mozambique	5	14	Eastern Africa	Country	38.18479941	-14.27963886	MOZ	1	1	[2018]	2018	2018	1	PT	Percentage	G	Global	1.0	1.0			"The numerical value 1 represents ""Approaches requirement"", 0 for ""Does not meet requirement"" and 2 for ""Fully meets requirement""."	Data are derived from country reporting on 13 binary questions on questionnaire, collected through the Global Partneship for Effective Development Cooperation		G: Global monitoring data
5	Goal 5	Achieve gender equality and empower all women and girls	5.c	Adopt and strengthen sound policies and enforceable legislation for the promotion of gender equality and the empowerment of all women and girls at all levels	C050c01	5.c.1	II	UN Women, OECD, UNDP	Proportion of countries with systems to track and make public allocations for gender equality and women’s empowerment	2019.Q4.G.01	['laws and regulations', 'advancement of women', 'gender equality', 'women']	SG_GEN_EQPWN	Proportion of countries with systems to track and make public allocations for gender equality and women's empowerment (%)	51	Armenia	4	145	Western Asia	Country	44.93839317	40.29499741	ARM	1	1	[2018]	2018	2018	1	PT	Percentage	G	Global	1.0	1.0			"The numerical value 1 represents ""Approaches requirement"", 0 for ""Does not meet requirement"" and 2 for ""Fully meets requirement""."	Data are derived from country reporting on 13 binary questions on questionnaire, collected through the Global Partneship for Effective Development Cooperation		G: Global monitoring data
5	Goal 5	Achieve gender equality and empower all women and girls	5.c	Adopt and strengthen sound policies and enforceable legislation for the promotion of gender equality and the empowerment of all women and girls at all levels	C050c01	5.c.1	II	UN Women, OECD, UNDP	Proportion of countries with systems to track and make public allocations for gender equality and women’s empowerment	2019.Q4.G.01	['laws and regulations', 'advancement of women', 'gender equality', 'women']	SG_GEN_EQPWN	Proportion of countries with systems to track and make public allocations for gender equality and women's empowerment (%)	513	Europe and Northern America	2	1	World	Region						[2018]	2018	2018	1	PT	Percentage	G	Global	0.0	0.0			Based on available data for 6 countries and areas	Data are derived from country reporting on 13 binary questions on questionnaire, collected through the Global Partneship for Effective Development Cooperation		G: Global monitoring data
5	Goal 5	Achieve gender equality and empower all women and girls	5.c	Adopt and strengthen sound policies and enforceable legislation for the promotion of gender equality and the empowerment of all women and girls at all levels	C050c01	5.c.1	II	UN Women, OECD, UNDP	Proportion of countries with systems to track and make public allocations for gender equality and women’s empowerment	2019.Q4.G.01	['laws and regulations', 'advancement of women', 'gender equality', 'women']	SG_GEN_EQPWN	Proportion of countries with systems to track and make public allocations for gender equality and women's empowerment (%)	520	Nauru	4	57	Micronesia	Country	166.92313	-0.528742623	NRU	1	1	[2018]	2018	2018	1	PT	Percentage	G	Global	0.0	0.0			"The numerical value 1 represents ""Approaches requirement"", 0 for ""Does not meet requirement"" and 2 for ""Fully meets requirement""."	Data are derived from country reporting on 13 binary questions on questionnaire, collected through the Global Partneship for Effective Development Cooperation		G: Global monitoring data
5	Goal 5	Achieve gender equality and empower all women and girls	5.c	Adopt and strengthen sound policies and enforceable legislation for the promotion of gender equality and the empowerment of all women and girls at all levels	C050c01	5.c.1	II	UN Women, OECD, UNDP	Proportion of countries with systems to track and make public allocations for gender equality and women’s empowerment	2019.Q4.G.01	['laws and regulations', 'advancement of women', 'gender equality', 'women']	SG_GEN_EQPWN	Proportion of countries with systems to track and make public allocations for gender equality and women's empowerment (%)	524	Nepal	4	34	Southern Asia	Country	83.94678863	28.25866332	NPL	1	1	[2018]	2018	2018	1	PT	Percentage	G	Global	2.0	2.0			"The numerical value 1 represents ""Approaches requirement"", 0 for ""Does not meet requirement"" and 2 for ""Fully meets requirement""."	Data are derived from country reporting on 13 binary questions on questionnaire, collected through the Global Partneship for Effective Development Cooperation		G: Global monitoring data
5	Goal 5	Achieve gender equality and empower all women and girls	5.c	Adopt and strengthen sound policies and enforceable legislation for the promotion of gender equality and the empowerment of all women and girls at all levels	C050c01	5.c.1	II	UN Women, OECD, UNDP	Proportion of countries with systems to track and make public allocations for gender equality and women’s empowerment	2019.Q4.G.01	['laws and regulations', 'advancement of women', 'gender equality', 'women']	SG_GEN_EQPWN	Proportion of countries with systems to track and make public allocations for gender equality and women's empowerment (%)	543	Oceania (exc. Australia and New Zealand)	3	9	Oceania	Region						[2018]	2018	2018	1	PT	Percentage	G	Global	20.0	20.0			Based on available data for 10 countries and areas	Data are derived from country reporting on 13 binary questions on questionnaire, collected through the Global Partneship for Effective Development Cooperation		G: Global monitoring data
5	Goal 5	Achieve gender equality and empower all women and girls	5.c	Adopt and strengthen sound policies and enforceable legislation for the promotion of gender equality and the empowerment of all women and girls at all levels	C050c01	5.c.1	II	UN Women, OECD, UNDP	Proportion of countries with systems to track and make public allocations for gender equality and women’s empowerment	2019.Q4.G.01	['laws and regulations', 'advancement of women', 'gender equality', 'women']	SG_GEN_EQPWN	Proportion of countries with systems to track and make public allocations for gender equality and women's empowerment (%)	562	Niger	5	11	Western Africa	Country	9.400167877	17.42143036	NER	1	1	[2018]	2018	2018	1	PT	Percentage	G	Global	1.0	1.0			"The numerical value 1 represents ""Approaches requirement"", 0 for ""Does not meet requirement"" and 2 for ""Fully meets requirement""."	Data are derived from country reporting on 13 binary questions on questionnaire, collected through the Global Partneship for Effective Development Cooperation		G: Global monitoring data
5	Goal 5	Achieve gender equality and empower all women and girls	5.c	Adopt and strengthen sound policies and enforceable legislation for the promotion of gender equality and the empowerment of all women and girls at all levels	C050c01	5.c.1	II	UN Women, OECD, UNDP	Proportion of countries with systems to track and make public allocations for gender equality and women’s empowerment	2019.Q4.G.01	['laws and regulations', 'advancement of women', 'gender equality', 'women']	SG_GEN_EQPWN	Proportion of countries with systems to track and make public allocations for gender equality and women's empowerment (%)	566	Nigeria	5	11	Western Africa	Country	8.097363256	9.585789025	NGA	1	1	[2018]	2018	2018	1	PT	Percentage	G	Global	1.0	1.0			"The numerical value 1 represents ""Approaches requirement"", 0 for ""Does not meet requirement"" and 2 for ""Fully meets requirement""."	Data are derived from country reporting on 13 binary questions on questionnaire, collected through the Global Partneship for Effective Development Cooperation		G: Global monitoring data
5	Goal 5	Achieve gender equality and empower all women and girls	5.c	Adopt and strengthen sound policies and enforceable legislation for the promotion of gender equality and the empowerment of all women and girls at all levels	C050c01	5.c.1	II	UN Women, OECD, UNDP	Proportion of countries with systems to track and make public allocations for gender equality and women’s empowerment	2019.Q4.G.01	['laws and regulations', 'advancement of women', 'gender equality', 'women']	SG_GEN_EQPWN	Proportion of countries with systems to track and make public allocations for gender equality and women's empowerment (%)	584	Marshall Islands	4	57	Micronesia	Country	171.0839119	7.110213497	MHL	1	1	[2018]	2018	2018	1	PT	Percentage	G	Global	0.0	0.0			"The numerical value 1 represents ""Approaches requirement"", 0 for ""Does not meet requirement"" and 2 for ""Fully meets requirement""."	Data are derived from country reporting on 13 binary questions on questionnaire, collected through the Global Partneship for Effective Development Cooperation		G: Global monitoring data
5	Goal 5	Achieve gender equality and empower all women and girls	5.c	Adopt and strengthen sound policies and enforceable legislation for the promotion of gender equality and the empowerment of all women and girls at all levels	C050c01	5.c.1	II	UN Women, OECD, UNDP	Proportion of countries with systems to track and make public allocations for gender equality and women’s empowerment	2019.Q4.G.01	['laws and regulations', 'advancement of women', 'gender equality', 'women']	SG_GEN_EQPWN	Proportion of countries with systems to track and make public allocations for gender equality and women's empowerment (%)	585	Palau	4	57	Micronesia	Country	134.5733878	7.502307591	PLW	1	1	[2018]	2018	2018	1	PT	Percentage	G	Global	1.0	1.0			"The numerical value 1 represents ""Approaches requirement"", 0 for ""Does not meet requirement"" and 2 for ""Fully meets requirement""."	Data are derived from country reporting on 13 binary questions on questionnaire, collected through the Global Partneship for Effective Development Cooperation		G: Global monitoring data
5	Goal 5	Achieve gender equality and empower all women and girls	5.c	Adopt and strengthen sound policies and enforceable legislation for the promotion of gender equality and the empowerment of all women and girls at all levels	C050c01	5.c.1	II	UN Women, OECD, UNDP	Proportion of countries with systems to track and make public allocations for gender equality and women’s empowerment	2019.Q4.G.01	['laws and regulations', 'advancement of women', 'gender equality', 'women']	SG_GEN_EQPWN	Proportion of countries with systems to track and make public allocations for gender equality and women's empowerment (%)	598	Papua New Guinea	4	54	Melanesia	Country	145.8587761	-6.756057077	PNG	1	1	[2018]	2018	2018	1	PT	Percentage	G	Global	2.0	2.0			"The numerical value 1 represents ""Approaches requirement"", 0 for ""Does not meet requirement"" and 2 for ""Fully meets requirement""."	Data are derived from country reporting on 13 binary questions on questionnaire, collected through the Global Partneship for Effective Development Cooperation		G: Global monitoring data
5	Goal 5	Achieve gender equality and empower all women and girls	5.c	Adopt and strengthen sound policies and enforceable legislation for the promotion of gender equality and the empowerment of all women and girls at all levels	C050c01	5.c.1	II	UN Women, OECD, UNDP	Proportion of countries with systems to track and make public allocations for gender equality and women’s empowerment	2019.Q4.G.01	['laws and regulations', 'advancement of women', 'gender equality', 'women']	SG_GEN_EQPWN	Proportion of countries with systems to track and make public allocations for gender equality and women's empowerment (%)	600	Paraguay	5	5	South America	Country	-60.54854225	-21.70216237	PRY	1	1	[2018]	2018	2018	1	PT	Percentage	G	Global	1.0	1.0			"The numerical value 1 represents ""Approaches requirement"", 0 for ""Does not meet requirement"" and 2 for ""Fully meets requirement""."	Data are derived from country reporting on 13 binary questions on questionnaire, collected through the Global Partneship for Effective Development Cooperation		G: Global monitoring data
5	Goal 5	Achieve gender equality and empower all women and girls	5.c	Adopt and strengthen sound policies and enforceable legislation for the promotion of gender equality and the empowerment of all women and girls at all levels	C050c01	5.c.1	II	UN Women, OECD, UNDP	Proportion of countries with systems to track and make public allocations for gender equality and women’s empowerment	2019.Q4.G.01	['laws and regulations', 'advancement of women', 'gender equality', 'women']	SG_GEN_EQPWN	Proportion of countries with systems to track and make public allocations for gender equality and women's empowerment (%)	604	Peru	5	5	South America	Country	-71.82093277	-13.58939705	PER	1	1	[2018]	2018	2018	1	PT	Percentage	G	Global	1.0	1.0			"The numerical value 1 represents ""Approaches requirement"", 0 for ""Does not meet requirement"" and 2 for ""Fully meets requirement""."	Data are derived from country reporting on 13 binary questions on questionnaire, collected through the Global Partneship for Effective Development Cooperation		G: Global monitoring data
5	Goal 5	Achieve gender equality and empower all women and girls	5.c	Adopt and strengthen sound policies and enforceable legislation for the promotion of gender equality and the empowerment of all women and girls at all levels	C050c01	5.c.1	II	UN Women, OECD, UNDP	Proportion of countries with systems to track and make public allocations for gender equality and women’s empowerment	2019.Q4.G.01	['laws and regulations', 'advancement of women', 'gender equality', 'women']	SG_GEN_EQPWN	Proportion of countries with systems to track and make public allocations for gender equality and women's empowerment (%)	608	Philippines	4	35	South-Eastern Asia	Country	120.8601418	14.16591706	PHL	1	1	[2018]	2018	2018	1	PT	Percentage	G	Global	2.0	2.0			"The numerical value 1 represents ""Approaches requirement"", 0 for ""Does not meet requirement"" and 2 for ""Fully meets requirement""."	Data are derived from country reporting on 13 binary questions on questionnaire, collected through the Global Partneship for Effective Development Cooperation		G: Global monitoring data
5	Goal 5	Achieve gender equality and empower all women and girls	5.c	Adopt and strengthen sound policies and enforceable legislation for the promotion of gender equality and the empowerment of all women and girls at all levels	C050c01	5.c.1	II	UN Women, OECD, UNDP	Proportion of countries with systems to track and make public allocations for gender equality and women’s empowerment	2019.Q4.G.01	['laws and regulations', 'advancement of women', 'gender equality', 'women']	SG_GEN_EQPWN	Proportion of countries with systems to track and make public allocations for gender equality and women's empowerment (%)	62	Central and Southern Asia	2	1	World	Region						[2018]	2018	2018	1	PT	Percentage	G	Global	75.0	75.0			Based on available data for 4 countries	Data are derived from country reporting on 13 binary questions on questionnaire, collected through the Global Partneship for Effective Development Cooperation		G: Global monitoring data
5	Goal 5	Achieve gender equality and empower all women and girls	5.c	Adopt and strengthen sound policies and enforceable legislation for the promotion of gender equality and the empowerment of all women and girls at all levels	C050c01	5.c.1	II	UN Women, OECD, UNDP	Proportion of countries with systems to track and make public allocations for gender equality and women’s empowerment	2019.Q4.G.01	['laws and regulations', 'advancement of women', 'gender equality', 'women']	SG_GEN_EQPWN	Proportion of countries with systems to track and make public allocations for gender equality and women's empowerment (%)	624	Guinea-Bissau	5	11	Western Africa	Country	-14.40182514	12.11760394	GNB	1	1	[2018]	2018	2018	1	PT	Percentage	G	Global	0.0	0.0			"The numerical value 1 represents ""Approaches requirement"", 0 for ""Does not meet requirement"" and 2 for ""Fully meets requirement""."	Data are derived from country reporting on 13 binary questions on questionnaire, collected through the Global Partneship for Effective Development Cooperation		G: Global monitoring data
5	Goal 5	Achieve gender equality and empower all women and girls	5.c	Adopt and strengthen sound policies and enforceable legislation for the promotion of gender equality and the empowerment of all women and girls at all levels	C050c01	5.c.1	II	UN Women, OECD, UNDP	Proportion of countries with systems to track and make public allocations for gender equality and women’s empowerment	2019.Q4.G.01	['laws and regulations', 'advancement of women', 'gender equality', 'women']	SG_GEN_EQPWN	Proportion of countries with systems to track and make public allocations for gender equality and women's empowerment (%)	626	Timor-Leste	4	35	South-Eastern Asia	Country	125.9451052	-8.797497247	TLS	1	1	[2018]	2018	2018	1	PT	Percentage	G	Global	1.0	1.0			"The numerical value 1 represents ""Approaches requirement"", 0 for ""Does not meet requirement"" and 2 for ""Fully meets requirement""."	Data are derived from country reporting on 13 binary questions on questionnaire, collected through the Global Partneship for Effective Development Cooperation		G: Global monitoring data
5	Goal 5	Achieve gender equality and empower all women and girls	5.c	Adopt and strengthen sound policies and enforceable legislation for the promotion of gender equality and the empowerment of all women and girls at all levels	C050c01	5.c.1	II	UN Women, OECD, UNDP	Proportion of countries with systems to track and make public allocations for gender equality and women’s empowerment	2019.Q4.G.01	['laws and regulations', 'advancement of women', 'gender equality', 'women']	SG_GEN_EQPWN	Proportion of countries with systems to track and make public allocations for gender equality and women's empowerment (%)	64	Bhutan	4	34	Southern Asia	Country	90.45098484	27.39598568	BTN	1	1	[2018]	2018	2018	1	PT	Percentage	G	Global	2.0	2.0			"The numerical value 1 represents ""Approaches requirement"", 0 for ""Does not meet requirement"" and 2 for ""Fully meets requirement""."	Data are derived from country reporting on 13 binary questions on questionnaire, collected through the Global Partneship for Effective Development Cooperation		G: Global monitoring data
5	Goal 5	Achieve gender equality and empower all women and girls	5.c	Adopt and strengthen sound policies and enforceable legislation for the promotion of gender equality and the empowerment of all women and girls at all levels	C050c01	5.c.1	II	UN Women, OECD, UNDP	Proportion of countries with systems to track and make public allocations for gender equality and women’s empowerment	2019.Q4.G.01	['laws and regulations', 'advancement of women', 'gender equality', 'women']	SG_GEN_EQPWN	Proportion of countries with systems to track and make public allocations for gender equality and women's empowerment (%)	646	Rwanda	5	14	Eastern Africa	Country	29.92310194	-1.999842114	RWA	1	1	[2018]	2018	2018	1	PT	Percentage	G	Global	2.0	2.0			"The numerical value 1 represents ""Approaches requirement"", 0 for ""Does not meet requirement"" and 2 for ""Fully meets requirement""."	Data are derived from country reporting on 13 binary questions on questionnaire, collected through the Global Partneship for Effective Development Cooperation		G: Global monitoring data
5	Goal 5	Achieve gender equality and empower all women and girls	5.c	Adopt and strengthen sound policies and enforceable legislation for the promotion of gender equality and the empowerment of all women and girls at all levels	C050c01	5.c.1	II	UN Women, OECD, UNDP	Proportion of countries with systems to track and make public allocations for gender equality and women’s empowerment	2019.Q4.G.01	['laws and regulations', 'advancement of women', 'gender equality', 'women']	SG_GEN_EQPWN	Proportion of countries with systems to track and make public allocations for gender equality and women's empowerment (%)	654	Saint Helena	5	11	Western Africa	Country	-5.705752501	-15.96503946	SHN	0	1	[2018]	2018	2018	1	PT	Percentage	G	Global	0.0	0.0			"The numerical value 1 represents ""Approaches requirement"", 0 for ""Does not meet requirement"" and 2 for ""Fully meets requirement""."	Data are derived from country reporting on 13 binary questions on questionnaire, collected through the Global Partneship for Effective Development Cooperation		G: Global monitoring data
5	Goal 5	Achieve gender equality and empower all women and girls	5.c	Adopt and strengthen sound policies and enforceable legislation for the promotion of gender equality and the empowerment of all women and girls at all levels	C050c01	5.c.1	II	UN Women, OECD, UNDP	Proportion of countries with systems to track and make public allocations for gender equality and women’s empowerment	2019.Q4.G.01	['laws and regulations', 'advancement of women', 'gender equality', 'women']	SG_GEN_EQPWN	Proportion of countries with systems to track and make public allocations for gender equality and women's empowerment (%)	662	Saint Lucia	5	29	Caribbean	Country	-60.96529553	13.89405601	LCA	1	1	[2018]	2018	2018	1	PT	Percentage	G	Global	1.0	1.0			"The numerical value 1 represents ""Approaches requirement"", 0 for ""Does not meet requirement"" and 2 for ""Fully meets requirement""."	Data are derived from country reporting on 13 binary questions on questionnaire, collected through the Global Partneship for Effective Development Cooperation		G: Global monitoring data
5	Goal 5	Achieve gender equality and empower all women and girls	5.c	Adopt and strengthen sound policies and enforceable legislation for the promotion of gender equality and the empowerment of all women and girls at all levels	C050c01	5.c.1	II	UN Women, OECD, UNDP	Proportion of countries with systems to track and make public allocations for gender equality and women’s empowerment	2019.Q4.G.01	['laws and regulations', 'advancement of women', 'gender equality', 'women']	SG_GEN_EQPWN	Proportion of countries with systems to track and make public allocations for gender equality and women's empowerment (%)	686	Senegal	5	11	Western Africa	Country	-14.46636926	14.35920905	SEN	1	1	[2018]	2018	2018	1	PT	Percentage	G	Global	1.0	1.0			"The numerical value 1 represents ""Approaches requirement"", 0 for ""Does not meet requirement"" and 2 for ""Fully meets requirement""."	Data are derived from country reporting on 13 binary questions on questionnaire, collected through the Global Partneship for Effective Development Cooperation		G: Global monitoring data
5	Goal 5	Achieve gender equality and empower all women and girls	5.c	Adopt and strengthen sound policies and enforceable legislation for the promotion of gender equality and the empowerment of all women and girls at all levels	C050c01	5.c.1	II	UN Women, OECD, UNDP	Proportion of countries with systems to track and make public allocations for gender equality and women’s empowerment	2019.Q4.G.01	['laws and regulations', 'advancement of women', 'gender equality', 'women']	SG_GEN_EQPWN	Proportion of countries with systems to track and make public allocations for gender equality and women's empowerment (%)	688	Serbia	4	39	Southern Europe	Country	20.805876	44.03145697	SRB	1	1	[2018]	2018	2018	1	PT	Percentage	G	Global	1.0	1.0			"The numerical value 1 represents ""Approaches requirement"", 0 for ""Does not meet requirement"" and 2 for ""Fully meets requirement""."	Data are derived from country reporting on 13 binary questions on questionnaire, collected through the Global Partneship for Effective Development Cooperation		G: Global monitoring data
5	Goal 5	Achieve gender equality and empower all women and girls	5.c	Adopt and strengthen sound policies and enforceable legislation for the promotion of gender equality and the empowerment of all women and girls at all levels	C050c01	5.c.1	II	UN Women, OECD, UNDP	Proportion of countries with systems to track and make public allocations for gender equality and women’s empowerment	2019.Q4.G.01	['laws and regulations', 'advancement of women', 'gender equality', 'women']	SG_GEN_EQPWN	Proportion of countries with systems to track and make public allocations for gender equality and women's empowerment (%)	690	Seychelles	5	14	Eastern Africa	Country	55.46561591	-4.678053059	SYC	1	1	[2018]	2018	2018	1	PT	Percentage	G	Global	1.0	1.0			"The numerical value 1 represents ""Approaches requirement"", 0 for ""Does not meet requirement"" and 2 for ""Fully meets requirement""."	Data are derived from country reporting on 13 binary questions on questionnaire, collected through the Global Partneship for Effective Development Cooperation		G: Global monitoring data
5	Goal 5	Achieve gender equality and empower all women and girls	5.c	Adopt and strengthen sound policies and enforceable legislation for the promotion of gender equality and the empowerment of all women and girls at all levels	C050c01	5.c.1	II	UN Women, OECD, UNDP	Proportion of countries with systems to track and make public allocations for gender equality and women’s empowerment	2019.Q4.G.01	['laws and regulations', 'advancement of women', 'gender equality', 'women']	SG_GEN_EQPWN	Proportion of countries with systems to track and make public allocations for gender equality and women's empowerment (%)	70	Bosnia and Herzegovina	4	39	Southern Europe	Country	17.78584332	44.16845548	BIH	1	1	[2018]	2018	2018	1	PT	Percentage	G	Global	1.0	1.0			"The numerical value 1 represents ""Approaches requirement"", 0 for ""Does not meet requirement"" and 2 for ""Fully meets requirement""."	Data are derived from country reporting on 13 binary questions on questionnaire, collected through the Global Partneship for Effective Development Cooperation		G: Global monitoring data
5	Goal 5	Achieve gender equality and empower all women and girls	5.c	Adopt and strengthen sound policies and enforceable legislation for the promotion of gender equality and the empowerment of all women and girls at all levels	C050c01	5.c.1	II	UN Women, OECD, UNDP	Proportion of countries with systems to track and make public allocations for gender equality and women’s empowerment	2019.Q4.G.01	['laws and regulations', 'advancement of women', 'gender equality', 'women']	SG_GEN_EQPWN	Proportion of countries with systems to track and make public allocations for gender equality and women's empowerment (%)	704	Viet Nam	4	35	South-Eastern Asia	Country	105.802499	10.09643079	VNM	1	1	[2018]	2018	2018	1	PT	Percentage	G	Global	2.0	2.0			"The numerical value 1 represents ""Approaches requirement"", 0 for ""Does not meet requirement"" and 2 for ""Fully meets requirement""."	Data are derived from country reporting on 13 binary questions on questionnaire, collected through the Global Partneship for Effective Development Cooperation		G: Global monitoring data
5	Goal 5	Achieve gender equality and empower all women and girls	5.c	Adopt and strengthen sound policies and enforceable legislation for the promotion of gender equality and the empowerment of all women and girls at all levels	C050c01	5.c.1	II	UN Women, OECD, UNDP	Proportion of countries with systems to track and make public allocations for gender equality and women’s empowerment	2019.Q4.G.01	['laws and regulations', 'advancement of women', 'gender equality', 'women']	SG_GEN_EQPWN	Proportion of countries with systems to track and make public allocations for gender equality and women's empowerment (%)	729	Sudan	4	15	Northern Africa	Country	29.95650159	16.02643066	SDN	0	1	[2018]	2018	2018	1	PT	Percentage	G	Global	1.0	1.0			"The numerical value 1 represents ""Approaches requirement"", 0 for ""Does not meet requirement"" and 2 for ""Fully meets requirement""."	Data are derived from country reporting on 13 binary questions on questionnaire, collected through the Global Partneship for Effective Development Cooperation		G: Global monitoring data
5	Goal 5	Achieve gender equality and empower all women and girls	5.c	Adopt and strengthen sound policies and enforceable legislation for the promotion of gender equality and the empowerment of all women and girls at all levels	C050c01	5.c.1	II	UN Women, OECD, UNDP	Proportion of countries with systems to track and make public allocations for gender equality and women’s empowerment	2019.Q4.G.01	['laws and regulations', 'advancement of women', 'gender equality', 'women']	SG_GEN_EQPWN	Proportion of countries with systems to track and make public allocations for gender equality and women's empowerment (%)	738	Sub-Saharan Africa (inc. Sudan)	1			Group						[2018]	2018	2018	1	PT	Percentage	G	Global	11.0	11.0			Based on data available for 27 countries	Data are derived from country reporting on 13 binary questions on questionnaire, collected through the Global Partneship for Effective Development Cooperation		G: Global monitoring data
5	Goal 5	Achieve gender equality and empower all women and girls	5.c	Adopt and strengthen sound policies and enforceable legislation for the promotion of gender equality and the empowerment of all women and girls at all levels	C050c01	5.c.1	II	UN Women, OECD, UNDP	Proportion of countries with systems to track and make public allocations for gender equality and women’s empowerment	2019.Q4.G.01	['laws and regulations', 'advancement of women', 'gender equality', 'women']	SG_GEN_EQPWN	Proportion of countries with systems to track and make public allocations for gender equality and women's empowerment (%)	753	Eastern and South-Eastern Asia	2	1	World	Region						[2018]	2018	2018	1	PT	Percentage	G	Global	33.0	33.0			Based on available data for 6 countries	Data are derived from country reporting on 13 binary questions on questionnaire, collected through the Global Partneship for Effective Development Cooperation		G: Global monitoring data
5	Goal 5	Achieve gender equality and empower all women and girls	5.c	Adopt and strengthen sound policies and enforceable legislation for the promotion of gender equality and the empowerment of all women and girls at all levels	C050c01	5.c.1	II	UN Women, OECD, UNDP	Proportion of countries with systems to track and make public allocations for gender equality and women’s empowerment	2019.Q4.G.01	['laws and regulations', 'advancement of women', 'gender equality', 'women']	SG_GEN_EQPWN	Proportion of countries with systems to track and make public allocations for gender equality and women's empowerment (%)	768	Togo	5	11	Western Africa	Country	0.97835765	8.532096072	TGO	1	1	[2018]	2018	2018	1	PT	Percentage	G	Global	1.0	1.0			"The numerical value 1 represents ""Approaches requirement"", 0 for ""Does not meet requirement"" and 2 for ""Fully meets requirement""."	Data are derived from country reporting on 13 binary questions on questionnaire, collected through the Global Partneship for Effective Development Cooperation		G: Global monitoring data
5	Goal 5	Achieve gender equality and empower all women and girls	5.c	Adopt and strengthen sound policies and enforceable legislation for the promotion of gender equality and the empowerment of all women and girls at all levels	C050c01	5.c.1	II	UN Women, OECD, UNDP	Proportion of countries with systems to track and make public allocations for gender equality and women’s empowerment	2019.Q4.G.01	['laws and regulations', 'advancement of women', 'gender equality', 'women']	SG_GEN_EQPWN	Proportion of countries with systems to track and make public allocations for gender equality and women's empowerment (%)	772	Tokelau	4	61	Polynesia	Country	-171.8154473	-9.214545558	TKL	0	1	[2018]	2018	2018	1	PT	Percentage	G	Global	0.0	0.0			"The numerical value 1 represents ""Approaches requirement"", 0 for ""Does not meet requirement"" and 2 for ""Fully meets requirement""."	Data are derived from country reporting on 13 binary questions on questionnaire, collected through the Global Partneship for Effective Development Cooperation		G: Global monitoring data
5	Goal 5	Achieve gender equality and empower all women and girls	5.c	Adopt and strengthen sound policies and enforceable legislation for the promotion of gender equality and the empowerment of all women and girls at all levels	C050c01	5.c.1	II	UN Women, OECD, UNDP	Proportion of countries with systems to track and make public allocations for gender equality and women’s empowerment	2019.Q4.G.01	['laws and regulations', 'advancement of women', 'gender equality', 'women']	SG_GEN_EQPWN	Proportion of countries with systems to track and make public allocations for gender equality and women's empowerment (%)	780	Trinidad and Tobago	5	29	Caribbean	Country	-61.29389504	10.41877263	TTO	1	1	[2018]	2018	2018	1	PT	Percentage	G	Global	1.0	1.0			"The numerical value 1 represents ""Approaches requirement"", 0 for ""Does not meet requirement"" and 2 for ""Fully meets requirement""."	Data are derived from country reporting on 13 binary questions on questionnaire, collected through the Global Partneship for Effective Development Cooperation		G: Global monitoring data
5	Goal 5	Achieve gender equality and empower all women and girls	5.c	Adopt and strengthen sound policies and enforceable legislation for the promotion of gender equality and the empowerment of all women and girls at all levels	C050c01	5.c.1	II	UN Women, OECD, UNDP	Proportion of countries with systems to track and make public allocations for gender equality and women’s empowerment	2019.Q4.G.01	['laws and regulations', 'advancement of women', 'gender equality', 'women']	SG_GEN_EQPWN	Proportion of countries with systems to track and make public allocations for gender equality and women's empowerment (%)	8	Albania	4	39	Southern Europe	Country	20.06660928	41.13897007	ALB	1	1	[2018]	2018	2018	1	PT	Percentage	G	Global	1.0	1.0			"The numerical value 1 represents ""Approaches requirement"", 0 for ""Does not meet requirement"" and 2 for ""Fully meets requirement""."	Data are derived from country reporting on 13 binary questions on questionnaire, collected through the Global Partneship for Effective Development Cooperation		G: Global monitoring data
5	Goal 5	Achieve gender equality and empower all women and girls	5.c	Adopt and strengthen sound policies and enforceable legislation for the promotion of gender equality and the empowerment of all women and girls at all levels	C050c01	5.c.1	II	UN Women, OECD, UNDP	Proportion of countries with systems to track and make public allocations for gender equality and women’s empowerment	2019.Q4.G.01	['laws and regulations', 'advancement of women', 'gender equality', 'women']	SG_GEN_EQPWN	Proportion of countries with systems to track and make public allocations for gender equality and women's empowerment (%)	800	Uganda	5	14	Eastern Africa	Country	32.39100438	1.279557331	UGA	1	1	[2018]	2018	2018	1	PT	Percentage	G	Global	1.0	1.0			"The numerical value 1 represents ""Approaches requirement"", 0 for ""Does not meet requirement"" and 2 for ""Fully meets requirement""."	Data are derived from country reporting on 13 binary questions on questionnaire, collected through the Global Partneship for Effective Development Cooperation		G: Global monitoring data
5	Goal 5	Achieve gender equality and empower all women and girls	5.c	Adopt and strengthen sound policies and enforceable legislation for the promotion of gender equality and the empowerment of all women and girls at all levels	C050c01	5.c.1	II	UN Women, OECD, UNDP	Proportion of countries with systems to track and make public allocations for gender equality and women’s empowerment	2019.Q4.G.01	['laws and regulations', 'advancement of women', 'gender equality', 'women']	SG_GEN_EQPWN	Proportion of countries with systems to track and make public allocations for gender equality and women's empowerment (%)	818	Egypt	4	15	Northern Africa	Country	29.77468534	26.57438204	EGY	1	1	[2018]	2018	2018	1	PT	Percentage	G	Global	2.0	2.0			"The numerical value 1 represents ""Approaches requirement"", 0 for ""Does not meet requirement"" and 2 for ""Fully meets requirement""."	Data are derived from country reporting on 13 binary questions on questionnaire, collected through the Global Partneship for Effective Development Cooperation		G: Global monitoring data
5	Goal 5	Achieve gender equality and empower all women and girls	5.c	Adopt and strengthen sound policies and enforceable legislation for the promotion of gender equality and the empowerment of all women and girls at all levels	C050c01	5.c.1	II	UN Women, OECD, UNDP	Proportion of countries with systems to track and make public allocations for gender equality and women’s empowerment	2019.Q4.G.01	['laws and regulations', 'advancement of women', 'gender equality', 'women']	SG_GEN_EQPWN	Proportion of countries with systems to track and make public allocations for gender equality and women's empowerment (%)	834	United Republic of Tanzania	5	14	Eastern Africa	Country	34.80521182	-6.265332606	TZA	1	1	[2018]	2018	2018	1	PT	Percentage	G	Global	0.0	0.0			"The numerical value 1 represents ""Approaches requirement"", 0 for ""Does not meet requirement"" and 2 for ""Fully meets requirement""."	Data are derived from country reporting on 13 binary questions on questionnaire, collected through the Global Partneship for Effective Development Cooperation		G: Global monitoring data
5	Goal 5	Achieve gender equality and empower all women and girls	5.c	Adopt and strengthen sound policies and enforceable legislation for the promotion of gender equality and the empowerment of all women and girls at all levels	C050c01	5.c.1	II	UN Women, OECD, UNDP	Proportion of countries with systems to track and make public allocations for gender equality and women’s empowerment	2019.Q4.G.01	['laws and regulations', 'advancement of women', 'gender equality', 'women']	SG_GEN_EQPWN	Proportion of countries with systems to track and make public allocations for gender equality and women's empowerment (%)	854	Burkina Faso	5	11	Western Africa	Country	-1.742843829	12.27491081	BFA	1	1	[2018]	2018	2018	1	PT	Percentage	G	Global	2.0	2.0			"The numerical value 1 represents ""Approaches requirement"", 0 for ""Does not meet requirement"" and 2 for ""Fully meets requirement""."	Data are derived from country reporting on 13 binary questions on questionnaire, collected through the Global Partneship for Effective Development Cooperation		G: Global monitoring data
5	Goal 5	Achieve gender equality and empower all women and girls	5.c	Adopt and strengthen sound policies and enforceable legislation for the promotion of gender equality and the empowerment of all women and girls at all levels	C050c01	5.c.1	II	UN Women, OECD, UNDP	Proportion of countries with systems to track and make public allocations for gender equality and women’s empowerment	2019.Q4.G.01	['laws and regulations', 'advancement of women', 'gender equality', 'women']	SG_GEN_EQPWN	Proportion of countries with systems to track and make public allocations for gender equality and women's empowerment (%)	882	Samoa	4	61	Polynesia	Country	-172.4430749	-13.61541469	WSM	1	1	[2018]	2018	2018	1	PT	Percentage	G	Global	1.0	1.0			"The numerical value 1 represents ""Approaches requirement"", 0 for ""Does not meet requirement"" and 2 for ""Fully meets requirement""."	Data are derived from country reporting on 13 binary questions on questionnaire, collected through the Global Partneship for Effective Development Cooperation		G: Global monitoring data
5	Goal 5	Achieve gender equality and empower all women and girls	5.c	Adopt and strengthen sound policies and enforceable legislation for the promotion of gender equality and the empowerment of all women and girls at all levels	C050c01	5.c.1	II	UN Women, OECD, UNDP	Proportion of countries with systems to track and make public allocations for gender equality and women’s empowerment	2019.Q4.G.01	['laws and regulations', 'advancement of women', 'gender equality', 'women']	SG_GEN_EQPWN	Proportion of countries with systems to track and make public allocations for gender equality and women's empowerment (%)	887	Yemen	4	145	Western Asia	Country	45.22389143	15.22242099	YEM	1	1	[2018]	2018	2018	1	PT	Percentage	G	Global	1.0	1.0			"The numerical value 1 represents ""Approaches requirement"", 0 for ""Does not meet requirement"" and 2 for ""Fully meets requirement""."	Data are derived from country reporting on 13 binary questions on questionnaire, collected through the Global Partneship for Effective Development Cooperation		G: Global monitoring data
5	Goal 5	Achieve gender equality and empower all women and girls	5.c	Adopt and strengthen sound policies and enforceable legislation for the promotion of gender equality and the empowerment of all women and girls at all levels	C050c01	5.c.1	II	UN Women, OECD, UNDP	Proportion of countries with systems to track and make public allocations for gender equality and women’s empowerment	2019.Q4.G.01	['laws and regulations', 'advancement of women', 'gender equality', 'women']	SG_GEN_EQPWN	Proportion of countries with systems to track and make public allocations for gender equality and women's empowerment (%)	90	Solomon Islands	4	54	Melanesia	Country	160.1584117	-9.622391719	SLB	1	1	[2018]	2018	2018	1	PT	Percentage	G	Global	2.0	2.0			"The numerical value 1 represents ""Approaches requirement"", 0 for ""Does not meet requirement"" and 2 for ""Fully meets requirement""."	Data are derived from country reporting on 13 binary questions on questionnaire, collected through the Global Partneship for Effective Development Cooperation		G: Global monitoring data
