goal_code,goal_labelEN,goal_descEN,target_code,target_descEN,indicator_code,indicator_reference,indicator_tier,indicator_custodians,indicator_descEN,series_release,series_tags,series,seriesDescription,geoAreaCode,geoAreaName,level,parentCode,parentName,type,X,Y,ISO3,UN_Member,Country_Profile,typeOfSkill_code,typeOfSkill_desc,years,min_year,max_year,n_years,unitsCode,unitsDesc,reportingTypeCode,reportingTypeDesc,value_2012,value_2015,latest_value,basePeriod,valueDetails,footnotes,sources,timeDetails,nature
4,Goal 4,Ensure inclusive and equitable quality education and promote lifelong learning opportunities for all,4.5,"By 2030, eliminate gender disparities in education and ensure equal access to all levels of education and vocational training for the vulnerable, including persons with disabilities, indigenous peoples and children in vulnerable situations",C040501,4.5.1,I/II/III,UNESCO-UIS,"Parity indices (female/male, rural/urban, bottom/top wealth quintile and others such as disability status, indigenous peoples and conflict-affected, as data become available) for all education indicators on this list that can be disaggregated",2019.Q4.G.01,"['education', 'migrants']",SE_IMP_FPOF,"Immigration status parity index for achieving at least a fixed level of proficiency in functional skills, by numeracy/literacy skills (ratio)",124,Canada,4,21,Northern America,Country,-101.6575058,57.72360191,CAN,1,1,SKILL_LTRCY,Literacy,[2012],2012,2012,1,RO,Ratio,G,Global,0.83656,,0.83656,,,,Programme for the International Assessment of Adult Competencies (PIAAC),,C: Country data
4,Goal 4,Ensure inclusive and equitable quality education and promote lifelong learning opportunities for all,4.5,"By 2030, eliminate gender disparities in education and ensure equal access to all levels of education and vocational training for the vulnerable, including persons with disabilities, indigenous peoples and children in vulnerable situations",C040501,4.5.1,I/II/III,UNESCO-UIS,"Parity indices (female/male, rural/urban, bottom/top wealth quintile and others such as disability status, indigenous peoples and conflict-affected, as data become available) for all education indicators on this list that can be disaggregated",2019.Q4.G.01,"['education', 'migrants']",SE_IMP_FPOF,"Immigration status parity index for achieving at least a fixed level of proficiency in functional skills, by numeracy/literacy skills (ratio)",124,Canada,4,21,Northern America,Country,-101.6575058,57.72360191,CAN,1,1,SKILL_NMRCY,Numeracy,[2012],2012,2012,1,RO,Ratio,G,Global,0.82447,,0.82447,,,,Programme for the International Assessment of Adult Competencies (PIAAC),,C: Country data
4,Goal 4,Ensure inclusive and equitable quality education and promote lifelong learning opportunities for all,4.5,"By 2030, eliminate gender disparities in education and ensure equal access to all levels of education and vocational training for the vulnerable, including persons with disabilities, indigenous peoples and children in vulnerable situations",C040501,4.5.1,I/II/III,UNESCO-UIS,"Parity indices (female/male, rural/urban, bottom/top wealth quintile and others such as disability status, indigenous peoples and conflict-affected, as data become available) for all education indicators on this list that can be disaggregated",2019.Q4.G.01,"['education', 'migrants']",SE_IMP_FPOF,"Immigration status parity index for achieving at least a fixed level of proficiency in functional skills, by numeracy/literacy skills (ratio)",152,Chile,5,5,South America,Country,-71.23029019,-35.2652885,CHL,1,1,SKILL_LTRCY,Literacy,[2015],2015,2015,1,RO,Ratio,G,Global,,1.07227,1.07227,,,,Programme for the International Assessment of Adult Competencies (PIAAC),,C: Country data
4,Goal 4,Ensure inclusive and equitable quality education and promote lifelong learning opportunities for all,4.5,"By 2030, eliminate gender disparities in education and ensure equal access to all levels of education and vocational training for the vulnerable, including persons with disabilities, indigenous peoples and children in vulnerable situations",C040501,4.5.1,I/II/III,UNESCO-UIS,"Parity indices (female/male, rural/urban, bottom/top wealth quintile and others such as disability status, indigenous peoples and conflict-affected, as data become available) for all education indicators on this list that can be disaggregated",2019.Q4.G.01,"['education', 'migrants']",SE_IMP_FPOF,"Immigration status parity index for achieving at least a fixed level of proficiency in functional skills, by numeracy/literacy skills (ratio)",152,Chile,5,5,South America,Country,-71.23029019,-35.2652885,CHL,1,1,SKILL_NMRCY,Numeracy,[2015],2015,2015,1,RO,Ratio,G,Global,,1.17131,1.17131,,,,Programme for the International Assessment of Adult Competencies (PIAAC),,C: Country data
4,Goal 4,Ensure inclusive and equitable quality education and promote lifelong learning opportunities for all,4.5,"By 2030, eliminate gender disparities in education and ensure equal access to all levels of education and vocational training for the vulnerable, including persons with disabilities, indigenous peoples and children in vulnerable situations",C040501,4.5.1,I/II/III,UNESCO-UIS,"Parity indices (female/male, rural/urban, bottom/top wealth quintile and others such as disability status, indigenous peoples and conflict-affected, as data become available) for all education indicators on this list that can be disaggregated",2019.Q4.G.01,"['education', 'migrants']",SE_IMP_FPOF,"Immigration status parity index for achieving at least a fixed level of proficiency in functional skills, by numeracy/literacy skills (ratio)",196,Cyprus,4,145,Western Asia,Country,33.22285964,35.05659437,CYP,1,1,SKILL_LTRCY,Literacy,[2012],2012,2012,1,RO,Ratio,G,Global,0.9027,,0.9027,,,,Programme for the International Assessment of Adult Competencies (PIAAC),,C: Country data
4,Goal 4,Ensure inclusive and equitable quality education and promote lifelong learning opportunities for all,4.5,"By 2030, eliminate gender disparities in education and ensure equal access to all levels of education and vocational training for the vulnerable, including persons with disabilities, indigenous peoples and children in vulnerable situations",C040501,4.5.1,I/II/III,UNESCO-UIS,"Parity indices (female/male, rural/urban, bottom/top wealth quintile and others such as disability status, indigenous peoples and conflict-affected, as data become available) for all education indicators on this list that can be disaggregated",2019.Q4.G.01,"['education', 'migrants']",SE_IMP_FPOF,"Immigration status parity index for achieving at least a fixed level of proficiency in functional skills, by numeracy/literacy skills (ratio)",196,Cyprus,4,145,Western Asia,Country,33.22285964,35.05659437,CYP,1,1,SKILL_NMRCY,Numeracy,[2012],2012,2012,1,RO,Ratio,G,Global,0.96282,,0.96282,,,,Programme for the International Assessment of Adult Competencies (PIAAC),,C: Country data
4,Goal 4,Ensure inclusive and equitable quality education and promote lifelong learning opportunities for all,4.5,"By 2030, eliminate gender disparities in education and ensure equal access to all levels of education and vocational training for the vulnerable, including persons with disabilities, indigenous peoples and children in vulnerable situations",C040501,4.5.1,I/II/III,UNESCO-UIS,"Parity indices (female/male, rural/urban, bottom/top wealth quintile and others such as disability status, indigenous peoples and conflict-affected, as data become available) for all education indicators on this list that can be disaggregated",2019.Q4.G.01,"['education', 'migrants']",SE_IMP_FPOF,"Immigration status parity index for achieving at least a fixed level of proficiency in functional skills, by numeracy/literacy skills (ratio)",203,Czechia,4,151,Eastern Europe,Country,15.33151382,49.73913871,CZE,1,1,SKILL_NMRCY,Numeracy,[2012],2012,2012,1,RO,Ratio,G,Global,0.89655,,0.89655,,,,Programme for the International Assessment of Adult Competencies (PIAAC),,C: Country data
4,Goal 4,Ensure inclusive and equitable quality education and promote lifelong learning opportunities for all,4.5,"By 2030, eliminate gender disparities in education and ensure equal access to all levels of education and vocational training for the vulnerable, including persons with disabilities, indigenous peoples and children in vulnerable situations",C040501,4.5.1,I/II/III,UNESCO-UIS,"Parity indices (female/male, rural/urban, bottom/top wealth quintile and others such as disability status, indigenous peoples and conflict-affected, as data become available) for all education indicators on this list that can be disaggregated",2019.Q4.G.01,"['education', 'migrants']",SE_IMP_FPOF,"Immigration status parity index for achieving at least a fixed level of proficiency in functional skills, by numeracy/literacy skills (ratio)",203,Czechia,4,151,Eastern Europe,Country,15.33151382,49.73913871,CZE,1,1,SKILL_LTRCY,Literacy,[2012],2012,2012,1,RO,Ratio,G,Global,0.93911,,0.93911,,,,Programme for the International Assessment of Adult Competencies (PIAAC),,C: Country data
4,Goal 4,Ensure inclusive and equitable quality education and promote lifelong learning opportunities for all,4.5,"By 2030, eliminate gender disparities in education and ensure equal access to all levels of education and vocational training for the vulnerable, including persons with disabilities, indigenous peoples and children in vulnerable situations",C040501,4.5.1,I/II/III,UNESCO-UIS,"Parity indices (female/male, rural/urban, bottom/top wealth quintile and others such as disability status, indigenous peoples and conflict-affected, as data become available) for all education indicators on this list that can be disaggregated",2019.Q4.G.01,"['education', 'migrants']",SE_IMP_FPOF,"Immigration status parity index for achieving at least a fixed level of proficiency in functional skills, by numeracy/literacy skills (ratio)",208,Denmark,4,154,Northern Europe,Country,9.326571283,56.03829721,DNK,1,1,SKILL_NMRCY,Numeracy,[2012],2012,2012,1,RO,Ratio,G,Global,0.73527,,0.73527,,,,Programme for the International Assessment of Adult Competencies (PIAAC),,C: Country data
4,Goal 4,Ensure inclusive and equitable quality education and promote lifelong learning opportunities for all,4.5,"By 2030, eliminate gender disparities in education and ensure equal access to all levels of education and vocational training for the vulnerable, including persons with disabilities, indigenous peoples and children in vulnerable situations",C040501,4.5.1,I/II/III,UNESCO-UIS,"Parity indices (female/male, rural/urban, bottom/top wealth quintile and others such as disability status, indigenous peoples and conflict-affected, as data become available) for all education indicators on this list that can be disaggregated",2019.Q4.G.01,"['education', 'migrants']",SE_IMP_FPOF,"Immigration status parity index for achieving at least a fixed level of proficiency in functional skills, by numeracy/literacy skills (ratio)",208,Denmark,4,154,Northern Europe,Country,9.326571283,56.03829721,DNK,1,1,SKILL_LTRCY,Literacy,[2012],2012,2012,1,RO,Ratio,G,Global,0.70278,,0.70278,,,,Programme for the International Assessment of Adult Competencies (PIAAC),,C: Country data
4,Goal 4,Ensure inclusive and equitable quality education and promote lifelong learning opportunities for all,4.5,"By 2030, eliminate gender disparities in education and ensure equal access to all levels of education and vocational training for the vulnerable, including persons with disabilities, indigenous peoples and children in vulnerable situations",C040501,4.5.1,I/II/III,UNESCO-UIS,"Parity indices (female/male, rural/urban, bottom/top wealth quintile and others such as disability status, indigenous peoples and conflict-affected, as data become available) for all education indicators on this list that can be disaggregated",2019.Q4.G.01,"['education', 'migrants']",SE_IMP_FPOF,"Immigration status parity index for achieving at least a fixed level of proficiency in functional skills, by numeracy/literacy skills (ratio)",233,Estonia,4,154,Northern Europe,Country,25.84093481,58.68487172,EST,1,1,SKILL_LTRCY,Literacy,[2012],2012,2012,1,RO,Ratio,G,Global,0.8655,,0.8655,,,,Programme for the International Assessment of Adult Competencies (PIAAC),,C: Country data
4,Goal 4,Ensure inclusive and equitable quality education and promote lifelong learning opportunities for all,4.5,"By 2030, eliminate gender disparities in education and ensure equal access to all levels of education and vocational training for the vulnerable, including persons with disabilities, indigenous peoples and children in vulnerable situations",C040501,4.5.1,I/II/III,UNESCO-UIS,"Parity indices (female/male, rural/urban, bottom/top wealth quintile and others such as disability status, indigenous peoples and conflict-affected, as data become available) for all education indicators on this list that can be disaggregated",2019.Q4.G.01,"['education', 'migrants']",SE_IMP_FPOF,"Immigration status parity index for achieving at least a fixed level of proficiency in functional skills, by numeracy/literacy skills (ratio)",233,Estonia,4,154,Northern Europe,Country,25.84093481,58.68487172,EST,1,1,SKILL_NMRCY,Numeracy,[2012],2012,2012,1,RO,Ratio,G,Global,0.9087,,0.9087,,,,Programme for the International Assessment of Adult Competencies (PIAAC),,C: Country data
4,Goal 4,Ensure inclusive and equitable quality education and promote lifelong learning opportunities for all,4.5,"By 2030, eliminate gender disparities in education and ensure equal access to all levels of education and vocational training for the vulnerable, including persons with disabilities, indigenous peoples and children in vulnerable situations",C040501,4.5.1,I/II/III,UNESCO-UIS,"Parity indices (female/male, rural/urban, bottom/top wealth quintile and others such as disability status, indigenous peoples and conflict-affected, as data become available) for all education indicators on this list that can be disaggregated",2019.Q4.G.01,"['education', 'migrants']",SE_IMP_FPOF,"Immigration status parity index for achieving at least a fixed level of proficiency in functional skills, by numeracy/literacy skills (ratio)",246,Finland,4,154,Northern Europe,Country,23.308447,61.91586738,FIN,1,1,SKILL_NMRCY,Numeracy,[2012],2012,2012,1,RO,Ratio,G,Global,0.67272,,0.67272,,,,Programme for the International Assessment of Adult Competencies (PIAAC),,C: Country data
4,Goal 4,Ensure inclusive and equitable quality education and promote lifelong learning opportunities for all,4.5,"By 2030, eliminate gender disparities in education and ensure equal access to all levels of education and vocational training for the vulnerable, including persons with disabilities, indigenous peoples and children in vulnerable situations",C040501,4.5.1,I/II/III,UNESCO-UIS,"Parity indices (female/male, rural/urban, bottom/top wealth quintile and others such as disability status, indigenous peoples and conflict-affected, as data become available) for all education indicators on this list that can be disaggregated",2019.Q4.G.01,"['education', 'migrants']",SE_IMP_FPOF,"Immigration status parity index for achieving at least a fixed level of proficiency in functional skills, by numeracy/literacy skills (ratio)",246,Finland,4,154,Northern Europe,Country,23.308447,61.91586738,FIN,1,1,SKILL_LTRCY,Literacy,[2012],2012,2012,1,RO,Ratio,G,Global,0.68468,,0.68468,,,,Programme for the International Assessment of Adult Competencies (PIAAC),,C: Country data
4,Goal 4,Ensure inclusive and equitable quality education and promote lifelong learning opportunities for all,4.5,"By 2030, eliminate gender disparities in education and ensure equal access to all levels of education and vocational training for the vulnerable, including persons with disabilities, indigenous peoples and children in vulnerable situations",C040501,4.5.1,I/II/III,UNESCO-UIS,"Parity indices (female/male, rural/urban, bottom/top wealth quintile and others such as disability status, indigenous peoples and conflict-affected, as data become available) for all education indicators on this list that can be disaggregated",2019.Q4.G.01,"['education', 'migrants']",SE_IMP_FPOF,"Immigration status parity index for achieving at least a fixed level of proficiency in functional skills, by numeracy/literacy skills (ratio)",250,France,4,155,Western Europe,Country,2.457288129,46.62660861,FRA,1,1,SKILL_LTRCY,Literacy,[2012],2012,2012,1,RO,Ratio,G,Global,0.68977,,0.68977,,,,Programme for the International Assessment of Adult Competencies (PIAAC),,C: Country data
4,Goal 4,Ensure inclusive and equitable quality education and promote lifelong learning opportunities for all,4.5,"By 2030, eliminate gender disparities in education and ensure equal access to all levels of education and vocational training for the vulnerable, including persons with disabilities, indigenous peoples and children in vulnerable situations",C040501,4.5.1,I/II/III,UNESCO-UIS,"Parity indices (female/male, rural/urban, bottom/top wealth quintile and others such as disability status, indigenous peoples and conflict-affected, as data become available) for all education indicators on this list that can be disaggregated",2019.Q4.G.01,"['education', 'migrants']",SE_IMP_FPOF,"Immigration status parity index for achieving at least a fixed level of proficiency in functional skills, by numeracy/literacy skills (ratio)",250,France,4,155,Western Europe,Country,2.457288129,46.62660861,FRA,1,1,SKILL_NMRCY,Numeracy,[2012],2012,2012,1,RO,Ratio,G,Global,0.62016,,0.62016,,,,Programme for the International Assessment of Adult Competencies (PIAAC),,C: Country data
4,Goal 4,Ensure inclusive and equitable quality education and promote lifelong learning opportunities for all,4.5,"By 2030, eliminate gender disparities in education and ensure equal access to all levels of education and vocational training for the vulnerable, including persons with disabilities, indigenous peoples and children in vulnerable situations",C040501,4.5.1,I/II/III,UNESCO-UIS,"Parity indices (female/male, rural/urban, bottom/top wealth quintile and others such as disability status, indigenous peoples and conflict-affected, as data become available) for all education indicators on this list that can be disaggregated",2019.Q4.G.01,"['education', 'migrants']",SE_IMP_FPOF,"Immigration status parity index for achieving at least a fixed level of proficiency in functional skills, by numeracy/literacy skills (ratio)",276,Germany,4,155,Western Europe,Country,10.3806066,51.08862743,DEU,1,1,SKILL_LTRCY,Literacy,[2012],2012,2012,1,RO,Ratio,G,Global,0.71627,,0.71627,,,,Programme for the International Assessment of Adult Competencies (PIAAC),,C: Country data
4,Goal 4,Ensure inclusive and equitable quality education and promote lifelong learning opportunities for all,4.5,"By 2030, eliminate gender disparities in education and ensure equal access to all levels of education and vocational training for the vulnerable, including persons with disabilities, indigenous peoples and children in vulnerable situations",C040501,4.5.1,I/II/III,UNESCO-UIS,"Parity indices (female/male, rural/urban, bottom/top wealth quintile and others such as disability status, indigenous peoples and conflict-affected, as data become available) for all education indicators on this list that can be disaggregated",2019.Q4.G.01,"['education', 'migrants']",SE_IMP_FPOF,"Immigration status parity index for achieving at least a fixed level of proficiency in functional skills, by numeracy/literacy skills (ratio)",276,Germany,4,155,Western Europe,Country,10.3806066,51.08862743,DEU,1,1,SKILL_NMRCY,Numeracy,[2012],2012,2012,1,RO,Ratio,G,Global,0.70824,,0.70824,,,,Programme for the International Assessment of Adult Competencies (PIAAC),,C: Country data
4,Goal 4,Ensure inclusive and equitable quality education and promote lifelong learning opportunities for all,4.5,"By 2030, eliminate gender disparities in education and ensure equal access to all levels of education and vocational training for the vulnerable, including persons with disabilities, indigenous peoples and children in vulnerable situations",C040501,4.5.1,I/II/III,UNESCO-UIS,"Parity indices (female/male, rural/urban, bottom/top wealth quintile and others such as disability status, indigenous peoples and conflict-affected, as data become available) for all education indicators on this list that can be disaggregated",2019.Q4.G.01,"['education', 'migrants']",SE_IMP_FPOF,"Immigration status parity index for achieving at least a fixed level of proficiency in functional skills, by numeracy/literacy skills (ratio)",300,Greece,4,39,Southern Europe,Country,22.58307827,39.47301873,GRC,1,1,SKILL_NMRCY,Numeracy,[2015],2015,2015,1,RO,Ratio,G,Global,,0.97385,0.97385,,,,Programme for the International Assessment of Adult Competencies (PIAAC),,C: Country data
4,Goal 4,Ensure inclusive and equitable quality education and promote lifelong learning opportunities for all,4.5,"By 2030, eliminate gender disparities in education and ensure equal access to all levels of education and vocational training for the vulnerable, including persons with disabilities, indigenous peoples and children in vulnerable situations",C040501,4.5.1,I/II/III,UNESCO-UIS,"Parity indices (female/male, rural/urban, bottom/top wealth quintile and others such as disability status, indigenous peoples and conflict-affected, as data become available) for all education indicators on this list that can be disaggregated",2019.Q4.G.01,"['education', 'migrants']",SE_IMP_FPOF,"Immigration status parity index for achieving at least a fixed level of proficiency in functional skills, by numeracy/literacy skills (ratio)",300,Greece,4,39,Southern Europe,Country,22.58307827,39.47301873,GRC,1,1,SKILL_LTRCY,Literacy,[2015],2015,2015,1,RO,Ratio,G,Global,,0.93667,0.93667,,,,Programme for the International Assessment of Adult Competencies (PIAAC),,C: Country data
4,Goal 4,Ensure inclusive and equitable quality education and promote lifelong learning opportunities for all,4.5,"By 2030, eliminate gender disparities in education and ensure equal access to all levels of education and vocational training for the vulnerable, including persons with disabilities, indigenous peoples and children in vulnerable situations",C040501,4.5.1,I/II/III,UNESCO-UIS,"Parity indices (female/male, rural/urban, bottom/top wealth quintile and others such as disability status, indigenous peoples and conflict-affected, as data become available) for all education indicators on this list that can be disaggregated",2019.Q4.G.01,"['education', 'migrants']",SE_IMP_FPOF,"Immigration status parity index for achieving at least a fixed level of proficiency in functional skills, by numeracy/literacy skills (ratio)",36,Australia,4,53,Australia and New Zealand,Country,134.3499412,-25.57717202,AUS,1,1,SKILL_NMRCY,Numeracy,[2012],2012,2012,1,RO,Ratio,G,Global,0.90779,,0.90779,,,,Programme for the International Assessment of Adult Competencies (PIAAC),,C: Country data
4,Goal 4,Ensure inclusive and equitable quality education and promote lifelong learning opportunities for all,4.5,"By 2030, eliminate gender disparities in education and ensure equal access to all levels of education and vocational training for the vulnerable, including persons with disabilities, indigenous peoples and children in vulnerable situations",C040501,4.5.1,I/II/III,UNESCO-UIS,"Parity indices (female/male, rural/urban, bottom/top wealth quintile and others such as disability status, indigenous peoples and conflict-affected, as data become available) for all education indicators on this list that can be disaggregated",2019.Q4.G.01,"['education', 'migrants']",SE_IMP_FPOF,"Immigration status parity index for achieving at least a fixed level of proficiency in functional skills, by numeracy/literacy skills (ratio)",36,Australia,4,53,Australia and New Zealand,Country,134.3499412,-25.57717202,AUS,1,1,SKILL_LTRCY,Literacy,[2012],2012,2012,1,RO,Ratio,G,Global,0.91051,,0.91051,,,,Programme for the International Assessment of Adult Competencies (PIAAC),,C: Country data
4,Goal 4,Ensure inclusive and equitable quality education and promote lifelong learning opportunities for all,4.5,"By 2030, eliminate gender disparities in education and ensure equal access to all levels of education and vocational training for the vulnerable, including persons with disabilities, indigenous peoples and children in vulnerable situations",C040501,4.5.1,I/II/III,UNESCO-UIS,"Parity indices (female/male, rural/urban, bottom/top wealth quintile and others such as disability status, indigenous peoples and conflict-affected, as data become available) for all education indicators on this list that can be disaggregated",2019.Q4.G.01,"['education', 'migrants']",SE_IMP_FPOF,"Immigration status parity index for achieving at least a fixed level of proficiency in functional skills, by numeracy/literacy skills (ratio)",372,Ireland,4,154,Northern Europe,Country,-7.121425272,53.25274054,IRL,1,1,SKILL_LTRCY,Literacy,[2012],2012,2012,1,RO,Ratio,G,Global,0.97201,,0.97201,,,,Programme for the International Assessment of Adult Competencies (PIAAC),,C: Country data
4,Goal 4,Ensure inclusive and equitable quality education and promote lifelong learning opportunities for all,4.5,"By 2030, eliminate gender disparities in education and ensure equal access to all levels of education and vocational training for the vulnerable, including persons with disabilities, indigenous peoples and children in vulnerable situations",C040501,4.5.1,I/II/III,UNESCO-UIS,"Parity indices (female/male, rural/urban, bottom/top wealth quintile and others such as disability status, indigenous peoples and conflict-affected, as data become available) for all education indicators on this list that can be disaggregated",2019.Q4.G.01,"['education', 'migrants']",SE_IMP_FPOF,"Immigration status parity index for achieving at least a fixed level of proficiency in functional skills, by numeracy/literacy skills (ratio)",372,Ireland,4,154,Northern Europe,Country,-7.121425272,53.25274054,IRL,1,1,SKILL_NMRCY,Numeracy,[2012],2012,2012,1,RO,Ratio,G,Global,1.03248,,1.03248,,,,Programme for the International Assessment of Adult Competencies (PIAAC),,C: Country data
4,Goal 4,Ensure inclusive and equitable quality education and promote lifelong learning opportunities for all,4.5,"By 2030, eliminate gender disparities in education and ensure equal access to all levels of education and vocational training for the vulnerable, including persons with disabilities, indigenous peoples and children in vulnerable situations",C040501,4.5.1,I/II/III,UNESCO-UIS,"Parity indices (female/male, rural/urban, bottom/top wealth quintile and others such as disability status, indigenous peoples and conflict-affected, as data become available) for all education indicators on this list that can be disaggregated",2019.Q4.G.01,"['education', 'migrants']",SE_IMP_FPOF,"Immigration status parity index for achieving at least a fixed level of proficiency in functional skills, by numeracy/literacy skills (ratio)",376,Israel,4,145,Western Asia,Country,34.62277992,31.06164552,ISR,1,1,SKILL_NMRCY,Numeracy,[2015],2015,2015,1,RO,Ratio,G,Global,,0.90924,0.90924,,,,Programme for the International Assessment of Adult Competencies (PIAAC),,C: Country data
4,Goal 4,Ensure inclusive and equitable quality education and promote lifelong learning opportunities for all,4.5,"By 2030, eliminate gender disparities in education and ensure equal access to all levels of education and vocational training for the vulnerable, including persons with disabilities, indigenous peoples and children in vulnerable situations",C040501,4.5.1,I/II/III,UNESCO-UIS,"Parity indices (female/male, rural/urban, bottom/top wealth quintile and others such as disability status, indigenous peoples and conflict-affected, as data become available) for all education indicators on this list that can be disaggregated",2019.Q4.G.01,"['education', 'migrants']",SE_IMP_FPOF,"Immigration status parity index for achieving at least a fixed level of proficiency in functional skills, by numeracy/literacy skills (ratio)",376,Israel,4,145,Western Asia,Country,34.62277992,31.06164552,ISR,1,1,SKILL_LTRCY,Literacy,[2015],2015,2015,1,RO,Ratio,G,Global,,0.86465,0.86465,,,,Programme for the International Assessment of Adult Competencies (PIAAC),,C: Country data
4,Goal 4,Ensure inclusive and equitable quality education and promote lifelong learning opportunities for all,4.5,"By 2030, eliminate gender disparities in education and ensure equal access to all levels of education and vocational training for the vulnerable, including persons with disabilities, indigenous peoples and children in vulnerable situations",C040501,4.5.1,I/II/III,UNESCO-UIS,"Parity indices (female/male, rural/urban, bottom/top wealth quintile and others such as disability status, indigenous peoples and conflict-affected, as data become available) for all education indicators on this list that can be disaggregated",2019.Q4.G.01,"['education', 'migrants']",SE_IMP_FPOF,"Immigration status parity index for achieving at least a fixed level of proficiency in functional skills, by numeracy/literacy skills (ratio)",380,Italy,4,39,Southern Europe,Country,12.57022427,42.79917282,ITA,1,1,SKILL_LTRCY,Literacy,[2012],2012,2012,1,RO,Ratio,G,Global,0.77817,,0.77817,,,,Programme for the International Assessment of Adult Competencies (PIAAC),,C: Country data
4,Goal 4,Ensure inclusive and equitable quality education and promote lifelong learning opportunities for all,4.5,"By 2030, eliminate gender disparities in education and ensure equal access to all levels of education and vocational training for the vulnerable, including persons with disabilities, indigenous peoples and children in vulnerable situations",C040501,4.5.1,I/II/III,UNESCO-UIS,"Parity indices (female/male, rural/urban, bottom/top wealth quintile and others such as disability status, indigenous peoples and conflict-affected, as data become available) for all education indicators on this list that can be disaggregated",2019.Q4.G.01,"['education', 'migrants']",SE_IMP_FPOF,"Immigration status parity index for achieving at least a fixed level of proficiency in functional skills, by numeracy/literacy skills (ratio)",380,Italy,4,39,Southern Europe,Country,12.57022427,42.79917282,ITA,1,1,SKILL_NMRCY,Numeracy,[2012],2012,2012,1,RO,Ratio,G,Global,0.84878,,0.84878,,,,Programme for the International Assessment of Adult Competencies (PIAAC),,C: Country data
4,Goal 4,Ensure inclusive and equitable quality education and promote lifelong learning opportunities for all,4.5,"By 2030, eliminate gender disparities in education and ensure equal access to all levels of education and vocational training for the vulnerable, including persons with disabilities, indigenous peoples and children in vulnerable situations",C040501,4.5.1,I/II/III,UNESCO-UIS,"Parity indices (female/male, rural/urban, bottom/top wealth quintile and others such as disability status, indigenous peoples and conflict-affected, as data become available) for all education indicators on this list that can be disaggregated",2019.Q4.G.01,"['education', 'migrants']",SE_IMP_FPOF,"Immigration status parity index for achieving at least a fixed level of proficiency in functional skills, by numeracy/literacy skills (ratio)",40,Austria,4,155,Western Europe,Country,14.14172472,47.58704857,AUT,1,1,SKILL_LTRCY,Literacy,[2012],2012,2012,1,RO,Ratio,G,Global,0.7676,,0.7676,,,,Programme for the International Assessment of Adult Competencies (PIAAC),,C: Country data
4,Goal 4,Ensure inclusive and equitable quality education and promote lifelong learning opportunities for all,4.5,"By 2030, eliminate gender disparities in education and ensure equal access to all levels of education and vocational training for the vulnerable, including persons with disabilities, indigenous peoples and children in vulnerable situations",C040501,4.5.1,I/II/III,UNESCO-UIS,"Parity indices (female/male, rural/urban, bottom/top wealth quintile and others such as disability status, indigenous peoples and conflict-affected, as data become available) for all education indicators on this list that can be disaggregated",2019.Q4.G.01,"['education', 'migrants']",SE_IMP_FPOF,"Immigration status parity index for achieving at least a fixed level of proficiency in functional skills, by numeracy/literacy skills (ratio)",40,Austria,4,155,Western Europe,Country,14.14172472,47.58704857,AUT,1,1,SKILL_NMRCY,Numeracy,[2012],2012,2012,1,RO,Ratio,G,Global,0.76559,,0.76559,,,,Programme for the International Assessment of Adult Competencies (PIAAC),,C: Country data
4,Goal 4,Ensure inclusive and equitable quality education and promote lifelong learning opportunities for all,4.5,"By 2030, eliminate gender disparities in education and ensure equal access to all levels of education and vocational training for the vulnerable, including persons with disabilities, indigenous peoples and children in vulnerable situations",C040501,4.5.1,I/II/III,UNESCO-UIS,"Parity indices (female/male, rural/urban, bottom/top wealth quintile and others such as disability status, indigenous peoples and conflict-affected, as data become available) for all education indicators on this list that can be disaggregated",2019.Q4.G.01,"['education', 'migrants']",SE_IMP_FPOF,"Immigration status parity index for achieving at least a fixed level of proficiency in functional skills, by numeracy/literacy skills (ratio)",410,Republic of Korea,4,30,Eastern Asia,Country,127.8610254,36.45201023,KOR,1,1,SKILL_NMRCY,Numeracy,[2012],2012,2012,1,RO,Ratio,G,Global,0.71318,,0.71318,,,,Programme for the International Assessment of Adult Competencies (PIAAC),,C: Country data
4,Goal 4,Ensure inclusive and equitable quality education and promote lifelong learning opportunities for all,4.5,"By 2030, eliminate gender disparities in education and ensure equal access to all levels of education and vocational training for the vulnerable, including persons with disabilities, indigenous peoples and children in vulnerable situations",C040501,4.5.1,I/II/III,UNESCO-UIS,"Parity indices (female/male, rural/urban, bottom/top wealth quintile and others such as disability status, indigenous peoples and conflict-affected, as data become available) for all education indicators on this list that can be disaggregated",2019.Q4.G.01,"['education', 'migrants']",SE_IMP_FPOF,"Immigration status parity index for achieving at least a fixed level of proficiency in functional skills, by numeracy/literacy skills (ratio)",410,Republic of Korea,4,30,Eastern Asia,Country,127.8610254,36.45201023,KOR,1,1,SKILL_LTRCY,Literacy,[2012],2012,2012,1,RO,Ratio,G,Global,0.71037,,0.71037,,,,Programme for the International Assessment of Adult Competencies (PIAAC),,C: Country data
4,Goal 4,Ensure inclusive and equitable quality education and promote lifelong learning opportunities for all,4.5,"By 2030, eliminate gender disparities in education and ensure equal access to all levels of education and vocational training for the vulnerable, including persons with disabilities, indigenous peoples and children in vulnerable situations",C040501,4.5.1,I/II/III,UNESCO-UIS,"Parity indices (female/male, rural/urban, bottom/top wealth quintile and others such as disability status, indigenous peoples and conflict-affected, as data become available) for all education indicators on this list that can be disaggregated",2019.Q4.G.01,"['education', 'migrants']",SE_IMP_FPOF,"Immigration status parity index for achieving at least a fixed level of proficiency in functional skills, by numeracy/literacy skills (ratio)",440,Lithuania,4,154,Northern Europe,Country,23.90517807,55.33680309,LTU,1,1,SKILL_LTRCY,Literacy,[2015],2015,2015,1,RO,Ratio,G,Global,,0.90811,0.90811,,,,Programme for the International Assessment of Adult Competencies (PIAAC),,C: Country data
4,Goal 4,Ensure inclusive and equitable quality education and promote lifelong learning opportunities for all,4.5,"By 2030, eliminate gender disparities in education and ensure equal access to all levels of education and vocational training for the vulnerable, including persons with disabilities, indigenous peoples and children in vulnerable situations",C040501,4.5.1,I/II/III,UNESCO-UIS,"Parity indices (female/male, rural/urban, bottom/top wealth quintile and others such as disability status, indigenous peoples and conflict-affected, as data become available) for all education indicators on this list that can be disaggregated",2019.Q4.G.01,"['education', 'migrants']",SE_IMP_FPOF,"Immigration status parity index for achieving at least a fixed level of proficiency in functional skills, by numeracy/literacy skills (ratio)",440,Lithuania,4,154,Northern Europe,Country,23.90517807,55.33680309,LTU,1,1,SKILL_NMRCY,Numeracy,[2015],2015,2015,1,RO,Ratio,G,Global,,0.93376,0.93376,,,,Programme for the International Assessment of Adult Competencies (PIAAC),,C: Country data
4,Goal 4,Ensure inclusive and equitable quality education and promote lifelong learning opportunities for all,4.5,"By 2030, eliminate gender disparities in education and ensure equal access to all levels of education and vocational training for the vulnerable, including persons with disabilities, indigenous peoples and children in vulnerable situations",C040501,4.5.1,I/II/III,UNESCO-UIS,"Parity indices (female/male, rural/urban, bottom/top wealth quintile and others such as disability status, indigenous peoples and conflict-affected, as data become available) for all education indicators on this list that can be disaggregated",2019.Q4.G.01,"['education', 'migrants']",SE_IMP_FPOF,"Immigration status parity index for achieving at least a fixed level of proficiency in functional skills, by numeracy/literacy skills (ratio)",528,Netherlands,4,155,Western Europe,Country,5.331480568,51.86728884,NLD,1,1,SKILL_LTRCY,Literacy,[2012],2012,2012,1,RO,Ratio,G,Global,0.69597,,0.69597,,,,Programme for the International Assessment of Adult Competencies (PIAAC),,C: Country data
4,Goal 4,Ensure inclusive and equitable quality education and promote lifelong learning opportunities for all,4.5,"By 2030, eliminate gender disparities in education and ensure equal access to all levels of education and vocational training for the vulnerable, including persons with disabilities, indigenous peoples and children in vulnerable situations",C040501,4.5.1,I/II/III,UNESCO-UIS,"Parity indices (female/male, rural/urban, bottom/top wealth quintile and others such as disability status, indigenous peoples and conflict-affected, as data become available) for all education indicators on this list that can be disaggregated",2019.Q4.G.01,"['education', 'migrants']",SE_IMP_FPOF,"Immigration status parity index for achieving at least a fixed level of proficiency in functional skills, by numeracy/literacy skills (ratio)",528,Netherlands,4,155,Western Europe,Country,5.331480568,51.86728884,NLD,1,1,SKILL_NMRCY,Numeracy,[2012],2012,2012,1,RO,Ratio,G,Global,0.68326,,0.68326,,,,Programme for the International Assessment of Adult Competencies (PIAAC),,C: Country data
4,Goal 4,Ensure inclusive and equitable quality education and promote lifelong learning opportunities for all,4.5,"By 2030, eliminate gender disparities in education and ensure equal access to all levels of education and vocational training for the vulnerable, including persons with disabilities, indigenous peoples and children in vulnerable situations",C040501,4.5.1,I/II/III,UNESCO-UIS,"Parity indices (female/male, rural/urban, bottom/top wealth quintile and others such as disability status, indigenous peoples and conflict-affected, as data become available) for all education indicators on this list that can be disaggregated",2019.Q4.G.01,"['education', 'migrants']",SE_IMP_FPOF,"Immigration status parity index for achieving at least a fixed level of proficiency in functional skills, by numeracy/literacy skills (ratio)",554,New Zealand,4,53,Australia and New Zealand,Country,170.4755673,-43.98721568,NZL,1,1,SKILL_NMRCY,Numeracy,[2015],2015,2015,1,RO,Ratio,G,Global,,0.9604,0.9604,,,,Programme for the International Assessment of Adult Competencies (PIAAC),,C: Country data
4,Goal 4,Ensure inclusive and equitable quality education and promote lifelong learning opportunities for all,4.5,"By 2030, eliminate gender disparities in education and ensure equal access to all levels of education and vocational training for the vulnerable, including persons with disabilities, indigenous peoples and children in vulnerable situations",C040501,4.5.1,I/II/III,UNESCO-UIS,"Parity indices (female/male, rural/urban, bottom/top wealth quintile and others such as disability status, indigenous peoples and conflict-affected, as data become available) for all education indicators on this list that can be disaggregated",2019.Q4.G.01,"['education', 'migrants']",SE_IMP_FPOF,"Immigration status parity index for achieving at least a fixed level of proficiency in functional skills, by numeracy/literacy skills (ratio)",554,New Zealand,4,53,Australia and New Zealand,Country,170.4755673,-43.98721568,NZL,1,1,SKILL_LTRCY,Literacy,[2015],2015,2015,1,RO,Ratio,G,Global,,0.93468,0.93468,,,,Programme for the International Assessment of Adult Competencies (PIAAC),,C: Country data
4,Goal 4,Ensure inclusive and equitable quality education and promote lifelong learning opportunities for all,4.5,"By 2030, eliminate gender disparities in education and ensure equal access to all levels of education and vocational training for the vulnerable, including persons with disabilities, indigenous peoples and children in vulnerable situations",C040501,4.5.1,I/II/III,UNESCO-UIS,"Parity indices (female/male, rural/urban, bottom/top wealth quintile and others such as disability status, indigenous peoples and conflict-affected, as data become available) for all education indicators on this list that can be disaggregated",2019.Q4.G.01,"['education', 'migrants']",SE_IMP_FPOF,"Immigration status parity index for achieving at least a fixed level of proficiency in functional skills, by numeracy/literacy skills (ratio)",56,Belgium,4,155,Western Europe,Country,4.660976456,50.64104975,BEL,1,1,SKILL_NMRCY,Numeracy,[2012],2012,2012,1,RO,Ratio,G,Global,0.76798,,0.76798,,,,Flemish Region only. Programme for the International Assessment of Adult Competencies (PIACC),,C: Country data
4,Goal 4,Ensure inclusive and equitable quality education and promote lifelong learning opportunities for all,4.5,"By 2030, eliminate gender disparities in education and ensure equal access to all levels of education and vocational training for the vulnerable, including persons with disabilities, indigenous peoples and children in vulnerable situations",C040501,4.5.1,I/II/III,UNESCO-UIS,"Parity indices (female/male, rural/urban, bottom/top wealth quintile and others such as disability status, indigenous peoples and conflict-affected, as data become available) for all education indicators on this list that can be disaggregated",2019.Q4.G.01,"['education', 'migrants']",SE_IMP_FPOF,"Immigration status parity index for achieving at least a fixed level of proficiency in functional skills, by numeracy/literacy skills (ratio)",56,Belgium,4,155,Western Europe,Country,4.660976456,50.64104975,BEL,1,1,SKILL_LTRCY,Literacy,[2012],2012,2012,1,RO,Ratio,G,Global,0.71704,,0.71704,,,,Flemish Region only. Programme for the International Assessment of Adult Competencies (PIACC),,C: Country data
4,Goal 4,Ensure inclusive and equitable quality education and promote lifelong learning opportunities for all,4.5,"By 2030, eliminate gender disparities in education and ensure equal access to all levels of education and vocational training for the vulnerable, including persons with disabilities, indigenous peoples and children in vulnerable situations",C040501,4.5.1,I/II/III,UNESCO-UIS,"Parity indices (female/male, rural/urban, bottom/top wealth quintile and others such as disability status, indigenous peoples and conflict-affected, as data become available) for all education indicators on this list that can be disaggregated",2019.Q4.G.01,"['education', 'migrants']",SE_IMP_FPOF,"Immigration status parity index for achieving at least a fixed level of proficiency in functional skills, by numeracy/literacy skills (ratio)",578,Norway,4,154,Northern Europe,Country,11.47846389,61.34311134,NOR,1,1,SKILL_LTRCY,Literacy,[2012],2012,2012,1,RO,Ratio,G,Global,0.71197,,0.71197,,,,Programme for the International Assessment of Adult Competencies (PIAAC),,C: Country data
4,Goal 4,Ensure inclusive and equitable quality education and promote lifelong learning opportunities for all,4.5,"By 2030, eliminate gender disparities in education and ensure equal access to all levels of education and vocational training for the vulnerable, including persons with disabilities, indigenous peoples and children in vulnerable situations",C040501,4.5.1,I/II/III,UNESCO-UIS,"Parity indices (female/male, rural/urban, bottom/top wealth quintile and others such as disability status, indigenous peoples and conflict-affected, as data become available) for all education indicators on this list that can be disaggregated",2019.Q4.G.01,"['education', 'migrants']",SE_IMP_FPOF,"Immigration status parity index for achieving at least a fixed level of proficiency in functional skills, by numeracy/literacy skills (ratio)",578,Norway,4,154,Northern Europe,Country,11.47846389,61.34311134,NOR,1,1,SKILL_NMRCY,Numeracy,[2012],2012,2012,1,RO,Ratio,G,Global,0.67671,,0.67671,,,,Programme for the International Assessment of Adult Competencies (PIAAC),,C: Country data
4,Goal 4,Ensure inclusive and equitable quality education and promote lifelong learning opportunities for all,4.5,"By 2030, eliminate gender disparities in education and ensure equal access to all levels of education and vocational training for the vulnerable, including persons with disabilities, indigenous peoples and children in vulnerable situations",C040501,4.5.1,I/II/III,UNESCO-UIS,"Parity indices (female/male, rural/urban, bottom/top wealth quintile and others such as disability status, indigenous peoples and conflict-affected, as data become available) for all education indicators on this list that can be disaggregated",2019.Q4.G.01,"['education', 'migrants']",SE_IMP_FPOF,"Immigration status parity index for achieving at least a fixed level of proficiency in functional skills, by numeracy/literacy skills (ratio)",643,Russian Federation,4,151,Eastern Europe,Country,99.01404926,61.61899849,RUS,1,1,SKILL_LTRCY,Literacy,[2012],2012,2012,1,RO,Ratio,G,Global,0.91855,,0.91855,,,,The sample excludes the population of the Moscow municipal area. Programme for the International Assessment of Adult Competencies (PIACC),,C: Country data
4,Goal 4,Ensure inclusive and equitable quality education and promote lifelong learning opportunities for all,4.5,"By 2030, eliminate gender disparities in education and ensure equal access to all levels of education and vocational training for the vulnerable, including persons with disabilities, indigenous peoples and children in vulnerable situations",C040501,4.5.1,I/II/III,UNESCO-UIS,"Parity indices (female/male, rural/urban, bottom/top wealth quintile and others such as disability status, indigenous peoples and conflict-affected, as data become available) for all education indicators on this list that can be disaggregated",2019.Q4.G.01,"['education', 'migrants']",SE_IMP_FPOF,"Immigration status parity index for achieving at least a fixed level of proficiency in functional skills, by numeracy/literacy skills (ratio)",643,Russian Federation,4,151,Eastern Europe,Country,99.01404926,61.61899849,RUS,1,1,SKILL_NMRCY,Numeracy,[2012],2012,2012,1,RO,Ratio,G,Global,0.89972,,0.89972,,,,The sample excludes the population of the Moscow municipal area. Programme for the International Assessment of Adult Competencies (PIACC),,C: Country data
4,Goal 4,Ensure inclusive and equitable quality education and promote lifelong learning opportunities for all,4.5,"By 2030, eliminate gender disparities in education and ensure equal access to all levels of education and vocational training for the vulnerable, including persons with disabilities, indigenous peoples and children in vulnerable situations",C040501,4.5.1,I/II/III,UNESCO-UIS,"Parity indices (female/male, rural/urban, bottom/top wealth quintile and others such as disability status, indigenous peoples and conflict-affected, as data become available) for all education indicators on this list that can be disaggregated",2019.Q4.G.01,"['education', 'migrants']",SE_IMP_FPOF,"Immigration status parity index for achieving at least a fixed level of proficiency in functional skills, by numeracy/literacy skills (ratio)",702,Singapore,4,35,South-Eastern Asia,Country,103.8107883,1.361009155,SGP,1,1,SKILL_LTRCY,Literacy,[2015],2015,2015,1,RO,Ratio,G,Global,,0.97842,0.97842,,,,Programme for the International Assessment of Adult Competencies (PIAAC),,C: Country data
4,Goal 4,Ensure inclusive and equitable quality education and promote lifelong learning opportunities for all,4.5,"By 2030, eliminate gender disparities in education and ensure equal access to all levels of education and vocational training for the vulnerable, including persons with disabilities, indigenous peoples and children in vulnerable situations",C040501,4.5.1,I/II/III,UNESCO-UIS,"Parity indices (female/male, rural/urban, bottom/top wealth quintile and others such as disability status, indigenous peoples and conflict-affected, as data become available) for all education indicators on this list that can be disaggregated",2019.Q4.G.01,"['education', 'migrants']",SE_IMP_FPOF,"Immigration status parity index for achieving at least a fixed level of proficiency in functional skills, by numeracy/literacy skills (ratio)",702,Singapore,4,35,South-Eastern Asia,Country,103.8107883,1.361009155,SGP,1,1,SKILL_NMRCY,Numeracy,[2015],2015,2015,1,RO,Ratio,G,Global,,1.02106,1.02106,,,,Programme for the International Assessment of Adult Competencies (PIAAC),,C: Country data
4,Goal 4,Ensure inclusive and equitable quality education and promote lifelong learning opportunities for all,4.5,"By 2030, eliminate gender disparities in education and ensure equal access to all levels of education and vocational training for the vulnerable, including persons with disabilities, indigenous peoples and children in vulnerable situations",C040501,4.5.1,I/II/III,UNESCO-UIS,"Parity indices (female/male, rural/urban, bottom/top wealth quintile and others such as disability status, indigenous peoples and conflict-affected, as data become available) for all education indicators on this list that can be disaggregated",2019.Q4.G.01,"['education', 'migrants']",SE_IMP_FPOF,"Immigration status parity index for achieving at least a fixed level of proficiency in functional skills, by numeracy/literacy skills (ratio)",703,Slovakia,4,151,Eastern Europe,Country,19.48495604,48.70741446,SVK,1,1,SKILL_LTRCY,Literacy,[2012],2012,2012,1,RO,Ratio,G,Global,0.97845,,0.97845,,,,Programme for the International Assessment of Adult Competencies (PIAAC),,C: Country data
4,Goal 4,Ensure inclusive and equitable quality education and promote lifelong learning opportunities for all,4.5,"By 2030, eliminate gender disparities in education and ensure equal access to all levels of education and vocational training for the vulnerable, including persons with disabilities, indigenous peoples and children in vulnerable situations",C040501,4.5.1,I/II/III,UNESCO-UIS,"Parity indices (female/male, rural/urban, bottom/top wealth quintile and others such as disability status, indigenous peoples and conflict-affected, as data become available) for all education indicators on this list that can be disaggregated",2019.Q4.G.01,"['education', 'migrants']",SE_IMP_FPOF,"Immigration status parity index for achieving at least a fixed level of proficiency in functional skills, by numeracy/literacy skills (ratio)",703,Slovakia,4,151,Eastern Europe,Country,19.48495604,48.70741446,SVK,1,1,SKILL_NMRCY,Numeracy,[2012],2012,2012,1,RO,Ratio,G,Global,0.93639,,0.93639,,,,Programme for the International Assessment of Adult Competencies (PIAAC),,C: Country data
4,Goal 4,Ensure inclusive and equitable quality education and promote lifelong learning opportunities for all,4.5,"By 2030, eliminate gender disparities in education and ensure equal access to all levels of education and vocational training for the vulnerable, including persons with disabilities, indigenous peoples and children in vulnerable situations",C040501,4.5.1,I/II/III,UNESCO-UIS,"Parity indices (female/male, rural/urban, bottom/top wealth quintile and others such as disability status, indigenous peoples and conflict-affected, as data become available) for all education indicators on this list that can be disaggregated",2019.Q4.G.01,"['education', 'migrants']",SE_IMP_FPOF,"Immigration status parity index for achieving at least a fixed level of proficiency in functional skills, by numeracy/literacy skills (ratio)",705,Slovenia,4,39,Southern Europe,Country,14.82209486,46.11958061,SVN,1,1,SKILL_NMRCY,Numeracy,[2015],2015,2015,1,RO,Ratio,G,Global,,0.67954,0.67954,,,,Programme for the International Assessment of Adult Competencies (PIAAC),,C: Country data
4,Goal 4,Ensure inclusive and equitable quality education and promote lifelong learning opportunities for all,4.5,"By 2030, eliminate gender disparities in education and ensure equal access to all levels of education and vocational training for the vulnerable, including persons with disabilities, indigenous peoples and children in vulnerable situations",C040501,4.5.1,I/II/III,UNESCO-UIS,"Parity indices (female/male, rural/urban, bottom/top wealth quintile and others such as disability status, indigenous peoples and conflict-affected, as data become available) for all education indicators on this list that can be disaggregated",2019.Q4.G.01,"['education', 'migrants']",SE_IMP_FPOF,"Immigration status parity index for achieving at least a fixed level of proficiency in functional skills, by numeracy/literacy skills (ratio)",705,Slovenia,4,39,Southern Europe,Country,14.82209486,46.11958061,SVN,1,1,SKILL_LTRCY,Literacy,[2015],2015,2015,1,RO,Ratio,G,Global,,0.7442,0.7442,,,,Programme for the International Assessment of Adult Competencies (PIAAC),,C: Country data
4,Goal 4,Ensure inclusive and equitable quality education and promote lifelong learning opportunities for all,4.5,"By 2030, eliminate gender disparities in education and ensure equal access to all levels of education and vocational training for the vulnerable, including persons with disabilities, indigenous peoples and children in vulnerable situations",C040501,4.5.1,I/II/III,UNESCO-UIS,"Parity indices (female/male, rural/urban, bottom/top wealth quintile and others such as disability status, indigenous peoples and conflict-affected, as data become available) for all education indicators on this list that can be disaggregated",2019.Q4.G.01,"['education', 'migrants']",SE_IMP_FPOF,"Immigration status parity index for achieving at least a fixed level of proficiency in functional skills, by numeracy/literacy skills (ratio)",724,Spain,4,39,Southern Europe,Country,-3.554078296,40.39211472,ESP,1,1,SKILL_LTRCY,Literacy,[2012],2012,2012,1,RO,Ratio,G,Global,0.77081,,0.77081,,,,Programme for the International Assessment of Adult Competencies (PIAAC),,C: Country data
4,Goal 4,Ensure inclusive and equitable quality education and promote lifelong learning opportunities for all,4.5,"By 2030, eliminate gender disparities in education and ensure equal access to all levels of education and vocational training for the vulnerable, including persons with disabilities, indigenous peoples and children in vulnerable situations",C040501,4.5.1,I/II/III,UNESCO-UIS,"Parity indices (female/male, rural/urban, bottom/top wealth quintile and others such as disability status, indigenous peoples and conflict-affected, as data become available) for all education indicators on this list that can be disaggregated",2019.Q4.G.01,"['education', 'migrants']",SE_IMP_FPOF,"Immigration status parity index for achieving at least a fixed level of proficiency in functional skills, by numeracy/literacy skills (ratio)",724,Spain,4,39,Southern Europe,Country,-3.554078296,40.39211472,ESP,1,1,SKILL_NMRCY,Numeracy,[2012],2012,2012,1,RO,Ratio,G,Global,0.77117,,0.77117,,,,Programme for the International Assessment of Adult Competencies (PIAAC),,C: Country data
4,Goal 4,Ensure inclusive and equitable quality education and promote lifelong learning opportunities for all,4.5,"By 2030, eliminate gender disparities in education and ensure equal access to all levels of education and vocational training for the vulnerable, including persons with disabilities, indigenous peoples and children in vulnerable situations",C040501,4.5.1,I/II/III,UNESCO-UIS,"Parity indices (female/male, rural/urban, bottom/top wealth quintile and others such as disability status, indigenous peoples and conflict-affected, as data become available) for all education indicators on this list that can be disaggregated",2019.Q4.G.01,"['education', 'migrants']",SE_IMP_FPOF,"Immigration status parity index for achieving at least a fixed level of proficiency in functional skills, by numeracy/literacy skills (ratio)",752,Sweden,4,154,Northern Europe,Country,14.3775338,60.60103109,SWE,1,1,SKILL_LTRCY,Literacy,[2012],2012,2012,1,RO,Ratio,G,Global,0.62251,,0.62251,,,,Programme for the International Assessment of Adult Competencies (PIAAC),,C: Country data
4,Goal 4,Ensure inclusive and equitable quality education and promote lifelong learning opportunities for all,4.5,"By 2030, eliminate gender disparities in education and ensure equal access to all levels of education and vocational training for the vulnerable, including persons with disabilities, indigenous peoples and children in vulnerable situations",C040501,4.5.1,I/II/III,UNESCO-UIS,"Parity indices (female/male, rural/urban, bottom/top wealth quintile and others such as disability status, indigenous peoples and conflict-affected, as data become available) for all education indicators on this list that can be disaggregated",2019.Q4.G.01,"['education', 'migrants']",SE_IMP_FPOF,"Immigration status parity index for achieving at least a fixed level of proficiency in functional skills, by numeracy/literacy skills (ratio)",752,Sweden,4,154,Northern Europe,Country,14.3775338,60.60103109,SWE,1,1,SKILL_NMRCY,Numeracy,[2012],2012,2012,1,RO,Ratio,G,Global,0.63196,,0.63196,,,,Programme for the International Assessment of Adult Competencies (PIAAC),,C: Country data
4,Goal 4,Ensure inclusive and equitable quality education and promote lifelong learning opportunities for all,4.5,"By 2030, eliminate gender disparities in education and ensure equal access to all levels of education and vocational training for the vulnerable, including persons with disabilities, indigenous peoples and children in vulnerable situations",C040501,4.5.1,I/II/III,UNESCO-UIS,"Parity indices (female/male, rural/urban, bottom/top wealth quintile and others such as disability status, indigenous peoples and conflict-affected, as data become available) for all education indicators on this list that can be disaggregated",2019.Q4.G.01,"['education', 'migrants']",SE_IMP_FPOF,"Immigration status parity index for achieving at least a fixed level of proficiency in functional skills, by numeracy/literacy skills (ratio)",840,United States of America,4,21,Northern America,Country,-99.13830311,39.5277871,USA,1,1,SKILL_LTRCY,Literacy,[2012],2012,2012,1,RO,Ratio,G,Global,0.69541,,0.69541,,,,Programme for the International Assessment of Adult Competencies (PIAAC),,C: Country data
4,Goal 4,Ensure inclusive and equitable quality education and promote lifelong learning opportunities for all,4.5,"By 2030, eliminate gender disparities in education and ensure equal access to all levels of education and vocational training for the vulnerable, including persons with disabilities, indigenous peoples and children in vulnerable situations",C040501,4.5.1,I/II/III,UNESCO-UIS,"Parity indices (female/male, rural/urban, bottom/top wealth quintile and others such as disability status, indigenous peoples and conflict-affected, as data become available) for all education indicators on this list that can be disaggregated",2019.Q4.G.01,"['education', 'migrants']",SE_IMP_FPOF,"Immigration status parity index for achieving at least a fixed level of proficiency in functional skills, by numeracy/literacy skills (ratio)",840,United States of America,4,21,Northern America,Country,-99.13830311,39.5277871,USA,1,1,SKILL_NMRCY,Numeracy,[2012],2012,2012,1,RO,Ratio,G,Global,0.70032,,0.70032,,,,Programme for the International Assessment of Adult Competencies (PIAAC),,C: Country data
